tt0099578,5.6
tt0100083,6.3
tt0099785,5.4
tt0099653,6.4
tt0099582,6.3
tt0100168,6.0
tt0099329,6.5
tt0099739,5.3
tt0100507,6.4
tt0099800,5.2
tt0100405,5.5
tt0099871,6.4
tt0100260,5.8
tt0100419,5.9
tt0101371,5.2
tt0100150,7.2
tt0099348,8.0
tt0100240,5.3
tt0100129,5.3
tt0099611,5.2
tt0100114,5.2
tt0100157,6.4
tt0099165,5.4
tt0101393,5.2
tt0099253,5.3
tt0099817,5.5
tt0100140,6.1
tt0099697,4.8
tt0100201,5.4
tt0099674,6.6
tt0099700,6.4
tt0099423,6.4
tt0099747,6.0
tt0101615,4.7
tt0100258,6.2
tt0100594,6.5
tt0099685,8.3
tt0099810,6.5
tt0101786,5.4
tt0099487,7.2
tt0100666,5.3
tt0101507,6.5
tt0101410,7.2
tt0101889,6.9
tt0100935,7.0
tt0100828,6.2
tt0099422,5.2
tt0099371,6.0
tt0102175,6.0
tt0101587,6.1
tt0102116,6.9
tt0099938,6.1
tt0099740,6.0
tt0102059,5.8
tt0101757,6.0
tt0102411,6.0
tt0102631,6.5
tt0102614,5.2
tt0100403,6.0
tt0099052,5.9
tt0101272,6.0
tt0101701,5.7
tt0100029,5.6
tt0099142,5.6
tt0101761,6.6
tt0102757,6.5
tt0101540,6.6
tt0103007,5.4
tt0100502,5.6
tt0099088,6.6
tt0101921,7.4
tt0101373,6.7
tt0102558,4.8
tt0101917,5.2
tt0103074,6.3
tt0102753,6.7
tt0100814,5.8
tt0102034,4.7
tt0102782,4.8
tt0102266,6.9
tt0100740,6.2
tt0102926,6.9
tt0102915,6.1
tt0103594,6.5
tt0100477,7.0
tt0102687,6.5
tt0100758,6.5
tt0102603,6.2
tt0102900,6.5
tt0102460,6.1
tt0102526,6.4
tt0102945,6.1
tt0102818,5.4
tt0103772,5.3
tt0103064,6.8
tt0102685,6.1
tt0102849,5.5
tt0103855,6.5
tt0099365,5.7
tt0098987,6.0
tt0102070,5.7
tt0102749,5.9
tt0104036,6.8
tt0104006,6.1
tt0101700,7.3
tt0102798,5.7
tt0103977,5.7
tt0102138,7.5
tt0104549,6.2
tt0104215,4.7
tt0103759,6.4
tt0104376,6.0
tt0101902,6.1
tt0104225,6.3
tt0104109,5.6
tt0104389,6.8
tt0103060,6.0
tt0103241,6.5
tt0103874,5.7
tt0103976,6.3
tt0103919,5.7
tt0103956,5.3
tt0104804,5.1
tt0100802,6.5
tt0104815,5.7
tt0104868,5.8
tt0101764,5.6
tt0104952,6.6
tt0102510,6.3
tt0104107,6.1
tt0099044,5.8
tt0105128,5.7
tt0104431,4.9
tt0104348,6.7
tt0104257,7.5
tt0103859,5.2
tt0102057,6.5
tt0105211,4.8
tt0102395,4.0
tt0103924,5.5
tt0105378,6.9
tt0104231,6.3
tt0103247,6.1
tt0105017,6.8
tt0105690,5.5
tt0105695,6.6
tt0105151,6.8
tt0103776,6.2
tt0105078,5.9
tt0104573,7.1
tt0104692,5.4
tt0103962,5.3
tt0103873,7.9
tt0106453,5.8
tt0105414,6.1
tt0105652,7.2
tt0105112,6.6
tt0104928,6.1
tt0102803,5.7
tt0105508,6.3
tt0106505,5.3
tt0106627,5.6
tt0104558,6.8
tt0104409,4.9
tt0104694,6.6
tt0106677,7.3
tt0105219,5.4
tt0102975,6.7
tt0105236,7.7
tt0106246,6.8
tt0106447,5.6
tt0106856,5.0
tt0106519,7.3
tt0104850,6.0
tt0104797,7.2
tt0103644,6.2
tt0106489,6.9
tt0106226,7.4
tt0106233,6.2
tt0107034,6.5
tt0102802,5.7
tt0107076,5.4
tt0105104,5.7
tt0106664,6.1
tt0106375,5.2
tt0106464,6.3
tt0106701,5.1
tt0107206,6.6
tt0107277,5.7
tt0104779,6.8
tt0105323,7.5
tt0104714,6.7
tt0106521,3.9
tt0105665,6.7
tt0106941,5.9
tt0106912,6.5
tt0106557,4.8
tt0105793,6.3
tt0107387,4.7
tt0107151,6.9
tt0107504,4.6
tt0107808,6.8
tt0104437,4.8
tt0107719,5.7
tt0107822,6.1
tt0105488,7.0
tt0107840,6.5
tt0107211,5.4
tt0107818,6.8
tt0107004,6.4
tt0107953,4.2
tt0106582,6.4
tt0106965,5.7
tt0105824,6.4
tt0104691,7.7
tt0108000,7.1
tt0101414,7.5
tt0107048,6.5
tt0108002,6.7
tt0107507,6.7
tt0107156,7.3
tt0108041,6.9
tt0106761,4.5
tt0107290,6.4
tt0107750,6.3
tt0108174,5.5
tt0106918,6.3
tt0107207,7.5
tt0108320,6.9
tt0105399,6.4
tt0107302,5.9
tt0107943,7.1
tt0107282,7.1
tt0106611,6.4
tt0108358,7.0
tt0109067,5.9
tt0106977,6.5
tt0106364,7.4
tt0107144,5.9
tt0106697,6.3
tt0107426,6.3
tt0108399,7.7
tt0109190,5.4
tt0106452,5.7
tt0109370,7.1
tt0107120,6.1
tt0106770,6.6
tt0107614,6.5
tt0109445,6.6
tt0108052,8.0
tt0109402,5.5
tt0107688,7.1
tt0107254,4.6
tt0108162,5.4
tt0108550,7.4
tt0109831,7.2
tt0107362,6.3
tt0108333,6.0
tt0109368,6.2
tt0107554,6.8
tt0110186,6.5
tt0107659,5.9
tt0110265,6.9
tt0110399,5.3
tt0106950,5.3
tt0107594,6.1
tt0109447,5.2
tt0110413,6.3
tt0110598,6.4
tt0109635,6.4
tt0108308,5.4
tt0108255,5.8
tt0109830,7.8
tt0110005,7.9
tt0109254,5.6
tt0110057,7.6
tt0110148,6.7
tt0110066,5.7
tt0110950,6.6
tt0110971,6.0
tt0110289,6.3
tt0110216,5.1
tt0109446,6.5
tt0108160,6.1
tt0109707,6.6
tt0109456,5.9
tt0109506,5.7
tt0107977,6.2
tt0109686,5.7
tt0111187,6.4
tt0109813,5.3
tt0110725,4.8
tt0109040,6.3
tt0110657,5.1
tt0111257,5.9
tt0109836,6.4
tt0107978,5.4
tt0111301,5.3
tt0110729,7.6
tt0110322,6.4
tt0110759,6.0
tt0111323,5.5
tt0111400,6.3
tt0110329,4.4
tt0112346,7.3
tt0110475,6.2
tt0109444,6.9
tt0111143,6.3
tt0111161,8.2
tt0111255,5.5
tt0111070,5.7
tt0112573,6.6
tt0112571,6.3
tt0111282,5.8
tt0110944,6.0
tt0110978,4.1
tt0112851,5.7
tt0111419,6.1
tt0110912,7.8
tt0110027,4.9
tt0112281,5.1
tt0111686,5.6
tt0111756,6.2
tt0110955,6.9
tt0112579,6.7
tt0108187,4.5
tt0110632,7.2
tt0112471,7.7
tt0112541,6.5
tt0112715,6.4
tt0111333,5.5
tt0113243,5.4
tt0113277,7.3
tt0112508,5.8
tt0112818,7.4
tt0112864,6.4
tt0108395,5.7
tt0112883,6.7
tt0112857,6.8
tt0113463,6.5
tt0113010,4.7
tt0113409,5.8
tt0109376,2.8
tt0113451,5.3
tt0112431,6.4
tt0110763,6.2
tt0113118,5.7
tt0113540,6.0
tt0113161,6.3
tt0113808,5.4
tt0113677,6.6
tt0112740,6.6
tt0110622,6.0
tt0112642,6.0
tt0113749,6.6
tt0111579,7.8
tt0112641,8.3
tt0113347,6.5
tt0113326,6.7
tt0113819,6.9
tt0110146,5.8
tt0111503,6.2
tt0113972,6.7
tt0112384,7.4
tt0114011,6.1
tt0112442,6.2
tt0113691,6.2
tt0114287,6.9
tt0113481,5.8
tt0114194,5.2
tt0114214,6.8
tt0114478,6.4
tt0114369,6.6
tt0114508,4.6
tt0113627,6.9
tt0114436,5.3
tt0113253,5.4
tt0111438,5.6
tt0113965,4.6
tt0112870,6.8
tt0113957,5.2
tt0113303,5.6
tt0114660,6.4
tt0114666,5.0
tt0113101,6.4
tt0114814,6.9
tt0114113,6.5
tt0112401,6.9
tt0114108,5.6
tt0113189,6.7
tt0113071,6.4
tt0111280,6.8
tt0113845,5.8
tt0114345,5.1
tt0114388,7.0
tt0113362,6.7
tt0115571,6.3
tt0114609,5.6
tt0115676,5.7
tt0113820,4.9
tt0114576,5.5
tt0114681,6.6
tt0113855,4.9
tt0112462,5.9
tt0115759,5.9
tt0113987,7.0
tt0115798,6.0
tt0115956,6.7
tt0114898,6.2
tt0114558,7.1
tt0114367,6.0
tt0112682,7.3
tt0116040,5.8
tt0112760,5.5
tt0115433,5.4
tt0116118,6.4
tt0115734,7.5
tt0115736,7.1
tt0114924,6.6
tt0114172,5.3
tt0115906,6.5
tt0114746,7.4
tt0116320,5.0
tt0114697,4.1
tt0114614,5.5
tt0114781,5.6
tt0116324,7.0
tt0116404,6.1
tt0116409,6.5
tt0115986,6.0
tt0114296,6.4
tt0116191,6.5
tt0114885,6.1
tt0116514,4.6
tt0114095,6.6
tt0116209,7.1
tt0116277,5.9
tt0116313,6.1
tt0115783,6.0
tt0116253,5.9
tt0116269,6.9
tt0116695,7.0
tt0116282,7.2
tt0116705,4.8
tt0115862,6.1
tt0113492,5.8
tt0116985,6.0
tt0116905,6.6
tt0116365,7.8
tt0103639,7.5
tt0116367,6.5
tt0115632,6.9
tt0116136,5.6
tt0117001,5.9
tt0116483,5.8
tt0115963,5.9
tt0117039,6.8
tt0116629,5.8
tt0117011,5.8
tt0117333,6.0
tt0116250,6.8
tt0116707,5.4
tt0116778,6.0
tt0113497,6.3
tt0117589,7.4
tt0117571,6.0
tt0116722,6.7
tt0116922,7.1
tt0117628,6.2
tt0117653,5.5
tt0117718,6.4
tt0117002,6.2
tt0116654,5.6
tt0117318,5.9
tt0117331,5.4
tt0117802,6.4
tt0115857,5.7
tt0116322,5.2
tt0116743,6.2
tt0116830,6.4
tt0118531,6.1
tt0117665,7.0
tt0117666,7.1
tt0118571,5.5
tt0116213,6.2
tt0117008,6.7
tt0115994,6.3
tt0117724,5.9
tt0116225,5.6
tt0114536,4.8
tt0114825,4.7
tt0114887,6.6
tt0118577,5.3
tt0117791,6.4
tt0117765,4.9
tt0117786,6.6
tt0117104,6.1
tt0117913,6.6
tt0117951,7.1
tt0116683,6.4
tt0117998,6.3
tt0117603,5.3
tt0117509,6.8
tt0118607,7.3
tt0118548,6.6
tt0118655,6.1
tt0118749,7.5
tt0117477,7.0
tt0118564,6.7
tt0118849,7.8
tt0117438,6.6
tt0118880,6.4
tt0118842,6.6
tt0118589,3.8
tt0118883,6.7
tt0118887,7.1
tt0117420,5.4
tt0114709,7.3
tt0118956,5.9
tt0118736,5.8
tt0118928,5.8
tt0118623,6.1
tt0118158,6.7
tt0118688,6.4
tt0118570,5.0
tt0117705,6.0
tt0118661,4.4
tt0118715,7.2
tt0118799,7.8
tt0119099,6.4
tt0118583,6.5
tt0119038,6.1
tt0119081,5.6
tt0119164,6.9
tt0117060,6.8
tt0118615,4.9
tt0117372,5.5
tt0119210,6.2
tt0117500,7.4
tt0119303,5.4
tt0119177,7.0
tt0119256,7.5
tt0119304,5.6
tt0118798,6.7
tt0118789,7.1
tt0118604,5.6
tt0118771,6.4
tt0119517,5.8
tt0117826,5.7
tt0118971,7.1
tt0118998,5.3
tt0119142,5.7
tt0119217,7.4
tt0117218,5.6
tt0119223,6.3
tt0119174,5.2
tt0118689,6.7
tt0119396,6.8
tt0117731,6.8
tt0116996,6.3
tt0119324,6.7
tt0119116,6.3
tt0119346,6.9
tt0119008,7.4
tt0119079,6.8
tt0119345,5.7
tt0119468,6.2
tt0119664,6.1
tt0119123,5.6
tt0118747,5.5
tt0119137,5.0
tt0119349,7.3
tt0119746,5.9
tt0119738,6.1
tt0119698,7.8
tt0118826,7.6
tt0119715,5.5
tt0119314,6.7
tt0119550,7.3
tt0119558,6.8
tt0119832,5.9
tt0119528,6.0
tt0118929,6.8
tt0119173,6.0
tt0119578,6.2
tt0119567,6.5
tt0119906,5.7
tt0118617,6.5
tt0118972,6.3
tt0118665,3.1
tt0119579,5.4
tt0120008,5.3
tt0120094,6.8
tt0120148,6.8
tt0119668,6.5
tt0119395,5.6
tt0118884,7.2
tt0120338,7.4
tt0119488,6.9
tt0120157,6.6
tt0119934,7.0
tt0120382,7.0
tt0120347,6.5
tt0120467,5.3
tt0119937,6.5
tt0120390,4.7
tt0119654,6.7
tt0120524,4.6
tt0120577,6.3
tt0120531,5.1
tt0120122,6.5
tt0120102,6.9
tt0120082,5.9
tt0120107,5.4
tt0120586,6.6
tt0120201,6.2
tt0120188,6.8
tt0120399,6.7
tt0120601,7.4
tt0120611,6.0
tt0119822,7.3
tt0120484,5.8
tt0119951,6.5
tt0120389,4.4
tt0120255,6.9
tt0119978,6.9
tt0119925,6.5
tt0120655,6.6
tt0120645,5.4
tt0120042,6.8
tt0120434,5.5
tt0120660,5.7
tt0120244,6.5
tt0119870,4.8
tt0120207,4.4
tt0120458,4.8
tt0120696,5.9
tt0120483,6.6
tt0120633,6.8
tt0120722,6.9
tt0120646,6.5
tt0120177,5.1
tt0120735,6.9
tt0120647,6.5
tt0120184,6.2
tt0120587,6.3
tt0119675,6.3
tt0120053,6.4
tt0120684,7.1
tt0120689,6.7
tt0120604,4.5
tt0120620,6.9
tt0120693,7.4
tt0120657,6.2
tt0120631,6.7
tt0120777,6.3
tt0120804,5.9
tt0120179,4.6
tt0119707,4.2
tt0120595,6.3
tt0120738,5.7
tt0120815,6.7
tt0120616,6.5
tt0120004,6.0
tt0120663,6.7
tt0120828,5.6
tt0120768,6.6
tt0120703,6.1
tt0120780,6.3
tt0120794,6.4
tt0120787,6.4
tt0120802,6.9
tt0120667,6.4
tt0119643,6.9
tt0120632,6.7
tt0120681,6.7
tt0120888,6.0
tt0120890,5.0
tt0120906,6.8
tt0120907,5.6
tt0120630,6.8
tt0120596,5.0
tt0120764,5.6
tt0120857,6.7
tt0120863,7.6
tt0120915,6.7
tt0120679,7.3
tt0118829,6.6
tt0120770,6.1
tt0120889,6.1
tt0120873,6.1
tt0120784,6.4
tt0121766,6.7
tt0122194,5.4
tt0120591,6.5
tt0120669,7.3
tt0120737,8.0
tt0120812,6.3
tt0120757,5.3
tt0120832,6.4
tt0120694,5.4
tt0120836,5.2
tt0124102,4.9
tt0120755,6.7
tt0120623,7.2
tt0120769,6.3
tt0124179,6.0
tt0120791,6.3
tt0124718,6.0
tt0124198,6.9
tt0125439,7.2
tt0127536,6.4
tt0120885,7.0
tt0120902,6.9
tt0120903,7.2
tt0122541,6.8
tt0120685,5.9
tt0123964,5.9
tt0123948,6.9
tt0130827,7.5
tt0120363,7.7
tt0124879,6.3
tt0120844,6.6
tt0127349,6.1
tt0125659,7.2
tt0121765,6.5
tt0127723,5.5
tt0133117,6.4
tt0125664,5.9
tt0122690,7.1
tt0130018,4.5
tt0128442,6.4
tt0129280,5.2
tt0134273,6.6
tt0124298,6.4
tt0120912,6.4
tt0123755,7.0
tt0134619,6.4
tt0131704,5.4
tt0133093,7.1
tt0132347,5.7
tt0137338,5.8
tt0120746,6.6
tt0129290,6.4
tt0138414,5.7
tt0138304,5.2
tt0128853,6.1
tt0122718,6.1
tt0129167,7.2
tt0134618,6.1
tt0139082,4.2
tt0134154,6.9
tt0134084,5.9
tt0122151,6.3
tt0139414,6.0
tt0134119,6.6
tt0139239,6.6
tt0120913,6.2
tt0120891,5.8
tt0125971,6.0
tt0137523,7.6
tt0132245,5.2
tt0121164,7.0
tt0139654,6.8
tt0141098,5.6
tt0138097,6.5
tt0144117,7.1
tt0138510,6.2
tt0133751,6.3
tt0128214,4.9
tt0139134,6.8
tt0139462,6.4
tt0122933,6.4
tt0144178,6.6
tt0144637,3.9
tt0122459,6.4
tt0133952,6.6
tt0133152,6.3
tt0134983,5.2
tt0141399,5.5
tt0145734,5.7
tt0144134,6.5
tt0110357,7.5
tt0145937,6.7
tt0141907,5.5
tt0145893,5.3
tt0144168,6.0
tt0146336,4.8
tt0138749,6.8
tt0146675,5.5
tt0144120,5.3
tt0144814,4.7
tt0139809,6.5
tt0145394,7.4
tt0147612,6.9
tt0145681,6.6
tt0137494,6.1
tt0140352,7.4
tt0129387,5.7
tt0144084,6.8
tt0157503,6.3
tt0156841,4.7
tt0155776,6.0
tt0144214,6.2
tt0146984,6.9
tt0134847,5.8
tt0145531,6.2
tt0147800,6.3
tt0141926,6.4
tt0145653,6.8
tt0145487,6.6
tt0145660,6.2
tt0150377,6.0
tt0149691,6.3
tt0151738,6.2
tt0160338,6.1
tt0146309,7.0
tt0151804,7.5
tt0142688,6.6
tt0160862,5.8
tt0155975,4.6
tt0142342,6.0
tt0119282,7.0
tt0159365,7.0
tt0126029,6.9
tt0162222,6.8
tt0149261,5.4
tt0159097,6.8
tt0114148,6.7
tt0162710,7.2
tt0155267,6.4
tt0156934,5.3
tt0138704,7.5
tt0163651,5.8
tt0160401,7.0
tt0163984,6.4
tt0146838,6.9
tt0160797,6.4
tt0143145,6.7
tt0144964,4.8
tt0164085,6.6
tt0158811,6.4
tt0160009,5.8
tt0120917,7.0
tt0163187,5.6
tt0116583,7.1
tt0161942,5.0
tt0133240,7.0
tt0163579,5.2
tt0138524,6.3
tt0165546,6.9
tt0165643,6.0
tt0165494,5.1
tt0165710,5.2
tt0163676,5.0
tt0160184,5.2
tt0163978,6.6
tt0120910,7.0
tt0161023,6.8
tt0164114,6.0
tt0146882,6.9
tt0165854,6.7
tt0165982,7.0
tt0161081,6.5
tt0166943,6.9
tt0166813,7.0
tt0164334,5.8
tt0164181,6.4
tt0167404,6.0
tt0162360,6.3
tt0159273,6.1
tt0166924,7.4
tt0161100,6.7
tt0168629,6.9
tt0168786,6.6
tt0168501,6.2
tt0146316,5.7
tt0169547,7.7
tt0171356,5.4
tt0164052,5.2
tt0162983,5.5
tt0166175,6.8
tt0166110,5.6
tt0166276,5.2
tt0164184,6.7
tt0171433,6.7
tt0175880,7.5
tt0160127,5.7
tt0164538,7.4
tt0180052,5.5
tt0179626,5.8
tt0179098,6.7
tt0171363,6.1
tt0163025,6.5
tt0144528,5.5
tt0181536,6.5
tt0164912,5.9
tt0162661,6.3
tt0171359,5.8
tt0158622,5.0
tt0181739,6.1
tt0171804,7.3
tt0165929,5.5
tt0181875,7.0
tt0181984,6.6
tt0172396,6.4
tt0177971,6.5
tt0178868,5.7
tt0183790,6.7
tt0183649,5.4
tt0160429,5.0
tt0180073,7.4
tt0184858,6.0
tt0185125,7.2
tt0183992,6.9
tt0170016,5.8
tt0174204,5.2
tt0186045,5.9
tt0185143,5.7
tt0157472,5.7
tt0181865,7.1
tt0186151,6.8
tt0186589,5.6
tt0162650,6.1
tt0177789,6.9
tt0187393,6.7
tt0186894,6.3
tt0176783,5.6
tt0130623,6.4
tt0167190,6.9
tt0182295,6.7
tt0188674,6.6
tt0189998,6.4
tt0181689,7.1
tt0181316,6.0
tt0190138,6.0
tt0185371,5.6
tt0167260,8.0
tt0184894,6.0
tt0180093,8.2
tt0185937,5.3
tt0192614,5.0
tt0172495,7.8
tt0186566,6.0
tt0195685,6.5
tt0187078,6.3
tt0164212,6.4
tt0194218,6.8
tt0167261,8.0
tt0169102,7.9
tt0196857,6.0
tt0183505,5.8
tt0199290,5.5
tt0188640,6.4
tt0185183,3.1
tt0189584,6.7
tt0199725,7.1
tt0202402,6.1
tt0190374,5.6
tt0200550,5.5
tt0169302,7.2
tt0202470,6.2
tt0174856,7.2
tt0203019,6.9
tt0204946,5.4
tt0182789,6.3
tt0176269,5.0
tt0167456,4.7
tt0187738,6.2
tt0190590,7.4
tt0173840,6.6
tt0209163,5.9
tt0200720,6.8
tt0192731,5.3
tt0209958,6.4
tt0208092,6.9
tt0188030,6.5
tt0200465,6.5
tt0172156,6.0
tt0190865,5.8
tt0203009,7.1
tt0210616,6.4
tt0204175,4.7
tt0192255,5.6
tt0191133,5.6
tt0210945,7.3
tt0205000,5.3
tt0175142,4.8
tt0199753,5.9
tt0195945,5.9
tt0206314,5.9
tt0209475,5.3
tt0211933,6.5
tt0209144,8.6
tt0185007,5.2
tt0212712,7.0
tt0213149,6.6
tt0208988,6.1
tt0190332,7.3
tt0209077,5.8
tt0217756,5.8
tt0204350,5.1
tt0206275,6.1
tt0217869,6.0
tt0218817,6.4
tt0195714,6.0
tt0206750,6.4
tt0211443,5.2
tt0211465,6.4
tt0183523,5.7
tt0206200,5.7
tt0208003,5.2
tt0219854,6.1
tt0199626,5.6
tt0219822,7.4
tt0215750,6.5
tt0219965,6.0
tt0222851,7.1
tt0222850,6.1
tt0221218,6.0
tt0215129,6.2
tt0216216,5.6
tt0225071,6.0
tt0218967,5.6
tt0181852,5.5
tt0227538,5.7
tt0204313,5.3
tt0227005,6.4
tt0218553,5.7
tt0230600,7.3
tt0219699,6.4
tt0212346,5.8
tt0211915,7.5
tt0235737,6.6
tt0236493,5.8
tt0223897,6.9
tt0213790,5.2
tt0238380,6.0
tt0212985,7.0
tt0192111,5.5
tt0212720,6.8
tt0190641,5.9
tt0210234,6.0
tt0228333,5.1
tt0239986,6.2
tt0240890,6.1
tt0219653,4.7
tt0233142,5.8
tt0198781,7.8
tt0207201,6.0
tt0221027,7.2
tt0217505,7.2
tt0217107,4.2
tt0239948,5.1
tt0220099,6.3
tt0242423,5.5
tt0238112,6.3
tt0244244,6.3
tt0196229,6.2
tt0240462,5.1
tt0244504,6.8
tt0239395,5.9
tt0231402,4.8
tt0245712,6.8
tt0206634,7.2
tt0234354,6.3
tt0245429,7.8
tt0234829,5.4
tt0241303,7.0
tt0241527,7.6
tt0242150,5.0
tt0235679,5.7
tt0237572,6.6
tt0246578,5.8
tt0234215,7.2
tt0242572,7.5
tt0238546,6.0
tt0243655,7.0
tt0247303,5.3
tt0237534,6.6
tt0245686,5.7
tt0249462,6.9
tt0245562,5.4
tt0212338,6.2
tt0246544,5.5
tt0250687,5.8
tt0220506,4.8
tt0242587,6.4
tt0236784,6.5
tt0242445,5.6
tt0251736,6.4
tt0251160,5.4
tt0248547,6.7
tt0248012,5.9
tt0211181,5.9
tt0247638,5.9
tt0248216,5.0
tt0244000,5.9
tt0246460,6.7
tt0233469,5.5
tt0227445,6.9
tt0253798,6.0
tt0250371,6.2
tt0241025,6.2
tt0250224,6.0
tt0250310,4.6
tt0232500,6.5
tt0253867,5.1
tt0246464,6.2
tt0255589,6.8
tt0242256,7.9
tt0255819,6.5
tt0247199,6.8
tt0242653,7.2
tt0252501,6.6
tt0253474,7.8
tt0243585,5.6
tt0258273,6.6
tt0243155,6.5
tt0240772,7.1
tt0258000,6.5
tt0252076,5.7
tt0257516,6.0
tt0259446,5.9
tt0250494,6.6
tt0230030,6.1
tt0250797,6.6
tt0254686,7.3
tt0262396,5.3
tt0256415,6.1
tt0264395,6.6
tt0263488,5.7
tt0251114,6.4
tt0264616,7.3
tt0264935,6.6
tt0265459,6.8
tt0255798,4.8
tt0259324,5.7
tt0265662,6.5
tt0256009,6.2
tt0261755,6.1
tt0261392,6.8
tt0261289,5.3
tt0251075,5.5
tt0249478,5.9
tt0252866,5.8
tt0257044,7.2
tt0261983,6.4
tt0266489,5.6
tt0256380,5.9
tt0247745,6.3
tt0257360,7.1
tt0252223,5.1
tt0266747,5.5
tt0265086,7.7
tt0248667,7.0
tt0264761,6.6
tt0258463,7.1
tt0258068,6.6
tt0265349,6.5
tt0230011,6.8
tt0268200,7.0
tt0259711,7.1
tt0249516,3.9
tt0260866,6.4
tt0267287,7.0
tt0267248,6.2
tt0265666,7.5
tt0253754,6.8
tt0251127,6.0
tt0264472,6.6
tt0266391,6.6
tt0266465,6.0
tt0256276,6.5
tt0268995,6.4
tt0264464,7.4
tt0272338,7.5
tt0267626,6.3
tt0265298,6.5
tt0253556,6.1
tt0266915,6.3
tt0275022,5.4
tt0252028,5.6
tt0257076,6.2
tt0268978,7.3
tt0275491,7.2
tt0268711,4.5
tt0276919,6.9
tt0277895,6.5
tt0269095,6.0
tt0278435,6.4
tt0270288,7.3
tt0259288,5.9
tt0263757,6.0
tt0271946,6.1
tt0278488,6.0
tt0272152,7.1
tt0266987,6.2
tt0274558,7.0
tt0275719,7.3
tt0266697,7.8
tt0268126,7.7
tt0280665,5.6
tt0120762,7.2
tt0268695,6.0
tt0280760,6.3
tt0277027,6.7
tt0269347,5.8
tt0281680,6.7
tt0278295,5.8
tt0270891,4.8
tt0274166,6.4
tt0265208,5.6
tt0283503,6.5
tt0271027,6.3
tt0283900,6.8
tt0263734,6.0
tt0279111,6.7
tt0272020,6.2
tt0275847,7.6
tt0266543,7.5
tt0286106,6.0
tt0285823,5.7
tt0279331,6.6
tt0281322,6.1
tt0286244,7.4
tt0287467,7.2
tt0280380,6.2
tt0287717,5.7
tt0287978,5.6
tt0283111,5.2
tt0281358,6.7
tt0277434,6.8
tt0289043,7.0
tt0285462,5.3
tt0267913,6.0
tt0290212,5.6
tt0278504,6.6
tt0289992,6.6
tt0285742,6.5
tt0290145,6.6
tt0291502,5.5
tt0280030,6.3
tt0290332,5.5
tt0292963,6.4
tt0276751,6.3
tt0293270,7.2
tt0282687,6.0
tt0280707,7.1
tt0280590,5.9
tt0265632,6.6
tt0294289,4.7
tt0271219,6.3
tt0295701,5.3
tt0289879,6.7
tt0295721,6.0
tt0283160,4.5
tt0289635,6.5
tt0295700,4.9
tt0289765,6.9
tt0277296,6.0
tt0279493,6.2
tt0285531,6.1
tt0280486,5.7
tt0293564,6.3
tt0297884,6.6
tt0298203,6.6
tt0286499,6.5
tt0293662,6.3
tt0277371,4.9
tt0299930,2.4
tt0294870,7.5
tt0288477,5.2
tt0300051,6.6
tt0295297,7.6
tt0303361,5.8
tt0284490,5.8
tt0293416,7.2
tt0298130,6.1
tt0298228,6.6
tt0298744,6.9
tt0293815,5.9
tt0304328,6.0
tt0298814,4.9
tt0305224,5.4
tt0295178,6.2
tt0304417,5.5
tt0304711,6.7
tt0285441,7.3
tt0273799,5.2
tt0296572,6.1
tt0303243,7.5
tt0305669,6.1
tt0268397,5.9
tt0301470,5.6
tt0297037,5.6
tt0303353,7.4
tt0293508,6.9
tt0297284,6.5
tt0292490,7.5
tt0305711,5.8
tt0307596,6.6
tt0293086,6.5
tt0304141,7.6
tt0309698,5.3
tt0308208,4.9
tt0299977,7.4
tt0300556,6.2
tt0310793,7.1
tt0283426,6.3
tt0286716,6.3
tt0307901,7.5
tt0311863,5.6
tt0303816,5.2
tt0295289,5.7
tt0313443,5.9
tt0303933,5.6
tt0307479,6.4
tt0307987,5.9
tt0308644,7.7
tt0313737,5.6
tt0309377,6.8
tt0299658,7.1
tt0290334,7.0
tt0314331,7.2
tt0300532,5.6
tt0290002,6.1
tt0268380,7.2
tt0310281,7.1
tt0312329,5.6
tt0315733,6.8
tt0309987,6.8
tt0311592,6.0
tt0315297,6.0
tt0300471,6.0
tt0303714,6.0
tt0306685,6.0
tt0316465,6.5
tt0314353,6.2
tt0317303,5.0
tt0302886,6.4
tt0311113,7.1
tt0301357,6.8
tt0311429,5.8
tt0317705,7.6
tt0317648,6.5
tt0318155,5.6
tt0312549,6.7
tt0257106,5.2
tt0317132,6.4
tt0318627,5.9
tt0318283,6.6
tt0319343,5.7
tt0306841,5.3
tt0316356,7.5
tt0310775,7.0
tt0317248,8.0
tt0319061,7.4
tt0320661,6.7
tt0323298,6.6
tt0315983,7.6
tt0301727,8.0
tt0316396,6.5
tt0325055,6.3
tt0316188,7.1
tt0319769,6.4
tt0297181,5.5
tt0317740,6.1
tt0327036,5.5
tt0312004,7.2
tt0305357,5.8
tt0322589,5.6
tt0324554,6.6
tt0314524,6.4
tt0323944,6.8
tt0319262,5.9
tt0318974,6.3
tt0313911,5.6
tt0316732,5.4
tt0313542,6.6
tt0317919,6.8
tt0309593,6.0
tt0320244,6.5
tt0322330,6.5
tt0317676,2.7
tt0324133,6.7
tt0315327,6.0
tt0324127,6.6
tt0324216,5.0
tt0325703,6.2
tt0327056,7.3
tt0327162,5.5
tt0329691,5.5
tt0327597,7.4
tt0317198,6.4
tt0320691,6.8
tt0328828,5.7
tt0318649,5.8
tt0328107,7.2
tt0329575,7.0
tt0328538,6.5
tt0326769,5.3
tt0319736,7.4
tt0306047,5.3
tt0316654,6.6
tt0332379,6.2
tt0332605,6.2
tt0327247,5.9
tt0325710,7.0
tt0289408,6.9
tt0325005,5.6
tt0333766,7.1
tt0329717,5.7
tt0327850,6.6
tt0330373,7.6
tt0326450,6.9
tt0304669,5.6
tt0329774,5.3
tt0330793,6.4
tt0335559,6.0
tt0326905,6.6
tt0318081,5.2
tt0335266,6.5
tt0335121,6.3
tt0332452,7.2
tt0331282,7.1
tt0337741,6.3
tt0338094,5.7
tt0332658,6.3
tt0338135,6.4
tt0327437,5.6
tt0338325,5.8
tt0330602,6.7
tt0322259,6.0
tt0338459,4.1
tt0332047,6.3
tt0307453,6.0
tt0338751,6.8
tt0337579,5.6
tt0338526,5.9
tt0339034,4.0
tt0335345,7.1
tt0337563,6.0
tt0332280,7.1
tt0325980,6.9
tt0329101,5.5
tt0337921,5.8
tt0337909,6.8
tt0342735,6.9
tt0340377,7.3
tt0338337,6.6
tt0340855,7.3
tt0343660,7.0
tt0342316,6.1
tt0343135,6.2
tt0338427,6.3
tt0342258,6.3
tt0343737,6.9
tt0335013,6.6
tt0337692,6.4
tt0343996,6.2
tt0346156,6.1
tt0345074,5.9
tt0339291,6.3
tt0298148,6.6
tt0340163,6.4
tt0327679,6.4
tt0348333,5.9
tt0317219,7.2
tt0348836,5.6
tt0349710,6.5
tt0331953,6.3
tt0335563,6.2
tt0349683,7.3
tt0338348,6.6
tt0346457,6.6
tt0354899,7.1
tt0329028,4.2
tt0338096,5.9
tt0340110,6.0
tt0347149,8.0
tt0355295,6.0
tt0349159,4.9
tt0355702,7.4
tt0338013,8.0
tt0349260,6.3
tt0356470,5.9
tt0356618,6.0
tt0348843,5.8
tt0333780,5.1
tt0349467,6.2
tt0350261,6.7
tt0356614,6.8
tt0356910,6.3
tt0330691,5.2
tt0357110,6.5
tt0327554,5.3
tt0354766,5.3
tt0338512,6.4
tt0337917,5.5
tt0337978,6.3
tt0346491,6.4
tt0360009,6.7
tt0343818,6.8
tt0327084,6.1
tt0299172,5.9
tt0361322,6.7
tt0350258,7.7
tt0349903,6.7
tt0335438,6.1
tt0351817,7.8
tt0357413,6.6
tt0361596,7.1
tt0352248,7.5
tt0356150,6.0
tt0358135,6.6
tt0361748,7.7
tt0339412,5.3
tt0359423,7.1
tt0360016,5.7
tt0337851,4.5
tt0356634,5.2
tt0359517,5.6
tt0361862,6.6
tt0350028,5.8
tt0361467,4.6
tt0360323,6.5
tt0361309,6.3
tt0360139,5.2
tt0351283,6.7
tt0338466,5.6
tt0363589,6.4
tt0365125,6.5
tt0364725,6.1
tt0361696,5.9
tt0365675,5.4
tt0359950,7.3
tt0365485,5.8
tt0359013,6.3
tt0362270,7.2
tt0360201,6.2
tt0361925,5.7
tt0360033,6.1
tt0363547,5.9
tt0363988,6.5
tt0351977,6.4
tt0367027,7.2
tt0357507,4.8
tt0358273,7.2
tt0361841,5.3
tt0367631,5.8
tt0349205,5.6
tt0365748,7.3
tt0360032,6.3
tt0365907,6.2
tt0368447,6.0
tt0365737,6.6
tt0357111,5.7
tt0362478,5.7
tt0344854,5.9
tt0368709,7.0
tt0366551,6.7
tt0369339,6.3
tt0348150,6.9
tt0358349,5.0
tt0367085,4.2
tt0361089,5.6
tt0357277,5.7
tt0367594,6.7
tt0370032,6.0
tt0367959,6.7
tt0360486,6.8
tt0369735,5.4
tt0365830,7.4
tt0366780,7.0
tt0362227,6.7
tt0363163,7.9
tt0360717,7.3
tt0345950,6.7
tt0372873,3.3
tt0366627,7.1
tt0364970,5.7
tt0367479,6.2
tt0358082,6.2
tt0369702,7.6
tt0374102,5.4
tt0372183,7.1
tt0366548,6.4
tt0375154,6.3
tt0368794,6.5
tt0375210,5.8
tt0369226,3.8
tt0368774,6.6
tt0363771,6.7
tt0373889,7.2
tt0372532,6.1
tt0364751,5.9
tt0368008,6.5
tt0374271,6.4
tt0374900,6.1
tt0376144,6.0
tt0364569,7.9
tt0372588,7.4
tt0368933,6.1
tt0371724,6.9
tt0373469,7.1
tt0377038,6.6
tt0375912,7.4
tt0374536,5.4
tt0377091,6.5
tt0373883,5.5
tt0375986,7.1
tt0374563,4.9
tt0377701,6.8
tt0367882,6.5
tt0379561,6.6
tt0365929,5.7
tt0378109,5.5
tt0375063,7.2
tt0376136,6.7
tt0373051,5.0
tt0379786,7.1
tt0377992,6.4
tt0376994,6.3
tt0373074,6.7
tt0322802,6.6
tt0376541,7.1
tt0375679,7.6
tt0372784,7.1
tt0367652,4.7
tt0377092,7.1
tt0377471,6.1
tt0368578,4.6
tt0379725,7.4
tt0379865,6.0
tt0376196,5.8
tt0382992,5.9
tt0382077,5.9
tt0368891,6.0
tt0375173,6.1
tt0377062,6.5
tt0383995,5.4
tt0369436,6.0
tt0375568,6.2
tt0377107,6.7
tt0383222,5.5
tt0380599,6.9
tt0384537,6.9
tt0378194,7.8
tt0384680,6.7
tt0373926,6.7
tt0382625,6.6
tt0381936,6.1
tt0386032,7.1
tt0386588,6.7
tt0377818,5.7
tt0384286,5.5
tt0372237,5.5
tt0376105,5.3
tt0376108,5.6
tt0384642,5.7
tt0384369,6.5
tt0388139,7.1
tt0362120,5.4
tt0369610,6.7
tt0381442,6.1
tt0383010,5.8
tt0387575,5.3
tt0385752,6.2
tt0387131,7.1
tt0390521,6.6
tt0380510,7.6
tt0390384,6.9
tt0390538,7.2
tt0384533,6.1
tt0391304,6.6
tt0381061,7.0
tt0371746,7.2
tt0382628,5.9
tt0387877,6.4
tt0370263,5.9
tt0388789,7.5
tt0387564,6.5
tt0392465,6.1
tt0393109,7.2
tt0381849,6.3
tt0388980,6.9
tt0389326,7.4
tt0386117,6.6
tt0380389,6.3
tt0389557,6.6
tt0383060,4.7
tt0366174,4.9
tt0382932,7.8
tt0369441,5.9
tt0389860,5.9
tt0387808,6.7
tt0391198,5.9
tt0388500,5.5
tt0384793,5.4
tt0397101,6.0
tt0388795,7.1
tt0381971,6.2
tt0393162,6.4
tt0398375,6.5
tt0393329,5.7
tt0380277,3.6
tt0398027,6.1
tt0395699,5.9
tt0395169,7.1
tt0384806,6.1
tt0396269,7.0
tt0388482,6.2
tt0390022,6.7
tt0396752,6.8
tt0399295,7.0
tt0399854,7.3
tt0385880,6.6
tt0397892,7.0
tt0397535,7.0
tt0398712,6.4
tt0398017,6.1
tt0393597,7.5
tt0383574,6.8
tt0395119,6.1
tt0401815,5.5
tt0402910,5.1
tt0371606,6.3
tt0395972,7.3
tt0401792,7.3
tt0381681,7.3
tt0400400,6.9
tt0402399,6.6
tt0401383,7.5
tt0396707,6.2
tt0389722,5.7
tt0398165,6.3
tt0396652,6.0
tt0397065,5.1
tt0398808,7.0
tt0398286,6.3
tt0404390,6.9
tt0401445,6.4
tt0405336,5.8
tt0405094,7.3
tt0396171,6.9
tt0399146,7.1
tt0402901,5.3
tt0406816,6.0
tt0403933,4.5
tt0401233,7.2
tt0399901,6.4
tt0407265,7.5
tt0386140,6.6
tt0404030,7.3
tt0386741,6.6
tt0398913,5.0
tt0389790,6.5
tt0408281,6.6
tt0404032,5.8
tt0398842,5.1
tt0405159,7.7
tt0402022,6.0
tt0405296,6.7
tt0405422,6.7
tt0408345,5.8
tt0397313,7.3
tt0405676,6.7
tt0399201,6.7
tt0409184,6.8
tt0403358,6.2
tt0381707,5.3
tt0407230,6.3
tt0403508,6.2
tt0407814,5.4
tt0410097,6.4
tt0395251,6.2
tt0411061,6.1
tt0405325,6.4
tt0411705,6.2
tt0401729,6.6
tt0397078,5.4
tt0411951,5.2
tt0409182,6.1
tt0408790,6.0
tt0405508,6.7
tt0406375,6.3
tt0407887,6.6
tt0407304,6.0
tt0409345,5.9
tt0328880,6.8
tt0414853,6.0
tt0410454,6.8
tt0408236,7.1
tt0408306,7.3
tt0406759,5.7
tt0416292,7.3
tt0416315,6.2
tt0415678,5.7
tt0408985,6.3
tt0416320,6.9
tt0405821,6.4
tt0409527,5.0
tt0414055,6.7
tt0414852,5.7
tt0409459,7.3
tt0414387,7.0
tt0393735,5.0
tt0417217,6.6
tt0414951,6.0
tt0401855,6.7
tt0415306,6.6
tt0417385,7.6
tt0416212,6.8
tt0417736,6.3
tt0417433,5.9
tt0410297,6.8
tt0408524,5.4
tt0412019,6.8
tt0396555,6.9
tt0416044,6.8
tt0418819,5.7
tt0416496,6.3
tt0412536,6.7
tt0414982,5.9
tt0419294,6.8
tt0417001,5.9
tt0409904,5.9
tt0420223,6.9
tt0419843,6.8
tt0402158,5.8
tt0414993,7.6
tt0417397,6.3
tt0411477,6.9
tt0400497,5.6
tt0417741,7.6
tt0421238,7.4
tt0413895,6.3
tt0418753,6.6
tt0418763,6.9
tt0422720,6.5
tt0424136,6.4
tt0423169,6.1
tt0420609,6.8
tt0419887,7.4
tt0424345,6.6
tt0424205,7.1
tt0421206,6.7
tt0410377,5.9
tt0415481,6.8
tt0425210,7.8
tt0425598,7.5
tt0421729,5.0
tt0422295,6.6
tt0425430,5.3
tt0417148,5.6
tt0419706,5.9
tt0426592,5.6
tt0419663,4.6
tt0422091,6.1
tt0377981,6.1
tt0419946,4.8
tt0420332,7.0
tt0416236,6.2
tt0421054,5.4
tt0427470,6.7
tt0421239,6.4
tt0413099,5.7
tt0418689,7.0
tt0408839,6.0
tt0429277,4.2
tt0400717,6.2
tt0416449,6.9
tt0430308,6.5
tt0420238,6.2
tt0427229,6.2
tt0427380,5.5
tt0421229,7.4
tt0420835,6.6
tt0427392,6.3
tt0431197,6.9
tt0418110,6.7
tt0425123,6.3
tt0427944,7.4
tt0432021,5.9
tt0425413,6.5
tt0413267,6.5
tt0418460,5.5
tt0413300,6.0
tt0425601,6.7
tt0421073,6.5
tt0418279,6.3
tt0429589,6.2
tt0430357,6.6
tt0421715,6.9
tt0427152,6.1
tt0430105,6.0
tt0433387,6.8
tt0433442,4.8
tt0435623,6.6
tt0432289,6.6
tt0435680,5.7
tt0425061,6.2
tt0436331,6.6
tt0434424,4.2
tt0426931,7.1
tt0429591,5.3
tt0430431,5.8
tt0436697,7.1
tt0432348,5.8
tt0437800,5.7
tt0430912,5.0
tt0433383,6.9
tt0433362,6.5
tt0433386,5.7
tt0437954,5.2
tt0409847,6.7
tt0433416,7.6
tt0424993,5.6
tt0427309,7.1
tt0405469,5.5
tt0427327,6.5
tt0431308,6.8
tt0431461,4.7
tt0431021,5.4
tt0432291,4.6
tt0428803,7.2
tt0432283,7.6
tt0441909,7.1
tt0430770,4.9
tt0443274,4.6
tt0438488,5.2
tt0423294,6.8
tt0438296,5.0
tt0433398,7.1
tt0434215,5.9
tt0435670,6.1
tt0439289,6.1
tt0439630,6.3
tt0434409,6.9
tt0439182,6.4
tt0435651,6.6
tt0442781,6.4
tt0433035,6.4
tt0441796,5.0
tt0427954,6.7
tt0429493,6.5
tt0443272,7.4
tt0443543,7.3
tt0437230,7.2
tt0443632,6.1
tt0443489,6.5
tt0446046,6.9
tt0443649,5.7
tt0443680,6.8
tt0435761,7.8
tt0446345,7.6
tt0449059,7.6
tt0448134,7.0
tt0443706,6.8
tt0441048,6.1
tt0443769,4.3
tt0439662,6.5
tt0449089,5.0
tt0436339,5.3
tt0445946,5.4
tt0442933,6.5
tt0444182,6.7
tt0446012,6.3
tt0446013,6.5
tt0450232,6.3
tt0450340,5.4
tt0449487,5.1
tt0443431,5.5
tt0437447,7.1
tt0450278,5.5
tt0451038,3.9
tt0449010,5.8
tt0452637,6.0
tt0435705,6.5
tt0449086,5.8
tt0448157,6.0
tt0443701,6.7
tt0430922,6.8
tt0444682,5.4
tt0424095,6.7
tt0453562,6.7
tt0441773,6.7
tt0454848,6.8
tt0446029,7.4
tt0454921,6.7
tt0450345,5.6
tt0452625,5.5
tt0438097,6.6
tt0453467,6.9
tt0455612,4.8
tt0440963,7.1
tt0441007,6.3
tt0452694,6.7
tt0449467,6.8
tt0455967,5.5
tt0454082,5.1
tt0450259,7.1
tt0450405,6.2
tt0457430,7.1
tt0454876,7.8
tt0450314,6.3
tt0443536,5.8
tt0455538,6.6
tt0457513,6.9
tt0452623,7.7
tt0448011,5.7
tt0443295,5.4
tt0457939,6.3
tt0454919,5.6
tt0458242,7.0
tt0455957,6.7
tt0454841,6.0
tt0449994,7.5
tt0455407,5.8
tt0459759,5.7
tt0455537,4.4
tt0460505,6.8
tt0457433,5.9
tt0453556,6.2
tt0460989,6.9
tt0450385,5.4
tt0461770,6.5
tt0455590,7.2
tt0448694,6.5
tt0462200,6.4
tt0457495,5.1
tt0455944,6.8
tt0455760,6.5
tt0462504,7.3
tt0458352,6.4
tt0455857,5.4
tt0454824,6.4
tt0457530,6.4
tt0463985,6.5
tt0457303,4.5
tt0463034,5.8
tt0454987,6.3
tt0457024,7.0
tt0458481,6.5
tt0454945,6.3
tt0451079,6.5
tt0458525,6.8
tt0452594,5.8
tt0460611,6.4
tt0457510,6.1
tt0465142,6.2
tt0464665,5.9
tt0452608,6.0
tt0465494,6.3
tt0462465,6.0
tt0462229,5.3
tt0455960,5.4
tt0449088,6.8
tt0465580,4.8
tt0465602,4.8
tt0457400,5.5
tt0462519,6.2
tt0453451,6.5
tt0465538,6.9
tt0465643,4.1
tt0466893,6.4
tt0466399,6.9
tt0465967,7.3
tt0466839,5.3
tt0464049,7.1
tt0464154,5.0
tt0468516,6.8
tt0466909,5.6
tt0465407,5.6
tt0467406,6.0
tt0469623,6.2
tt0457572,6.9
tt0455824,6.6
tt0459272,5.4
tt0462499,6.5
tt0462590,5.7
tt0465551,6.6
tt0458339,6.5
tt0470752,7.0
tt0472126,5.9
tt0472259,6.1
tt0443453,6.6
tt0462579,5.9
tt0466342,4.0
tt0466856,5.8
tt0473024,5.0
tt0465440,5.9
tt0467197,5.4
tt0473308,6.3
tt0463998,7.3
tt0469903,7.0
tt0453365,5.6
tt0473367,7.0
tt0468565,6.4
tt0473709,6.8
tt0470705,6.7
tt0469263,6.1
tt0475394,6.4
tt0475276,7.1
tt0465436,6.6
tt0469494,8.1
tt0472071,6.5
tt0466816,6.9
tt0472062,7.2
tt0470765,7.1
tt0472043,7.6
tt0472033,7.1
tt0475944,5.0
tt0463854,6.4
tt0477071,6.5
tt0477080,6.3
tt0473102,7.0
tt0478304,6.6
tt0478311,6.3
tt0462396,5.8
tt0465502,6.0
tt0480025,6.9
tt0468492,7.1
tt0479997,5.4
tt0476527,6.2
tt0480669,5.8
tt0481369,6.4
tt0477302,7.0
tt0473188,6.0
tt0472399,6.3
tt0477337,5.3
tt0479143,6.5
tt0479537,6.7
tt0482606,5.1
tt0479162,6.0
tt0482546,7.0
tt0481141,6.4
tt0483607,6.2
tt0484111,5.9
tt0480242,6.4
tt0483726,6.3
tt0479884,5.9
tt0478087,6.3
tt0475783,7.6
tt0477348,6.7
tt0462244,4.7
tt0482473,6.3
tt0478134,7.2
tt0479952,6.7
tt0468569,7.8
tt0473705,6.9
tt0483756,6.6
tt0469641,6.3
tt0480239,5.4
tt0480255,6.6
tt0489235,6.0
tt0471042,6.3
tt0484740,6.7
tt0490204,6.4
tt0486619,4.5
tt0490181,5.6
tt0473075,6.5
tt0482527,6.2
tt0482571,8.5
tt0486674,5.7
tt0494652,6.2
tt0489281,7.2
tt0479647,6.3
tt0497465,6.9
tt0481536,6.6
tt0476964,6.0
tt0477347,5.8
tt0498399,6.7
tt0499549,7.4
tt0480249,6.4
tt0462322,7.0
tt0492389,4.6
tt0491152,5.9
tt0494238,6.1
tt0482603,5.2
tt0488478,6.0
tt0486655,7.4
tt0494290,6.2
tt0486822,6.0
tt0489270,6.5
tt0480687,5.8
tt0463872,6.0
tt0481499,6.7
tt0485985,6.2
tt0472181,5.3
tt0477051,4.6
tt0758766,5.6
tt0498353,5.3
tt0762121,6.5
tt0492619,6.2
tt0763831,5.6
tt0765443,6.7
tt0482572,6.9
tt0499556,6.3
tt0760329,6.6
tt0401711,7.0
tt0489237,6.1
tt0489099,6.6
tt0486551,6.3
tt0758758,7.6
tt0758774,6.9
tt0493430,6.9
tt0778661,4.6
tt0465234,6.0
tt0780536,7.6
tt0780516,6.3
tt0495596,6.9
tt0765429,7.3
tt0758742,7.3
tt0765476,5.4
tt0486576,6.3
tt0496328,6.3
tt0790623,6.4
tt0496806,6.5
tt0775489,7.5
tt0775539,4.9
tt0795351,5.9
tt0758794,6.8
tt0795368,6.1
tt0492956,6.2
tt0780504,7.3
tt0499448,6.8
tt0780571,5.9
tt0765010,7.2
tt0783233,6.7
tt0765120,6.6
tt0758752,6.9
tt0490170,4.4
tt0770703,6.0
tt0775552,6.1
tt0800164,6.0
tt0770772,5.7
tt0800039,6.2
tt0790712,6.5
tt0800240,6.3
tt0795421,6.3
tt0790724,7.0
tt0498380,7.8
tt0790636,6.9
tt0762107,6.5
tt0780607,5.7
tt0795461,5.6
tt0758730,6.0
tt0799949,4.0
tt0796375,6.8
tt0478970,7.1
tt0804522,6.8
tt0800080,6.1
tt0499554,6.1
tt0805564,7.4
tt0808279,7.2
tt0762125,6.2
tt0475298,4.4
tt0790686,6.1
tt0808526,6.9
tt0800241,6.5
tt0762114,5.2
tt0814666,6.4
tt0801526,6.2
tt0814314,7.7
tt0805526,6.6
tt0493464,6.2
tt0796366,6.9
tt0758746,5.4
tt0785006,5.8
tt0804461,6.1
tt0805570,5.6
tt0770752,5.6
tt0785035,6.0
tt0815244,5.1
tt0770828,7.0
tt0800308,6.7
tt0811138,5.0
tt0826570,6.2
tt0824747,6.9
tt0804497,7.2
tt0825232,6.2
tt0814255,5.9
tt0815236,6.1
tt0804529,5.9
tt0821642,6.6
tt0816692,8.5
tt0795441,6.7
tt0808151,6.6
tt0462538,7.3
tt0810784,6.3
tt0811066,5.2
tt0811080,6.7
tt0810913,4.7
tt0822847,5.8
tt0814022,5.5
tt0822854,7.0
tt0800320,6.0
tt0844286,7.2
tt0830199,5.4
tt0829482,6.7
tt0831387,6.3
tt0845046,7.0
tt0822832,6.1
tt0835034,5.7
tt0817177,6.7
tt0829459,6.8
tt0790736,6.0
tt0790628,6.3
tt0831887,4.8
tt0854678,7.4
tt0850253,6.7
tt0848557,5.7
tt0787474,6.8
tt0841046,6.5
tt0810922,6.3
tt0856052,6.5
tt0829150,5.8
tt0858479,6.1
tt0842926,6.7
tt0844671,5.0
tt0804516,5.9
tt0804507,5.0
tt0807758,5.4
tt0859760,5.7
tt0817230,5.9
tt0865559,6.5
tt0865556,6.5
tt0861701,3.0
tt0862846,6.9
tt0816462,5.2
tt0871426,5.9
tt0869994,6.8
tt0830515,6.8
tt0872230,5.7
tt0873886,6.6
tt0780521,7.2
tt0852713,6.3
tt0838247,5.9
tt0853096,7.0
tt0876563,7.8
tt0858486,6.5
tt0880502,7.0
tt0859163,6.0
tt0843326,6.7
tt0881891,5.0
tt0848228,7.2
tt0861689,6.4
tt0891527,6.9
tt0887912,7.4
tt0891592,3.7
tt0808510,5.8
tt0840361,7.5
tt0892767,6.1
tt0897361,3.6
tt0848538,4.9
tt0814005,6.0
tt0878804,6.9
tt0846040,6.8
tt0844479,6.0
tt0882977,6.4
tt0884328,6.7
tt0862467,6.0
tt0865554,5.3
tt0903943,6.3
tt0837562,7.4
tt0887883,7.2
tt0906108,4.8
tt0887745,6.9
tt0889588,7.0
tt0887971,4.8
tt0884732,6.3
tt0816711,7.0
tt0889573,6.5
tt0800369,6.6
tt0879870,5.8
tt0907657,7.2
tt0838283,6.8
tt0913354,5.7
tt0844471,6.9
tt0912593,8.3
tt0881320,6.2
tt0898367,6.6
tt0914809,7.1
tt0924129,6.6
tt0942903,5.1
tt0905372,6.1
tt0933361,6.7
tt0884224,6.2
tt0937237,5.6
tt0906665,6.5
tt0866439,5.9
tt0944114,6.3
tt0938283,6.0
tt0944835,6.0
tt0892791,6.5
tt0945513,5.6
tt0907119,6.4
tt0884726,5.7
tt0949731,6.0
tt0914798,7.3
tt0935075,6.5
tt0918927,6.5
tt0926084,7.6
tt0936501,6.3
tt0929632,7.4
tt0892769,7.4
tt0893412,5.8
tt0962736,6.9
tt0875034,6.3
tt0963178,6.9
tt0938330,5.4
tt0947810,6.8
tt0864835,6.3
tt0914382,6.3
tt0948530,6.4
tt0880578,6.2
tt0901476,5.4
tt0954990,6.3
tt0910970,8.0
tt0903627,6.9
tt0959337,6.9
tt0974661,6.1
tt0962726,4.9
tt0964185,6.7
tt0890870,6.0
tt0947802,5.8
tt0970179,7.3
tt0970416,5.8
tt0970411,6.7
tt0903624,7.7
tt0970452,5.5
tt0974554,6.4
tt0834001,6.5
tt0960731,5.9
tt0976238,5.6
tt0960144,6.2
tt0962764,6.5
tt0947798,7.6
tt0968264,6.7
tt0988595,6.1
tt0910936,6.5
tt0844993,5.6
tt0985694,5.6
tt0985101,6.7
tt0985699,7.0
tt1007029,6.4
tt0955308,6.7
tt1007028,6.6
tt0848537,6.6
tt0974613,6.6
tt0989757,6.7
tt0961043,4.9
tt0986264,8.5
tt0942385,6.5
tt1013753,6.8
tt1013743,5.9
tt0978764,6.5
tt0976222,6.3
tt0981227,6.4
tt0981042,6.9
tt0993846,8.2
tt0892782,6.6
tt0952640,5.8
tt1020072,7.5
tt1020558,6.2
tt1001526,7.0
tt1023490,7.1
tt0970866,6.2
tt1023111,6.1
tt0988047,6.5
tt1010048,7.7
tt1013752,6.4
tt1028528,7.7
tt0993842,6.8
tt0976247,4.7
tt0948470,6.8
tt0990407,6.4
tt1014763,6.2
tt1017451,6.6
tt1014759,6.8
tt1032751,6.3
tt0983193,7.4
tt1018785,6.4
tt1000774,5.0
tt0980970,6.7
tt0914797,6.8
tt1032755,6.9
tt1019452,7.2
tt1018818,6.3
tt1022603,6.9
tt1033643,5.9
tt0902272,7.1
tt0986263,5.7
tt1034331,6.8
tt0987918,5.5
tt1034402,7.1
tt0972558,5.7
tt1024715,7.1
tt1037163,6.7
tt1027862,5.5
tt0963966,6.1
tt1013860,5.7
tt1038919,6.0
tt1031282,3.7
tt1028532,7.8
tt1037705,5.9
tt1014775,4.1
tt0964517,7.0
tt1028576,6.7
tt0999913,6.0
tt1032846,7.4
tt1046163,5.9
tt1041829,6.7
tt1001508,6.1
tt1023114,7.3
tt1024648,7.8
tt1052342,5.4
tt1048146,5.5
tt1034032,5.9
tt1050739,5.3
tt1034389,6.4
tt1023481,6.2
tt1038686,5.5
tt1041804,4.4
tt1065073,7.3
tt1060277,7.2
tt1045658,7.5
tt1043568,6.5
tt1031969,6.3
tt1024943,5.7
tt1046198,5.8
tt1046997,5.4
tt1047540,5.8
tt1049402,7.0
tt1057500,6.9
tt1053859,5.5
tt1027718,6.5
tt1053810,6.4
tt1034303,7.1
tt1058017,6.9
tt1054606,6.9
tt1055292,6.2
tt1067583,6.9
tt1067106,6.7
tt1038988,5.9
tt1082886,7.0
tt1034314,6.0
tt0988045,7.0
tt1071812,7.5
tt1073498,4.0
tt1083456,6.0
tt1053424,6.3
tt1033575,7.2
tt1045772,6.2
tt1055369,6.6
tt1091722,6.9
tt1054122,6.6
tt1094241,6.9
tt1093370,7.1
tt1043726,4.7
tt1029360,5.7
tt1045778,6.1
tt1095217,6.7
tt1074638,6.7
tt1068242,5.7
tt1103262,3.0
tt1060249,3.4
tt1085492,5.2
tt1075114,6.8
tt1091617,5.4
tt1086772,6.3
tt1092026,6.8
tt1107319,6.5
tt1106860,6.4
tt1078588,6.9
tt1078940,6.1
tt1068680,6.5
tt1068646,6.7
tt1107828,5.0
tt1101026,6.7
tt0808399,6.4
tt1071875,6.0
tt1091191,7.1
tt1100089,6.7
tt1095174,5.9
tt1099212,5.2
tt1100119,5.3
tt1049413,7.9
tt1123372,3.2
tt1103275,6.6
tt1103982,6.4
tt1059786,6.6
tt1105748,6.2
tt1075417,6.1
tt1067774,5.6
tt1124396,4.8
tt1063669,7.4
tt1077368,6.1
tt1125849,6.8
tt1046173,6.0
tt1126591,5.4
tt1064932,6.1
tt1126618,6.1
tt1124052,7.0
tt1078912,5.9
tt1103153,5.8
tt1111422,6.4
tt1114715,6.3
tt1131734,6.0
tt1130967,4.7
tt1130964,6.3
tt1119646,6.1
tt1114740,5.1
tt1121931,5.9
tt1131729,7.2
tt1091229,5.8
tt1135487,6.9
tt1126590,5.9
tt1093357,5.0
tt1139282,6.1
tt1129423,6.7
tt1093908,5.9
tt1134854,5.7
tt1142433,5.3
tt1120985,6.9
tt1034449,5.1
tt1082868,5.7
tt1080016,7.1
tt1110037,4.1
tt1127180,6.1
tt1130080,6.9
tt1144551,6.3
tt1151359,6.8
tt1123373,6.6
tt1132449,5.7
tt1130884,7.2
tt1132626,6.0
tt1136608,7.3
tt1164666,6.5
tt1114677,4.4
tt1139797,7.6
tt1160368,5.6
tt1170391,5.3
tt1152398,5.6
tt1109624,6.9
tt1172991,6.5
tt1172998,6.2
tt1148204,6.7
tt1132620,7.2
tt1075747,4.6
tt1144884,6.0
tt1155076,6.2
tt1174730,6.5
tt1124035,6.8
tt1105733,5.1
tt1142977,7.1
tt1121096,6.3
tt1175491,6.6
tt1156398,6.9
tt1161864,6.1
tt1135985,6.5
tt1179069,5.3
tt1166100,6.9
tt1179904,5.1
tt1139328,6.9
tt1084972,5.8
tt1171222,5.0
tt1129437,6.4
tt1129442,6.2
tt1129445,6.0
tt1185616,7.1
tt1174732,7.0
tt1149361,7.4
tt1179034,6.2
tt1135084,6.3
tt1142988,6.4
tt1179258,5.9
tt1155056,6.4
tt1194417,5.5
tt1171701,8.1
tt1185420,6.5
tt1180583,6.9
tt1183251,6.1
tt1182345,7.4
tt1185344,6.1
tt1186366,7.1
tt1152836,7.0
tt1190080,5.7
tt1197624,6.0
tt1175506,6.8
tt1198138,5.6
tt1189340,6.6
tt1172060,4.2
tt1189893,6.5
tt1186830,7.2
tt1201167,6.3
tt1191111,6.9
tt1104001,7.0
tt1167599,5.6
tt1204975,6.7
tt1195478,6.1
tt1193516,4.4
tt1210042,5.4
tt1196134,5.6
tt1182972,5.8
tt1187043,7.7
tt1130988,6.7
tt1189073,7.5
tt1210071,5.9
tt1212419,7.1
tt1186367,6.6
tt1212436,5.2
tt1179056,5.8
tt1212909,5.5
tt1193631,6.0
tt1201607,7.6
tt1190617,5.5
tt1179891,5.5
tt1155705,6.6
tt1193138,7.1
tt1170398,5.6
tt1170358,7.7
tt1185834,6.3
tt1204977,5.2
tt1181614,6.3
tt1174041,4.4
tt1196340,6.3
tt1217613,5.2
tt1206543,6.4
tt1206483,5.4
tt1133985,5.8
tt1220634,5.9
tt1212450,7.4
tt1213648,6.6
tt1205537,6.4
tt1216487,7.3
tt1213644,4.0
tt1192628,7.0
tt1194173,7.0
tt1225822,6.8
tt1227165,5.9
tt1228953,6.8
tt1204342,6.2
tt1205489,7.9
tt1230215,6.1
tt1230414,6.3
tt1216492,5.5
tt1196170,3.7
tt1219289,7.1
tt1190536,7.3
tt1211956,5.7
tt1232200,5.6
tt1220719,7.2
tt1232207,7.1
tt1224449,6.8
tt1214962,6.2
tt1234560,4.7
tt1226229,5.7
tt1235522,6.2
tt1235796,6.8
tt1220198,4.8
tt1231277,4.4
tt1216491,7.0
tt1216640,3.6
tt1216496,7.3
tt1213012,5.6
tt1243974,7.0
tt1219342,6.7
tt1210166,6.9
tt1242599,6.4
tt1220628,5.3
tt1234548,6.6
tt1244754,6.9
tt1226273,6.7
tt1229238,7.1
tt1233227,6.0
tt1247640,6.0
tt1216475,6.6
tt1228987,7.5
tt1235189,6.6
tt1247704,5.6
tt1239426,7.0
tt1240982,6.2
tt1242432,6.3
tt1242457,5.8
tt1244659,6.5
tt1262981,6.2
tt1262416,6.0
tt1244668,7.0
tt1220888,6.5
tt1265990,5.0
tt1263795,5.9
tt1272018,6.8
tt1242422,7.7
tt1270835,5.8
tt1148165,6.3
tt1210819,6.8
tt1230448,5.5
tt1231587,6.3
tt1231580,5.8
tt1229340,6.7
tt1253864,6.4
tt1259521,7.2
tt1242460,7.5
tt1259571,5.2
tt1217209,7.2
tt1152822,6.7
tt1275863,7.1
tt1245112,5.7
tt1276104,7.2
tt1263670,6.7
tt1276105,5.7
tt1226753,7.1
tt1279935,6.1
tt1282140,7.1
tt1270262,6.4
tt1272878,6.7
tt1228705,6.7
tt1232829,7.0
tt1253863,6.7
tt1291549,5.8
tt1258972,5.0
tt1261945,5.0
tt1294213,6.4
tt1243957,6.4
tt1274300,6.4
tt1277953,6.9
tt1294688,6.8
tt1278340,5.9
tt1267297,5.9
tt1267500,5.0
tt1303828,6.2
tt1245526,6.6
tt1234721,5.1
tt1284575,6.1
tt1234719,6.1
tt1285016,6.8
tt1250777,7.3
tt1270761,6.4
tt1285309,6.3
tt1306980,7.7
tt1308138,6.8
tt1307068,6.8
tt1293793,4.4
tt1245736,3.7
tt1311067,6.4
tt1314228,5.6
tt1313092,6.9
tt1255953,7.2
tt1222817,5.1
tt1302011,6.4
tt1231583,6.5
tt1276419,7.0
tt1297919,6.4
tt1321860,6.6
tt1322312,6.4
tt1268799,6.6
tt1322313,6.7
tt1291580,6.9
tt1314655,6.2
tt1337051,7.0
tt1320244,5.3
tt1320239,5.7
tt1300851,6.3
tt1288558,6.4
tt1341188,6.5
tt1324059,6.5
tt1298649,6.4
tt1305591,5.4
tt1322269,6.7
tt1302067,5.5
tt1324999,5.2
tt1325004,5.2
tt1327773,7.1
tt1288403,5.1
tt1327194,6.6
tt1321870,6.8
tt1273678,5.2
tt1331064,6.0
tt1287468,5.5
tt1305806,6.8
tt1308729,5.9
tt1318514,6.9
tt1320253,6.1
tt1334260,7.1
tt1245492,6.7
tt1334512,6.3
tt1270798,7.1
tt1320261,5.7
tt1305797,7.6
tt1321511,6.4
tt1272051,5.6
tt1323594,6.8
tt1343097,7.5
tt1377278,7.4
tt1274295,7.4
tt1291150,6.4
tt1375666,8.4
tt1291584,7.3
tt1379177,6.4
tt1352824,6.4
tt1343092,7.0
tt1339161,6.7
tt1353810,3.7
tt1391137,4.8
tt1366344,5.7
tt1369706,4.6
tt1355630,6.6
tt1371150,6.6
tt1366365,5.1
tt1372686,6.8
tt1392214,7.3
tt1365050,7.8
tt1373243,6.3
tt1375670,5.7
tt1385826,6.6
tt1343727,6.3
tt1336608,6.2
tt1399103,6.0
tt1385867,5.6
tt1341167,6.8
tt1335975,6.4
tt1386588,6.4
tt1340838,5.2
tt1340138,6.3
tt1326972,7.1
tt1376213,5.3
tt1379222,6.1
tt1414382,5.8
tt1361313,6.0
tt1423995,5.5
tt1386932,7.3
tt1355683,7.0
tt1389137,6.7
tt1405810,6.5
tt1403214,6.9
tt1410063,6.9
tt1351685,6.4
tt1409024,6.5
tt1371111,7.3
tt1392190,7.3
tt1396226,6.9
tt1345836,7.8
tt1300854,6.9
tt1401152,6.2
tt1415283,6.6
tt1374992,6.3
tt1412386,7.3
tt1426329,6.6
tt1399683,7.1
tt1422136,6.0
tt1423894,7.0
tt1428538,6.1
tt1431181,7.4
tt1355546,7.0
tt1433811,7.3
tt1397280,6.2
tt1433822,4.1
tt1411238,6.1
tt1403177,7.0
tt1298650,6.9
tt1392197,4.4
tt1413495,5.8
tt1403865,7.1
tt1425922,4.3
tt1411250,5.5
tt1440232,7.1
tt1440266,6.8
tt1430132,6.6
tt1402488,6.2
tt1392170,6.5
tt1430626,6.7
tt1396208,5.3
tt1447972,6.2
tt1396218,6.2
tt1433108,6.3
tt1436559,4.9
tt1452628,5.2
tt1408101,6.9
tt1436045,7.4
tt1440728,6.4
tt1462758,5.8
tt1440129,6.3
tt1462041,5.3
tt1437367,6.3
tt1430615,6.0
tt1440345,6.9
tt1440732,5.3
tt1424381,6.0
tt1441951,7.0
tt1430612,5.9
tt1446192,6.4
tt1476411,5.8
tt1454029,8.1
tt1448755,6.5
tt1408253,5.9
tt1454468,7.0
tt1437366,7.0
tt1470827,6.4
tt1456941,6.2
tt1457767,5.4
tt1454523,7.0
tt1438254,6.6
tt1411697,5.9
tt1411704,6.4
tt1478964,7.1
tt1486185,6.1
tt1397514,5.2
tt1370429,6.2
tt1441395,6.3
tt1467391,4.9
tt1403130,6.3
tt1418377,6.0
tt1487118,6.7
tt1464580,6.2
tt1478338,6.8
tt1477076,5.6
tt1500516,6.8
tt1458175,6.7
tt1498569,6.8
tt1486193,5.9
tt1480656,5.0
tt1464191,6.3
tt1504320,6.1
tt1486192,6.2
tt1506999,6.7
tt1504319,5.1
tt1446714,6.3
tt1510907,6.4
tt1514041,5.7
tt1512235,6.1
tt1470023,4.5
tt1488555,6.1
tt1521197,6.9
tt1489167,6.4
tt1517489,5.7
tt1527186,6.9
tt1502404,5.2
tt1496832,5.4
tt1527679,6.9
tt1464174,4.8
tt1532503,6.9
tt1482459,6.5
tt1477109,6.3
tt1532261,5.7
tt1483013,7.0
tt1465487,6.2
tt1366687,6.0
tt1517260,5.5
tt1535108,7.2
tt1535970,6.1
tt1535438,6.6
tt1496422,6.0
tt1451797,6.9
tt1540133,7.1
tt1462900,6.5
tt1544600,5.9
tt1531663,6.7
tt1507563,4.3
tt1532382,5.9
tt1529572,6.8
tt1509767,6.0
tt1560139,7.3
tt1491044,6.7
tt1447508,7.3
tt1436562,6.3
tt1535616,5.3
tt1464540,5.9
tt1555064,6.8
tt1560747,7.5
tt1541160,6.1
tt1536048,6.7
tt1538403,5.7
tt1524137,6.4
tt1524930,5.9
tt1499658,6.6
tt1453405,7.2
tt1532958,5.3
tt1542482,6.8
tt1483010,6.1
tt1547234,6.2
tt1566501,6.0
tt1568338,5.5
tt1549572,6.9
tt1515091,7.3
tt1549589,6.0
tt1554091,7.2
tt1570728,6.7
tt1578275,6.2
tt1582271,5.5
tt1560985,5.0
tt1572491,6.7
tt1502712,5.9
tt1529235,6.3
tt1563738,6.5
tt1586752,6.2
tt1562873,5.4
tt1584131,3.3
tt1564585,4.4
tt1564349,6.6
tt1528100,6.4
tt1591095,6.5
tt1591479,6.4
tt1542344,7.6
tt1594562,5.3
tt1547230,4.1
tt1568346,7.3
tt1598778,7.1
tt1562568,6.0
tt1559547,6.4
tt1582637,4.5
tt1490017,7.3
tt1583420,6.1
tt1598822,5.5
tt1587310,6.5
tt1583421,6.9
tt1599348,6.2
tt1588173,7.0
tt1600195,6.5
tt1541995,6.1
tt1588334,6.1
tt1602620,7.9
tt1602613,6.7
tt1604171,5.4
tt1588337,6.8
tt1603257,4.6
tt1605783,6.9
tt1533749,6.4
tt1596365,6.9
tt1568921,7.3
tt1596343,6.4
tt1536044,5.6
tt1612774,6.2
tt1571222,6.6
tt1609168,7.1
tt1602476,6.0
tt1615147,7.0
tt1600196,7.4
tt1586265,6.3
tt1595366,7.2
tt1616195,6.8
tt1568911,6.7
tt1449283,7.2
tt1487931,5.9
tt1625346,6.0
tt1623288,8.1
tt1596363,6.9
tt1611224,6.0
tt1606267,6.0
tt1606378,6.3
tt1609479,6.3
tt1602472,6.0
tt1620549,5.9
tt1601913,6.8
tt1569465,5.0
tt1535109,7.7
tt1605630,6.3
tt1592525,6.0
tt1617661,7.1
tt1640459,6.7
tt1605769,6.0
tt1640711,6.1
tt1496025,6.5
tt1606392,7.2
tt1622979,5.8
tt1598828,5.3
tt1480660,6.7
tt1613062,7.4
tt1633356,4.0
tt1630036,6.6
tt1599975,6.4
tt1637688,6.4
tt1564367,6.4
tt1647668,7.1
tt1650062,6.3
tt1651118,7.5
tt1621045,6.2
tt1618442,6.0
tt1622547,6.1
tt1640548,6.5
tt1656190,6.2
tt1606389,6.3
tt1656186,6.2
tt1655442,6.3
tt1657510,5.8
tt1646971,7.9
tt1661199,6.2
tt1636826,7.0
tt1615918,5.4
tt1646980,5.8
tt1663143,5.4
tt1602098,6.5
tt1649419,7.1
tt1648112,6.3
tt1615065,6.4
tt1649443,5.5
tt1569364,5.8
tt1621039,5.8
tt1655420,6.9
tt1667310,6.3
tt1631867,7.2
tt1672091,6.9
tt1657507,6.2
tt1645089,8.0
tt1680679,7.0
tt1572315,4.7
tt1623205,6.6
tt1640484,5.7
tt1675192,6.9
tt1674784,6.2
tt1634122,6.5
tt1659337,7.5
tt1682180,6.8
tt1637725,7.1
tt1666186,4.0
tt1684233,6.3
tt1650043,6.4
tt1650554,6.6
tt1666801,6.6
tt1694020,6.7
tt1673434,5.2
tt1645170,6.2
tt1386703,6.2
tt1695765,6.6
tt1705772,6.9
tt1634003,6.8
tt1700423,6.2
tt1663202,7.2
tt1661382,6.5
tt1675434,6.9
tt1637706,6.4
tt1663662,6.4
tt1710396,5.7
tt1714209,4.8
tt1690953,6.2
tt1663321,7.1
tt1687901,5.5
tt1720047,7.4
tt1719071,5.4
tt1668200,6.3
tt1667353,5.8
tt1656192,6.4
tt1695994,5.3
tt1632708,6.1
tt1700258,6.0
tt1675197,6.5
tt1725795,6.9
tt1711425,6.1
tt1680058,6.8
tt1731697,6.4
tt1655441,6.8
tt1702439,6.6
tt1667889,6.9
tt1698641,6.2
tt1727388,7.4
tt1740710,3.9
tt1742336,5.9
tt1706593,6.4
tt1740707,7.0
tt1726589,5.6
tt1726669,6.7
tt1674771,5.7
tt1683921,6.3
tt1691917,6.4
tt1714206,6.8
tt1748179,6.0
tt1753722,7.4
tt1731141,6.7
tt1726861,6.0
tt1646987,6.0
tt1712170,5.6
tt1692486,6.4
tt1740017,6.0
tt1723642,5.6
tt1699745,6.0
tt1716777,6.9
tt1758795,5.8
tt1723811,7.0
tt1764183,6.0
tt1701210,6.5
tt1766044,7.0
tt1670345,6.6
tt1742334,6.6
tt1748122,7.0
tt1638355,6.7
tt1765729,3.2
tt1772240,5.2
tt1742650,5.4
tt1728986,5.1
tt1787759,4.8
tt1756415,5.9
tt1758595,5.7
tt1758692,6.4
tt1729637,5.2
tt1791682,6.9
tt1790885,7.4
tt1762399,6.3
tt1793224,7.2
tt1798684,7.5
tt1758830,6.1
tt1764234,6.5
tt1714203,5.0
tt1800246,6.1
tt1798709,7.3
tt1772230,6.0
tt1770734,6.2
tt1727776,6.2
tt1810618,5.6
tt1778304,5.4
tt1777595,6.5
tt1735898,6.5
tt1788391,6.4
tt1820462,6.0
tt1821478,6.0
tt1333125,4.5
tt1719474,5.8
tt1791528,6.7
tt1735221,5.8
tt1742044,6.5
tt1767382,5.3
tt1821593,7.4
tt1821549,7.8
tt1828959,5.9
tt1796657,6.7
tt1800241,6.9
tt1800741,6.2
tt1826660,5.5
tt1706620,6.7
tt1659343,4.9
tt1831829,5.9
tt1813519,4.5
tt1820555,5.2
tt1814621,6.0
tt1850457,6.3
tt1816518,7.5
tt1821317,6.7
tt1796603,3.1
tt1723121,6.8
tt1855199,6.8
tt1823672,7.3
tt1853728,7.7
tt1821682,6.0
tt1855325,5.9
tt1596346,5.9
tt1861356,3.3
tt1859650,6.9
tt1862079,7.1
tt1810861,6.5
tt1720254,5.2
tt1815862,5.2
tt1837709,6.4
tt1840417,6.9
tt1839596,6.5
tt1707386,7.8
tt1790864,6.7
tt1885300,6.4
tt1893256,6.8
tt1881002,5.6
tt1854564,5.8
tt1860152,6.3
tt1907668,6.6
tt1899353,6.6
tt1831602,8.3
tt1857842,5.6
tt1915581,6.6
tt1849718,7.0
tt1780762,5.3
tt1922685,6.8
tt1772341,7.5
tt1823664,5.8
tt1866249,7.2
tt1867093,5.6
tt1924396,7.5
tt1840309,6.6
tt1931533,7.6
tt1925431,5.7
tt1869716,6.8
tt1934231,7.6
tt1904996,6.3
tt1895587,7.1
tt1854236,7.2
tt1935179,6.9
tt1905041,6.4
tt1764651,6.5
tt1826590,6.2
tt1934269,6.9
tt1920849,5.7
tt1809398,6.9
tt1946347,5.1
tt1747958,6.4
tt1837703,6.1
tt1924435,6.5
tt1843866,6.5
tt1922777,6.0
tt1876517,5.3
tt1817273,7.3
tt1876451,5.9
tt1969062,6.4
tt1954701,7.4
tt1841642,5.3
tt1937339,7.2
tt1860353,6.3
tt1976608,7.3
tt1945062,5.2
tt1951181,6.6
tt1980929,7.2
tt1979320,7.1
tt1954352,5.5
tt1877832,7.0
tt1966566,6.3
tt1872194,7.3
tt1990314,6.3
tt1847713,5.9
tt1924429,6.8
tt1911644,6.1
tt1967545,7.0
tt1932767,6.8
tt1931435,5.9
tt1959490,6.8
tt2011159,5.7
tt1821480,5.9
tt1939659,5.7
tt2005374,6.2
tt1852770,4.3
tt1981677,7.0
tt2016940,5.6
tt1921064,5.9
tt1951264,7.1
tt1986040,3.8
tt1929263,5.8
tt1996264,5.3
tt2017038,7.0
tt1948150,5.5
tt2004420,6.4
tt2004432,6.2
tt2053463,7.1
tt1972571,6.7
tt1985019,6.3
tt2013293,7.7
tt2025526,7.2
tt2012665,4.9
tt1972779,6.6
tt1980209,6.7
tt1951265,6.7
tt2002718,5.3
tt1951261,5.9
tt1954470,7.5
tt1764625,5.9
tt2082436,6.3
tt1951266,6.7
tt2084989,6.9
tt2024544,7.4
tt1934234,6.9
tt2042568,7.2
tt1956620,5.3
tt2070649,7.6
tt2039393,6.3
tt2094854,6.8
tt2097307,5.3
tt2063781,6.6
tt2101441,6.0
tt2062575,6.8
tt1964418,6.9
tt2080374,7.2
tt2076251,5.9
tt2083355,6.4
tt2106361,5.3
tt1999910,6.6
tt2024432,5.6
tt2084970,7.9
tt2023453,6.4
tt2109248,6.0
tt2088012,7.3
tt2058107,7.0
tt2053425,7.1
tt2112999,7.2
tt2016894,6.0
tt2103254,4.9
tt2140465,6.9
tt2015381,7.3
tt1872181,6.5
tt2145803,7.4
tt2006295,6.3
tt2051894,5.7
tt2088003,5.8
tt2170299,6.7
tt2157186,5.1
tt2169322,7.1
tt2088871,5.5
tt2171867,6.6
tt2106476,8.0
tt2091473,6.5
tt2126362,5.5
tt2103217,6.1
tt2132285,6.0
tt2181931,7.9
tt2137992,5.0
tt1911658,6.3
tt2140373,6.4
tt2182972,5.8
tt2076176,6.6
tt2145258,3.9
tt2125435,7.3
tt2023587,6.2
tt2184339,6.0
tt2196254,6.4
tt2106741,6.1
tt2187153,6.9
tt2168910,6.2
tt2024469,7.0
tt2034139,4.2
tt2167202,4.4
tt2199571,6.7
tt2193215,6.4
tt2109184,5.2
tt2178470,7.0
tt2203939,6.0
tt2126355,6.0
tt2209764,6.3
tt2101473,6.8
tt2180411,6.5
tt2244376,6.9
tt2243389,7.2
tt2103267,6.3
tt2265171,6.6
tt2096673,8.1
tt2199711,7.1
tt2120120,6.0
tt2279339,6.5
tt2223990,6.8
tt1981115,6.8
tt2140037,6.5
tt1985966,6.7
tt2183034,5.8
tt2292959,5.6
tt2243537,4.8
tt2112124,5.1
tt2293640,6.0
tt2267998,7.6
tt2262227,6.0
tt2058673,6.1
tt2275471,5.4
tt2294677,6.7
tt2299842,6.8
tt2268016,6.8
tt2179136,7.1
tt2103281,6.7
tt2133234,3.9
tt2177771,6.3
tt2234155,6.2
tt2224026,6.7
tt2224004,6.1
tt2239832,6.2
tt2226666,5.5
tt2247692,5.4
tt2239866,6.3
tt2321549,6.9
tt2246595,5.2
tt2172935,7.3
tt2326554,6.7
tt2295196,6.7
tt2334879,6.6
tt2302755,6.3
tt2334873,6.9
tt2204243,6.1
tt2304517,3.4
tt2305051,7.2
tt2304655,7.1
tt2343793,7.3
tt2356180,6.5
tt2281587,6.3
tt2243621,5.2
tt2309260,4.3
tt2247476,6.6
tt2191701,5.7
tt2309961,6.3
tt2355495,6.9
tt2304771,7.0
tt2210834,6.4
tt2357129,5.9
tt2245084,6.8
tt2278388,8.0
tt2322441,4.1
tt2224317,6.5
tt2312718,6.3
tt2017020,5.4
tt2338151,7.8
tt2209418,7.3
tt2358925,6.7
tt2170439,6.5
tt2096672,5.7
tt2377938,7.1
tt2371486,6.7
tt2316801,6.4
tt2345112,6.6
tt2345561,6.2
tt2363213,6.3
tt2386502,3.9
tt2387433,5.8
tt2319580,6.7
tt2402613,4.2
tt2350496,7.8
tt2318092,6.7
tt2357926,5.8
tt2345737,6.6
tt2364841,6.4
tt2404181,6.7
tt2404461,7.5
tt2229848,5.3
tt2279373,6.5
tt2278871,7.0
tt2339741,5.5
tt2404463,6.6
tt2382396,6.7
tt2363047,7.3
tt2407826,4.8
tt1782568,6.1
tt2355765,6.3
tt2328813,6.5
tt2381111,7.4
tt2294629,6.9
tt2381941,5.9
tt2452254,6.7
tt2258337,7.5
tt2403021,5.4
tt2369135,6.4
tt2463288,5.8
tt2465146,6.5
tt2357377,6.6
tt2358891,7.2
tt2495104,4.6
tt2494384,5.3
tt2425542,4.6
tt2436386,5.4
tt2358592,7.9
tt2387559,6.1
tt2395427,6.7
tt2310332,7.7
tt2397535,6.5
tt2398143,7.3
tt2333784,6.2
tt2402157,6.3
tt2456720,5.5
tt2581244,6.2
tt2389344,6.9
tt2582802,6.1
tt2473682,5.4
tt2404311,6.1
tt2424988,6.1
tt2510894,6.2
tt2643308,6.8
tt2431286,7.3
tt2446980,7.1
tt2550838,5.7
tt2555958,7.3
tt2678948,6.1
tt2388715,6.5
tt2459022,6.0
tt2357291,6.4
tt2381249,7.1
tt2717822,5.4
tt2294449,6.9
tt2713180,6.8
tt2692904,6.8
tt2476154,4.6
tt2551378,6.0
tt2637294,5.6
tt2795414,6.0
tt2555736,6.8
tt2626350,5.6
tt2667960,5.8
tt2523600,6.8
tt2752758,4.0
tt2699290,5.4
tt2446042,6.2
tt2585840,5.1
tt2637276,6.6
tt2720680,6.3
tt2597126,6.9
tt2717558,6.8
tt2719848,7.2
tt2872718,6.6
tt2526660,5.9
tt2467046,4.0
tt2718492,6.9
tt2726560,6.5
tt2465578,6.7
tt2872732,6.3
tt2737050,7.2
tt2515034,6.1
tt2576852,8.1
tt2883512,6.4
tt2488496,6.8
tt2582846,6.9
tt2668134,6.2
tt2883434,6.4
tt2848292,6.8
tt2639254,6.6
tt2799166,4.9
tt2820852,6.4
tt2870612,6.0
tt2911666,5.8
tt2870708,6.9
tt3018070,5.0
tt2528814,4.6
tt3074732,7.1
tt3075360,7.7
tt3079380,7.2
tt3125324,7.1
tt3099498,6.6
tt2562232,7.4
tt3121604,7.5
tt2933544,5.8
tt2908856,6.4
tt2844798,6.6
tt2869728,6.0
tt3142232,7.0
tt2572764,3.0
tt2967224,4.9
tt3181822,4.6
tt2378281,7.0
tt3007512,6.9
tt2980516,7.3
tt2918436,5.0
tt2975578,6.2
tt2980706,6.3
tt2980648,7.0
tt2788710,6.7
tt3014666,6.0
tt3045616,5.5
tt2771372,6.4
tt3233224,7.3
tt2802144,7.4
tt3235888,6.6
tt2888046,6.9
tt2379713,6.9
tt3177316,5.6
tt2910814,6.0
tt2806788,6.8
tt2561572,6.7
tt3312830,7.1
tt3321428,5.9
tt3170832,8.3
tt2978462,6.6
tt2800038,4.8
tt3442006,6.5
tt3322940,4.1
tt2877108,7.8
tt3433074,5.3
tt2908446,6.4
tt3195644,6.4
tt3202120,5.2
tt3612616,7.5
tt3713166,5.7
tt2855648,7.7
tt3259320,4.9
tt3298690,5.3
tt4164458,7.5
tt3274666,4.2
tt3850214,6.6
tt3322364,7.0
tt3098306,5.5
tt3982448,6.1
tt3331846,7.2
tt2473510,4.6
tt4164468,7.5
tt4263482,7.3
tt3483712,5.7
tt2707858,6.2
tt4271820,7.6
tt4523112,8.9
tt3541262,6.8
tt3037582,7.7
tt3534602,5.9
tt3788918,6.1
tt3659388,7.8
tt3781476,6.5
tt3076658,7.6
tt4442758,6.0
tt3966404,7.3
tt4806232,8.3
tt3805180,7.1
tt3451498,7.2
tt3316960,7.5
tt4537362,1.2
tt2692250,6.0
tt4761270,6.9
tt4881242,6.1
tt2909116,6.5
tt4046784,6.6
tt3668162,8.3
tt3060952,6.9
tt4228746,4.7
tt3384870,4.2
tt3819668,7.1
tt4282396,7.0
tt3622592,6.9
tt3210686,6.3
tt4686604,6.5
tt3850590,6.6
tt4258292,6.9
tt3258080,7.0
tt5190958,9.1
tt3450650,4.9
tt4110568,7.0
tt3284618,5.1
tt4644382,7.3
tt4714204,3.9
tt4187590,6.4
tt3399024,6.7
tt4387040,7.3
tt3063516,6.6
