tt0098987,5.5
tt0099044,5.7
tt0099052,6
tt0099088,5.8
tt0099142,5.1
tt0099165,6.2
tt0099253,5.9
tt0099329,6.1
tt0099348,6.3
tt0099365,6.2
tt0099371,6.4
tt0099422,6.2
tt0099423,5.7
tt0099487,6.3
tt0099578,5.3
tt0099582,6.2
tt0099611,5.9
tt0099653,6
tt0099674,6.1
tt0099685,6.2
tt0099697,5.4
tt0099700,5.5
tt0099739,5.4
tt0099740,5.7
tt0099747,6.1
tt0099785,6.1
tt0099800,5.3
tt0099810,6.3
tt0099817,5.4
tt0099871,6.1
tt0099938,6
tt0100029,5.4
tt0100083,6.2
tt0100114,5.3
tt0100129,5.8
tt0100140,6.3
tt0100150,6.1
tt0100157,6.5
tt0100168,6.3
tt0100201,5.9
tt0100240,5.2
tt0100258,5.8
tt0100260,6.2
tt0100403,5.7
tt0100405,6.4
tt0100419,5.7
tt0100477,6.2
tt0100502,5.2
tt0100507,5.3
tt0100594,6
tt0100666,5.4
tt0100740,5.9
tt0100758,6.3
tt0100802,5.9
tt0100814,5.8
tt0100828,6.2
tt0100935,6.3
tt0101272,5.9
tt0101371,5.9
tt0101373,5.8
tt0101393,6.2
tt0101410,6.3
tt0101414,7.3
tt0101507,7.4
tt0101540,6.4
tt0101587,6.2
tt0101615,3.5
tt0101700,6.9
tt0101701,5.8
tt0101757,5.9
tt0101761,5.8
tt0101764,5.1
tt0101786,5.9
tt0101889,7.1
tt0101902,6
tt0101917,5
tt0101921,6.5
tt0102034,5.5
tt0102057,6.5
tt0102059,5.9
tt0102070,5.9
tt0102116,6.2
tt0102138,7.3
tt0102175,6.1
tt0102266,5.9
tt0102395,4.5
tt0102411,5.9
tt0102460,5
tt0102510,5.6
tt0102526,5.6
tt0102558,5.8
tt0102603,5.7
tt0102614,5.3
tt0102631,5.9
tt0102685,5.6
tt0102687,6.6
tt0102749,5.6
tt0102753,6.2
tt0102757,6.1
tt0102782,5.3
tt0102798,6.3
tt0102802,5.9
tt0102803,6.1
tt0102818,5.7
tt0102849,6.1
tt0102900,5.9
tt0102915,5.1
tt0102926,7.7
tt0102945,6
tt0102975,6.4
tt0103007,6.2
tt0103060,5.8
tt0103064,5.6
tt0103074,5.9
tt0103241,6.2
tt0103247,6
tt0103594,6.1
tt0103639,6.7
tt0103644,6.4
tt0103759,6
tt0103772,6
tt0103776,6.2
tt0103855,6.2
tt0103859,5.4
tt0103873,6.9
tt0103874,6.4
tt0103919,5.7
tt0103924,6.1
tt0103956,5.1
tt0103962,6.4
tt0103976,6.3
tt0103977,4.9
tt0104006,6.3
tt0104036,6
tt0104107,6
tt0104109,6.5
tt0104215,5.3
tt0104225,5.4
tt0104231,6.4
tt0104257,6.6
tt0104348,6.5
tt0104376,6.1
tt0104389,5.5
tt0104409,5
tt0104431,6.2
tt0104437,5.1
tt0104549,5.9
tt0104558,6.6
tt0104573,6.1
tt0104691,6.4
tt0104692,4.9
tt0104694,6.3
tt0104714,6.3
tt0104779,6.2
tt0104797,6.8
tt0104804,5.9
tt0104815,6.4
tt0104850,5.7
tt0104868,6
tt0104928,6.1
tt0104952,6.3
tt0105017,6.4
tt0105078,5.9
tt0105104,5.2
tt0105112,6.1
tt0105128,5.5
tt0105151,6.1
tt0105211,5.7
tt0105219,5.7
tt0105236,5.6
tt0105323,6.2
tt0105378,6.4
tt0105399,6.6
tt0105414,6.2
tt0105488,6.3
tt0105508,6.5
tt0105652,6.4
tt0105665,5.3
tt0105690,5
tt0105695,6.7
tt0105793,5.7
tt0105824,5.7
tt0106226,6.8
tt0106233,5.5
tt0106246,5.9
tt0106364,5.9
tt0106375,5.5
tt0106447,6.1
tt0106452,5.9
tt0106453,5.1
tt0106464,6.2
tt0106489,5.9
tt0106505,5.5
tt0106519,6.3
tt0106521,4.9
tt0106557,4.7
tt0106582,5.8
tt0106611,6.2
tt0106627,5.5
tt0106664,6
tt0106677,5.9
tt0106697,6.1
tt0106701,6.1
tt0106761,4.9
tt0106770,6
tt0106856,6.3
tt0106912,5.5
tt0106918,6.6
tt0106941,6.1
tt0106950,5.6
tt0106965,5.6
tt0106977,6.4
tt0107004,6.2
tt0107034,6.3
tt0107048,6
tt0107076,5.5
tt0107120,6.2
tt0107144,6
tt0107151,6.5
tt0107156,7.1
tt0107206,6.3
tt0107207,7.6
tt0107211,6.2
tt0107254,4.2
tt0107277,6
tt0107282,6.8
tt0107290,6.6
tt0107302,6.6
tt0107362,6.3
tt0107387,4.8
tt0107426,6
tt0107504,4.9
tt0107507,6.2
tt0107554,6.1
tt0107594,5.9
tt0107614,6.4
tt0107659,5.9
tt0107688,6.3
tt0107719,5.7
tt0107750,4.9
tt0107808,6.7
tt0107818,7
tt0107822,6.3
tt0107840,5.9
tt0107943,6.9
tt0107953,4.9
tt0107977,6
tt0107978,4.5
tt0108000,5.8
tt0108002,6.5
tt0108041,7.2
tt0108052,6.6
tt0108160,6.3
tt0108162,5.6
tt0108174,6.1
tt0108187,6.1
tt0108255,6.1
tt0108308,5.9
tt0108320,6.1
tt0108333,6.1
tt0108358,6.3
tt0108395,5.9
tt0108399,5.7
tt0108550,6.7
tt0109040,5.6
tt0109067,5.8
tt0109190,5.7
tt0109254,5.4
tt0109368,6.3
tt0109370,6
tt0109376,4.3
tt0109402,5.7
tt0109444,6.2
tt0109445,6.5
tt0109446,6.4
tt0109447,5.9
tt0109456,5.7
tt0109506,6.2
tt0109635,6.3
tt0109686,6.1
tt0109707,6.2
tt0109813,5.9
tt0109830,7
tt0109831,6.2
tt0109836,6.7
tt0110005,6.7
tt0110027,5.7
tt0110057,8
tt0110066,5.8
tt0110146,6
tt0110148,6.9
tt0110186,5.7
tt0110216,6.3
tt0110265,6.4
tt0110289,6.8
tt0110322,6.6
tt0110329,4.4
tt0110357,6.2
tt0110399,6
tt0110413,6.3
tt0110475,6
tt0110598,6.7
tt0110622,5.6
tt0110632,5.8
tt0110657,4.9
tt0110725,5.7
tt0110729,6.7
tt0110759,6
tt0110763,6
tt0110912,6.8
tt0110944,5.6
tt0110950,6.3
tt0110955,6.4
tt0110971,5.7
tt0110978,5.4
tt0111070,5.8
tt0111143,5.9
tt0111161,6.4
tt0111187,6.1
tt0111255,5.8
tt0111257,6
tt0111280,6.4
tt0111282,6.6
tt0111301,5.3
tt0111323,5
tt0111333,6.1
tt0111400,5.7
tt0111419,6.2
tt0111438,5.6
tt0111503,5.9
tt0111579,6.5
tt0111686,5.4
tt0111756,6.4
tt0112281,6.2
tt0112346,6.3
tt0112384,6.7
tt0112401,6.2
tt0112431,6.3
tt0112442,5.7
tt0112462,6.3
tt0112471,6.9
tt0112508,6
tt0112541,6.5
tt0112571,6.1
tt0112573,6.8
tt0112579,6.6
tt0112641,6.2
tt0112642,5.8
tt0112682,6.7
tt0112715,5.8
tt0112740,6.4
tt0112760,6.1
tt0112818,6.3
tt0112851,5.8
tt0112857,6.2
tt0112864,6.4
tt0112870,6.6
tt0112883,6.4
tt0113010,5.3
tt0113071,6
tt0113101,5.9
tt0113118,5.5
tt0113161,6.2
tt0113189,6.1
tt0113243,6
tt0113253,5.4
tt0113277,6.2
tt0113303,5.9
tt0113326,6.3
tt0113347,5.8
tt0113362,6.2
tt0113409,5.7
tt0113451,5.9
tt0113463,6.1
tt0113481,5.7
tt0113492,5.3
tt0113497,6.1
tt0113540,6.5
tt0113627,6
tt0113677,6.4
tt0113691,6.2
tt0113749,5.7
tt0113808,5.8
tt0113819,7
tt0113820,4.9
tt0113845,6.1
tt0113855,5.4
tt0113957,6
tt0113965,5.9
tt0113972,6.3
tt0113987,6.5
tt0114011,5.8
tt0114095,5.9
tt0114108,5.6
tt0114113,6.2
tt0114148,6.5
tt0114172,5.3
tt0114194,6
tt0114214,6.6
tt0114287,6.5
tt0114296,6.2
tt0114345,6
tt0114367,5.3
tt0114369,7.4
tt0114388,6.7
tt0114436,5.3
tt0114478,6.3
tt0114508,5.8
tt0114536,6.1
tt0114558,6.1
tt0114576,5.8
tt0114609,5.5
tt0114614,5.6
tt0114660,5.6
tt0114666,5.7
tt0114681,6.5
tt0114697,4.7
tt0114709,6.1
tt0114746,7.1
tt0114781,5.4
tt0114814,5.9
tt0114825,5.7
tt0114885,5.8
tt0114887,6.2
tt0114898,6.1
tt0114924,5.9
tt0115433,6.3
tt0115571,5.7
tt0115632,6.5
tt0115676,5.5
tt0115734,6.5
tt0115736,5.7
tt0115759,6
tt0115783,5.9
tt0115798,6.3
tt0115857,6.4
tt0115862,6.2
tt0115906,6.2
tt0115956,6
tt0115963,6.1
tt0115986,5.4
tt0115994,5.5
tt0116040,6
tt0116118,5.7
tt0116136,6
tt0116191,6.1
tt0116209,6.5
tt0116213,6
tt0116225,6.1
tt0116250,6.3
tt0116253,5.9
tt0116269,5.8
tt0116277,6.1
tt0116282,6.7
tt0116313,6.1
tt0116320,5.6
tt0116322,5.5
tt0116324,6.2
tt0116365,5.9
tt0116367,6.3
tt0116404,6.4
tt0116409,6.4
tt0116483,5.7
tt0116514,5.1
tt0116583,6.5
tt0116629,6.3
tt0116654,6.1
tt0116683,6.2
tt0116695,6.1
tt0116705,6
tt0116707,5.7
tt0116722,6.7
tt0116743,6.3
tt0116778,5.6
tt0116830,5.9
tt0116905,6.8
tt0116922,6.8
tt0116985,6.4
tt0116996,6.5
tt0117001,5.7
tt0117002,6.5
tt0117008,6.3
tt0117011,5.7
tt0117039,6.7
tt0117060,6.4
tt0117104,5.8
tt0117218,5.7
tt0117318,6.4
tt0117331,5.4
tt0117333,6.2
tt0117372,6.3
tt0117420,5.2
tt0117438,6.4
tt0117477,6.1
tt0117500,6.2
tt0117509,6.5
tt0117571,6.5
tt0117589,7
tt0117603,6.1
tt0117628,5.6
tt0117653,5.2
tt0117665,6.5
tt0117666,6.1
tt0117705,6.1
tt0117718,6.3
tt0117724,5.6
tt0117731,6.4
tt0117765,5.6
tt0117786,5.8
tt0117791,6.4
tt0117802,6.3
tt0117826,5.3
tt0117913,6.4
tt0117951,6.4
tt0117998,6.2
tt0118158,5.8
tt0118531,6
tt0118548,6.7
tt0118564,6.1
tt0118570,6
tt0118571,6.6
tt0118577,5.7
tt0118583,6.1
tt0118589,5.3
tt0118604,5.7
tt0118607,6.3
tt0118615,5.8
tt0118617,6
tt0118623,6
tt0118655,5.6
tt0118661,6.1
tt0118665,5.5
tt0118688,6.3
tt0118689,6.2
tt0118715,6.5
tt0118736,6.7
tt0118747,5.7
tt0118749,6.5
tt0118771,6.2
tt0118789,5.8
tt0118798,6.2
tt0118799,7.1
tt0118826,7.3
tt0118829,6.1
tt0118842,6.2
tt0118849,8.3
tt0118880,6.1
tt0118883,6.2
tt0118884,6.4
tt0118887,6.2
tt0118928,5.2
tt0118929,6.2
tt0118956,5.7
tt0118971,6.3
tt0118972,6.5
tt0118998,6
tt0119008,6.1
tt0119038,5.9
tt0119079,6.5
tt0119081,6.3
tt0119099,6.5
tt0119116,6.4
tt0119123,5.5
tt0119137,6
tt0119142,5.8
tt0119164,6.6
tt0119173,6.1
tt0119174,6.5
tt0119177,6.5
tt0119210,6
tt0119217,6.6
tt0119223,6.5
tt0119256,6.4
tt0119282,5.9
tt0119303,5.1
tt0119304,5.8
tt0119314,6.5
tt0119324,5.7
tt0119345,5.6
tt0119346,6.7
tt0119349,6.6
tt0119395,6.4
tt0119396,5.7
tt0119468,6.1
tt0119488,6.7
tt0119517,6.1
tt0119528,6
tt0119550,7
tt0119558,5.9
tt0119567,6.3
tt0119578,6.5
tt0119579,5.5
tt0119643,6.3
tt0119654,6.3
tt0119664,5.2
tt0119668,6.3
tt0119675,5.9
tt0119698,6.6
tt0119707,4.9
tt0119715,6.3
tt0119738,6.2
tt0119746,6
tt0119822,6.1
tt0119832,5.5
tt0119870,5.5
tt0119906,5.9
tt0119925,6.5
tt0119934,6.2
tt0119937,6
tt0119951,6.8
tt0119978,6.3
tt0120004,5.8
tt0120008,5.9
tt0120042,5.6
tt0120053,5.7
tt0120082,6.2
tt0120094,5.7
tt0120102,6.4
tt0120107,5.9
tt0120122,6.5
tt0120148,6.2
tt0120157,6.2
tt0120177,5.6
tt0120179,6
tt0120184,6.1
tt0120188,6.4
tt0120201,4.9
tt0120207,4.6
tt0120244,6.8
tt0120255,6.9
tt0120338,6.4
tt0120347,6.2
tt0120363,6.5
tt0120382,6.5
tt0120389,3.9
tt0120390,5.9
tt0120399,6.4
tt0120434,5.7
tt0120458,5.5
tt0120467,5.7
tt0120483,6.2
tt0120484,6.1
tt0120524,5.1
tt0120531,5.1
tt0120577,6.1
tt0120586,6.5
tt0120587,6.2
tt0120591,6.3
tt0120595,6
tt0120596,6.2
tt0120601,6.7
tt0120604,5.1
tt0120611,5.8
tt0120616,5.9
tt0120620,6.1
tt0120623,6.1
tt0120630,6.6
tt0120631,6.1
tt0120632,6.2
tt0120633,6.2
tt0120645,5.5
tt0120646,5.9
tt0120647,6.4
tt0120655,6.9
tt0120657,5.9
tt0120660,6.2
tt0120663,6.8
tt0120667,6.2
tt0120669,6.6
tt0120679,6.2
tt0120681,6.3
tt0120684,6.4
tt0120685,6
tt0120689,6.3
tt0120693,6.3
tt0120694,6.3
tt0120696,6
tt0120703,5.8
tt0120722,6.2
tt0120735,6
tt0120737,7.9
tt0120738,5.7
tt0120746,6.7
tt0120755,6.1
tt0120757,6.1
tt0120762,6.2
tt0120764,5.5
tt0120768,6.4
tt0120769,6.1
tt0120770,5.7
tt0120777,6.3
tt0120780,6.7
tt0120784,6.2
tt0120787,6.4
tt0120791,6.4
tt0120794,6.3
tt0120802,7.3
tt0120804,5.9
tt0120812,6.6
tt0120815,6.4
tt0120828,6.1
tt0120832,6.1
tt0120836,5.1
tt0120844,6.4
tt0120857,6.6
tt0120863,6.4
tt0120873,6.1
tt0120885,6.4
tt0120888,6.1
tt0120889,6.1
tt0120890,6
tt0120891,6.6
tt0120902,5.8
tt0120903,6.6
tt0120906,5.9
tt0120907,6.5
tt0120910,7.2
tt0120912,6.2
tt0120913,6.3
tt0120915,6.6
tt0120917,5.9
tt0121164,6.8
tt0121765,6.4
tt0121766,6.7
tt0122151,6.3
tt0122194,5.5
tt0122459,6
tt0122541,6.6
tt0122690,6.4
tt0122718,6
tt0122933,6.2
tt0123755,6.1
tt0123948,6.7
tt0123964,5.5
tt0124102,5.3
tt0124179,5.4
tt0124198,6.1
tt0124298,6
tt0124718,6.5
tt0124879,6.4
tt0125439,6.5
tt0125659,6.4
tt0125664,6.9
tt0125971,6.1
tt0126029,6.1
tt0127349,6.5
tt0127536,6.7
tt0127723,6.1
tt0128214,5.5
tt0128442,6.8
tt0128853,6.3
tt0129167,6.1
tt0129280,6
tt0129290,6.3
tt0129387,6.4
tt0130018,5.6
tt0130623,6.2
tt0130827,6.3
tt0131704,5.9
tt0132245,5.6
tt0132347,6.2
tt0133093,6.4
tt0133117,6
tt0133152,6.3
tt0133240,6.6
tt0133751,5.8
tt0133952,6.5
tt0134084,5.7
tt0134119,6.8
tt0134154,6.6
tt0134273,6.3
tt0134618,6.1
tt0134619,5.7
tt0134847,6.2
tt0134983,5.7
tt0137338,6
tt0137494,6
tt0137523,6.7
tt0138097,6.6
tt0138304,6.3
tt0138414,6.8
tt0138510,5.8
tt0138524,6.2
tt0138704,6.8
tt0138749,6.3
tt0139082,5.2
tt0139134,6
tt0139239,5.8
tt0139414,6.2
tt0139462,6.1
tt0139654,6.2
tt0139809,6.2
tt0140352,6.5
tt0141098,6
tt0141399,6.3
tt0141907,5.8
tt0141926,6.1
tt0142342,5.8
tt0142688,6.2
tt0143145,6
tt0144084,6.2
tt0144117,6.2
tt0144120,5.3
tt0144134,6.3
tt0144168,6.2
tt0144178,6.2
tt0144214,6.1
tt0144528,5.2
tt0144637,4.5
tt0144814,5.4
tt0144964,4.5
tt0145394,7.5
tt0145487,6.3
tt0145531,6.1
tt0145653,6.9
tt0145660,5.7
tt0145681,6.2
tt0145734,6.4
tt0145893,5.9
tt0145937,6.6
tt0146309,6.8
tt0146316,6.2
tt0146336,6
tt0146675,6.2
tt0146838,6.4
tt0146882,6.6
tt0146984,6.6
tt0147612,6.5
tt0147800,6.5
tt0149261,6.2
tt0149691,6.5
tt0150377,6.3
tt0151738,5.7
tt0151804,6.8
tt0155267,6.1
tt0155776,5.7
tt0155975,6.2
tt0156841,6.1
tt0156934,6.2
tt0157472,5.4
tt0157503,5.9
tt0158622,5.3
tt0158811,6.9
tt0159097,6
tt0159273,6.2
tt0159365,6.6
tt0160009,5.6
tt0160127,6.3
tt0160184,6
tt0160338,6
tt0160401,5.9
tt0160429,5
tt0160797,6.5
tt0160862,5.7
tt0161023,6.3
tt0161081,6
tt0161100,6.3
tt0161942,5.1
tt0162222,7.7
tt0162360,6.1
tt0162650,6.5
tt0162661,6.5
tt0162710,6.1
tt0162983,6
tt0163025,6.3
tt0163187,6.1
tt0163579,5.9
tt0163651,5.6
tt0163676,5.2
tt0163978,6.7
tt0163984,5.5
tt0164052,6.3
tt0164085,6.7
tt0164114,5.8
tt0164181,6.5
tt0164184,6.4
tt0164212,6.3
tt0164334,6.3
tt0164538,6.5
tt0164912,6.1
tt0165494,4.7
tt0165546,7.4
tt0165643,5.7
tt0165710,5.5
tt0165854,6
tt0165929,5.8
tt0165982,6.5
tt0166110,5.2
tt0166175,6.7
tt0166276,5.6
tt0166813,7
tt0166924,6.5
tt0166943,6.4
tt0167190,6
tt0167260,8.2
tt0167261,7
tt0167404,6.4
tt0167456,4.9
tt0168501,5.9
tt0168629,6.2
tt0168786,6.9
tt0169102,6.7
tt0169302,6.9
tt0169547,6.2
tt0170016,5.9
tt0171356,6
tt0171359,6.2
tt0171363,6.2
tt0171433,6.4
tt0171804,6
tt0172156,6
tt0172396,6.6
tt0172495,6.6
tt0173840,5.9
tt0174204,6.2
tt0174856,6.5
tt0175142,6
tt0175880,7.7
tt0176269,5.3
tt0176783,6
tt0177789,6.4
tt0177971,6.5
tt0178868,6.7
tt0179098,6.7
tt0179626,6.4
tt0180052,5.8
tt0180073,6.8
tt0180093,6.2
tt0181316,6
tt0181536,6.2
tt0181689,6.4
tt0181739,6.3
tt0181852,5.8
tt0181865,6.9
tt0181875,6.4
tt0181984,6.2
tt0182295,6.2
tt0182789,6.4
tt0183505,6.2
tt0183523,6.7
tt0183649,6.3
tt0183790,6.2
tt0183992,6
tt0184858,5.9
tt0184894,6.3
tt0185007,6.1
tt0185125,6.6
tt0185143,5.6
tt0185183,5.9
tt0185371,6.1
tt0185937,5.7
tt0186045,6
tt0186151,6.2
tt0186566,6.6
tt0186589,5.5
tt0186894,6.1
tt0187078,6.2
tt0187393,6.4
tt0187738,5.8
tt0188030,7.2
tt0188640,6.6
tt0188674,6.5
tt0189584,6.3
tt0189998,6.1
tt0190138,5.9
tt0190332,6.5
tt0190374,5.3
tt0190590,6.4
tt0190641,6
tt0190865,6
tt0191133,5.5
tt0192111,5.4
tt0192255,6
tt0192614,6
tt0192731,5.6
tt0194218,6.1
tt0195685,6.9
tt0195714,5.5
tt0195945,5.4
tt0196229,6.1
tt0196857,5.9
tt0198781,6.9
tt0199290,4.5
tt0199626,5.8
tt0199725,6
tt0199753,5.7
tt0200465,6.4
tt0200550,6
tt0200720,6.3
tt0202402,5.4
tt0202470,6.3
tt0203009,6.5
tt0203019,6.2
tt0204175,5.4
tt0204313,5.8
tt0204350,5.3
tt0204946,5.8
tt0205000,5.1
tt0206200,6.3
tt0206275,5.8
tt0206314,6
tt0206634,7.2
tt0206750,6
tt0207201,6.4
tt0208003,5.6
tt0208092,6.1
tt0208988,5.8
tt0209077,6
tt0209144,6.1
tt0209163,5.9
tt0209475,6
tt0209958,6.1
tt0210234,6.3
tt0210616,6.4
tt0210945,6
tt0211181,6.4
tt0211443,5.2
tt0211465,6.3
tt0211915,6.5
tt0211933,5.9
tt0212338,6.2
tt0212346,6.2
tt0212712,7
tt0212720,5.9
tt0212985,6.4
tt0213149,6.1
tt0213790,5.1
tt0215129,5.9
tt0215750,6.6
tt0216216,5.8
tt0217107,4
tt0217505,6.9
tt0217756,5.6
tt0217869,6.2
tt0218553,6.6
tt0218817,6.1
tt0218967,6.3
tt0219653,6.5
tt0219699,6.3
tt0219822,6.4
tt0219854,6.2
tt0219965,6.5
tt0220099,6.4
tt0220506,4.3
tt0221027,6.5
tt0221218,6.2
tt0222850,5.9
tt0222851,6.7
tt0223897,6.2
tt0225071,6.1
tt0227005,6.2
tt0227445,6.6
tt0227538,5.8
tt0228333,5.7
tt0230011,6.1
tt0230030,5.8
tt0230600,6.8
tt0231402,5.4
tt0232500,6.2
tt0233142,6.1
tt0233469,6.1
tt0234215,7.2
tt0234354,6.2
tt0234829,5.7
tt0235679,5.9
tt0235737,5.9
tt0236493,6.5
tt0236784,6.1
tt0237534,6.7
tt0237572,6.6
tt0238112,6.5
tt0238380,5.7
tt0238546,5.8
tt0239395,5.8
tt0239948,6
tt0239986,6
tt0240462,5.2
tt0240772,7.5
tt0240890,6.3
tt0241025,6.3
tt0241303,6.5
tt0241527,6.8
tt0242150,5.4
tt0242256,7.7
tt0242423,6
tt0242445,5
tt0242572,6.3
tt0242587,6.2
tt0242653,6.5
tt0243155,6.4
tt0243585,6.1
tt0243655,6.6
tt0244000,5.8
tt0244244,6.5
tt0244504,6.8
tt0245429,7.6
tt0245562,6.2
tt0245686,5.5
tt0245712,6.7
tt0246460,6.2
tt0246464,5.9
tt0246544,5.9
tt0246578,6.3
tt0247199,6.3
tt0247303,5.4
tt0247638,6.3
tt0247745,6.5
tt0248012,5.8
tt0248216,5.9
tt0248547,7.3
tt0248667,6
tt0249462,6.7
tt0249478,5.7
tt0249516,5
tt0250224,6.1
tt0250310,5.5
tt0250371,6.4
tt0250494,6
tt0250687,6
tt0250797,6.2
tt0251075,6.1
tt0251114,6.3
tt0251127,6.1
tt0251160,6.9
tt0251736,5.1
tt0252028,6.1
tt0252076,6.3
tt0252223,6
tt0252501,6.4
tt0252866,5.5
tt0253474,6.3
tt0253556,6.4
tt0253754,6.4
tt0253798,5.6
tt0253867,5.3
tt0254686,6.6
tt0255589,6.7
tt0255798,5.4
tt0255819,5.8
tt0256009,6.5
tt0256276,6.4
tt0256380,6.1
tt0256415,6.1
tt0257044,6.4
tt0257076,6.1
tt0257106,5.2
tt0257360,6.4
tt0257516,4.9
tt0258000,6.3
tt0258068,6.4
tt0258273,6.7
tt0258463,6.8
tt0259288,6.1
tt0259324,5.6
tt0259446,6.3
tt0259711,6.6
tt0260866,6.3
tt0261289,5.5
tt0261392,6
tt0261755,5.5
tt0261983,6.1
tt0262396,5.7
tt0263488,5.5
tt0263734,6.2
tt0263757,5.8
tt0264395,6.2
tt0264464,6.7
tt0264472,6.3
tt0264616,6.2
tt0264761,6.4
tt0264935,6.4
tt0265086,6.2
tt0265208,5.9
tt0265298,5.9
tt0265349,6.1
tt0265459,6.2
tt0265632,6.2
tt0265662,6.1
tt0265666,6.4
tt0266391,6.4
tt0266465,6.4
tt0266489,6.1
tt0266543,6.5
tt0266697,5.6
tt0266747,5.5
tt0266915,6.5
tt0266987,6.4
tt0267248,6.2
tt0267287,6.3
tt0267626,5.6
tt0267913,5.6
tt0268126,6.6
tt0268200,6.3
tt0268380,6.3
tt0268397,6.3
tt0268695,6
tt0268711,6.1
tt0268978,6.5
tt0268995,6.5
tt0269095,6.3
tt0269347,6.5
tt0270288,6.7
tt0270891,5.4
tt0271027,5.7
tt0271219,6.1
tt0271946,6.3
tt0272020,6.4
tt0272152,6.6
tt0272338,6.4
tt0273799,5.1
tt0274166,6.5
tt0274558,6.5
tt0275022,5.7
tt0275491,6.6
tt0275719,6.3
tt0275847,5.9
tt0276751,6.9
tt0276919,6.6
tt0277027,6.5
tt0277296,5.3
tt0277371,5.5
tt0277434,6.3
tt0277895,5.9
tt0278295,5.4
tt0278435,5.8
tt0278488,5.6
tt0278504,6.6
tt0279111,6
tt0279331,6.4
tt0279493,5.1
tt0280030,6.1
tt0280380,6.4
tt0280486,6.2
tt0280590,6.3
tt0280665,5.8
tt0280707,6.8
tt0280760,6.2
tt0281322,5.7
tt0281358,5.7
tt0281680,6
tt0282687,6.1
tt0283111,5.6
tt0283160,5.8
tt0283426,6
tt0283503,5.9
tt0283900,6.4
tt0284490,5.9
tt0285441,7.1
tt0285462,5.3
tt0285531,6.2
tt0285742,6.7
tt0285823,6.2
tt0286106,6.5
tt0286244,7.5
tt0286499,6.1
tt0286716,6.4
tt0287467,6.6
tt0287717,5.8
tt0287978,6.1
tt0288477,6
tt0289043,7.6
tt0289408,6.3
tt0289635,6.6
tt0289765,6.7
tt0289879,6.2
tt0289992,7.2
tt0290002,6.5
tt0290145,6
tt0290212,6.2
tt0290332,5.2
tt0290334,6.7
tt0291502,5.5
tt0292490,6.4
tt0292963,6.7
tt0293086,6.7
tt0293270,7.2
tt0293416,7.2
tt0293508,6.3
tt0293564,6.6
tt0293662,5.6
tt0293815,5.4
tt0294289,6.1
tt0294870,6.5
tt0295178,5.8
tt0295289,6
tt0295297,6.8
tt0295700,5.6
tt0295701,6.2
tt0295721,5.6
tt0296572,6.5
tt0297037,6.2
tt0297181,5.7
tt0297284,5.7
tt0297884,6.2
tt0298130,6.3
tt0298148,6.2
tt0298203,5.9
tt0298228,6.3
tt0298744,6.1
tt0298814,5.5
tt0299172,6.1
tt0299658,6
tt0299930,4
tt0299977,6.7
tt0300051,6.2
tt0300471,6.5
tt0300532,5.4
tt0300556,6.3
tt0301357,6.7
tt0301470,5.5
tt0301727,7.5
tt0302886,6.1
tt0303243,7.5
tt0303353,6.9
tt0303361,5.7
tt0303714,5.5
tt0303816,4.8
tt0303933,5.6
tt0304141,6.8
tt0304328,6.4
tt0304417,6
tt0304669,5.8
tt0304711,6.2
tt0305224,6.3
tt0305357,6
tt0305669,6
tt0305711,5.9
tt0306047,5.2
tt0306685,5.3
tt0306841,5
tt0307453,6.5
tt0307479,6.4
tt0307596,6.2
tt0307901,6.8
tt0307987,5.7
tt0308208,5.6
tt0308644,6.8
tt0309377,6.5
tt0309593,5.3
tt0309698,6.2
tt0309987,6.5
tt0310281,6.6
tt0310775,7.1
tt0310793,7.6
tt0311113,6.6
tt0311429,6.2
tt0311592,5.9
tt0311863,5.5
tt0312004,7.1
tt0312329,6.1
tt0312549,6.5
tt0313443,5.9
tt0313542,6.6
tt0313737,6.2
tt0313911,5.6
tt0314331,7.1
tt0314353,6.2
tt0314524,6.5
tt0315297,6.3
tt0315327,6.4
tt0315733,6.8
tt0315983,6.2
tt0316188,6.8
tt0316356,6.6
tt0316396,6.1
tt0316465,6.4
tt0316654,6.2
tt0316732,5.4
tt0317132,6.4
tt0317198,6.4
tt0317219,6.1
tt0317248,7.6
tt0317303,5.9
tt0317648,6.4
tt0317676,3.8
tt0317705,6.3
tt0317740,6.4
tt0317919,6.6
tt0318081,5.9
tt0318155,6
tt0318283,5.4
tt0318627,5.8
tt0318649,6.2
tt0318974,6.2
tt0319061,6.7
tt0319262,6.4
tt0319343,6.3
tt0319736,6.7
tt0319769,6.7
tt0320244,5.9
tt0320661,6.8
tt0320691,6.1
tt0322259,6
tt0322330,5.7
tt0322589,5.5
tt0322802,6.6
tt0323298,6.8
tt0323944,6.1
tt0324127,6.5
tt0324133,6.5
tt0324216,5.6
tt0324554,6.2
tt0325005,5.9
tt0325055,6.1
tt0325703,6
tt0325710,6.2
tt0325980,6.8
tt0326450,6.1
tt0326769,6.1
tt0326905,5.7
tt0327036,5.4
tt0327056,6.7
tt0327084,6.4
tt0327162,6.3
tt0327247,6.1
tt0327437,6.3
tt0327554,5.8
tt0327597,6.4
tt0327679,6.4
tt0327850,6.3
tt0328107,6.5
tt0328538,6.1
tt0328828,5.6
tt0328880,6.4
tt0329028,5
tt0329101,5.2
tt0329575,7
tt0329691,5
tt0329717,6.1
tt0329774,6
tt0330373,6.8
tt0330602,6.2
tt0330691,5.8
tt0330793,6
tt0331282,6.6
tt0331953,5.2
tt0332047,5.8
tt0332280,7
tt0332379,6.7
tt0332452,6
tt0332605,6.7
tt0332658,6.7
tt0333766,7.1
tt0333780,6
tt0335013,5.9
tt0335121,5.7
tt0335266,7.2
tt0335345,6.6
tt0335438,5.4
tt0335559,5.9
tt0335563,6.1
tt0337563,6.4
tt0337579,5.6
tt0337692,6.4
tt0337741,6.4
tt0337851,4.8
tt0337909,6.7
tt0337917,5.6
tt0337921,6.2
tt0337978,5.9
tt0338013,7.1
tt0338094,5.8
tt0338096,6.1
tt0338135,6.1
tt0338325,5.8
tt0338337,6.2
tt0338348,6.3
tt0338427,6
tt0338459,5.8
tt0338466,6.2
tt0338512,6.7
tt0338526,6.5
tt0338751,6.7
tt0339034,4.1
tt0339291,6.4
tt0339412,5.7
tt0340110,6
tt0340163,6.1
tt0340377,6.5
tt0340855,6.1
tt0342258,6.5
tt0342316,5.9
tt0342735,6.3
tt0343135,6.3
tt0343660,5.8
tt0343737,6.5
tt0343818,6.7
tt0343996,6.5
tt0344854,5.9
tt0345074,6.2
tt0345950,6.1
tt0346156,6.5
tt0346457,6.4
tt0346491,6.1
tt0347149,7.7
tt0348150,6.1
tt0348333,6
tt0348836,6.2
tt0348843,5.7
tt0349159,4.5
tt0349205,5.7
tt0349260,6.4
tt0349467,6.3
tt0349683,6.8
tt0349710,6.1
tt0349903,6.5
tt0350028,5.9
tt0350258,5.7
tt0350261,6.2
tt0351283,6.3
tt0351817,7
tt0351977,5.9
tt0352248,6.4
tt0354766,5
tt0354899,6.3
tt0355295,6.2
tt0355702,6.1
tt0356150,6.2
tt0356470,5.7
tt0356614,6.1
tt0356618,6.1
tt0356634,5.9
tt0356910,6.2
tt0357110,6.7
tt0357111,6
tt0357277,5.6
tt0357413,6.3
tt0357507,5.5
tt0358082,5.9
tt0358135,6.2
tt0358273,6.3
tt0358349,5.4
tt0359013,5.7
tt0359423,6.3
tt0359517,5.5
tt0359950,6.5
tt0360009,5.8
tt0360016,5.9
tt0360032,6.6
tt0360033,5.9
tt0360139,6.1
tt0360201,6.4
tt0360323,6
tt0360486,6.4
tt0360717,6.2
tt0361089,6.5
tt0361309,6.6
tt0361322,6.7
tt0361467,5.7
tt0361596,7.2
tt0361696,4.9
tt0361748,6.5
tt0361841,6.3
tt0361862,6.5
tt0361925,6.3
tt0362120,5.9
tt0362227,6.4
tt0362270,6.5
tt0362478,6.2
tt0363163,6.6
tt0363547,6
tt0363589,6.7
tt0363771,6.4
tt0363988,6.3
tt0364569,6.9
tt0364725,6
tt0364751,5.9
tt0364970,6.3
tt0365125,6
tt0365485,6.7
tt0365675,6.3
tt0365737,6.7
tt0365748,6.5
tt0365830,6.6
tt0365907,6.5
tt0365929,5.7
tt0366174,5.2
tt0366548,6.1
tt0366551,6.1
tt0366627,6.4
tt0366780,6.6
tt0367027,6.3
tt0367085,5.4
tt0367479,6.5
tt0367594,6.7
tt0367631,5.6
tt0367652,5.5
tt0367882,6.5
tt0367959,6.4
tt0368008,6.1
tt0368447,6.6
tt0368578,4.9
tt0368709,6.3
tt0368774,6.2
tt0368794,6.7
tt0368891,6.4
tt0368933,5.9
tt0369226,4.5
tt0369339,6.7
tt0369436,6.4
tt0369441,6.3
tt0369610,6.3
tt0369702,6.8
tt0369735,6.2
tt0370032,5.2
tt0370263,5.8
tt0371606,6.2
tt0371724,6.3
tt0371746,6.5
tt0372183,6.6
tt0372237,5.9
tt0372532,6.2
tt0372588,6.7
tt0372784,6.5
tt0372873,5.3
tt0373051,5.8
tt0373074,6.9
tt0373469,5.8
tt0373883,5.4
tt0373889,7.4
tt0373926,6.5
tt0374102,5.7
tt0374271,5.9
tt0374536,6.3
tt0374563,5.6
tt0374900,6
tt0375063,6.2
tt0375154,6
tt0375173,5.8
tt0375210,6
tt0375568,6.2
tt0375679,7.1
tt0375912,6.4
tt0375986,6.4
tt0376105,5.4
tt0376108,5.3
tt0376136,6.3
tt0376144,6.5
tt0376196,5.6
tt0376541,6.6
tt0376994,6.7
tt0377038,6.6
tt0377062,6.2
tt0377091,6.2
tt0377092,6.1
tt0377107,6.7
tt0377471,5.8
tt0377701,6
tt0377818,5.5
tt0377981,6.5
tt0377992,6.1
tt0378109,5.5
tt0378194,6.3
tt0379561,5.9
tt0379725,6.8
tt0379786,6.3
tt0379865,6
tt0380277,4.8
tt0380389,6
tt0380510,6.5
tt0380599,6.8
tt0381061,6.9
tt0381442,6.2
tt0381681,6.8
tt0381707,5.5
tt0381849,6.6
tt0381936,6.2
tt0381971,6.5
tt0382077,6.2
tt0382625,6.8
tt0382628,6.2
tt0382932,6.9
tt0382992,6.2
tt0383010,5.9
tt0383060,5.6
tt0383222,4.4
tt0383574,6.7
tt0383995,5.4
tt0384286,5.7
tt0384369,6.5
tt0384533,6
tt0384537,6.1
tt0384642,6.2
tt0384680,6
tt0384793,6
tt0384806,6
tt0385752,6.4
tt0385880,6.2
tt0386032,7
tt0386117,6.7
tt0386140,6.2
tt0386588,6.1
tt0386741,6.5
tt0387131,6.7
tt0387564,6.3
tt0387575,5.4
tt0387808,6.1
tt0387877,6.4
tt0388139,6.6
tt0388482,5.8
tt0388500,6
tt0388789,7.3
tt0388795,6.9
tt0388980,7.1
tt0389326,7.7
tt0389557,6.4
tt0389722,6.1
tt0389790,6.2
tt0389860,5.9
tt0390022,6.4
tt0390384,6.5
tt0390521,7.3
tt0390538,6.9
tt0391198,5.7
tt0391304,5.6
tt0392465,6
tt0393109,6.2
tt0393162,6.2
tt0393329,6
tt0393597,6.8
tt0393735,5.4
tt0395119,6.1
tt0395169,7.5
tt0395251,6.1
tt0395699,6
tt0395972,6.9
tt0396171,7.1
tt0396269,6.3
tt0396555,6.7
tt0396652,6
tt0396707,6.1
tt0396752,6.5
tt0397065,4.9
tt0397078,5.4
tt0397101,6.4
tt0397313,6.1
tt0397535,6.8
tt0397892,6.1
tt0398017,6.3
tt0398027,6.6
tt0398165,6
tt0398286,6.1
tt0398375,6.4
tt0398712,6.4
tt0398808,6.1
tt0398842,5.7
tt0398913,4.9
tt0399146,6.3
tt0399201,6.5
tt0399295,6.7
tt0399854,6.1
tt0399901,6.1
tt0400400,6.7
tt0400497,5.7
tt0400717,6
tt0401233,7.3
tt0401383,6.3
tt0401445,6.6
tt0401711,6.6
tt0401729,6.4
tt0401792,5.9
tt0401815,5.3
tt0401855,6.2
tt0402022,6.5
tt0402158,6
tt0402399,6.4
tt0402901,5.9
tt0402910,6.1
tt0403358,6.3
tt0403508,6.2
tt0403933,5.2
tt0404030,6.9
tt0404032,6.3
tt0404390,6
tt0405094,6.5
tt0405159,6.6
tt0405296,6.5
tt0405325,6.1
tt0405336,5.3
tt0405422,6.3
tt0405469,6.2
tt0405508,6.6
tt0405676,6.8
tt0405821,6.7
tt0406375,6.1
tt0406759,6
tt0406816,6
tt0407230,6.3
tt0407265,6.9
tt0407304,6.4
tt0407814,5.8
tt0407887,6.9
tt0408236,6.8
tt0408281,6.1
tt0408306,6.7
tt0408345,5.9
tt0408524,6.2
tt0408790,6.3
tt0408839,6
tt0408985,5.9
tt0409182,6.3
tt0409184,6.4
tt0409345,5.9
tt0409459,6.5
tt0409527,5.4
tt0409847,6.1
tt0409904,6.3
tt0410097,5.8
tt0410297,6.1
tt0410377,6.4
tt0410454,6.1
tt0411061,6.1
tt0411477,5.9
tt0411705,5
tt0411951,4.8
tt0412019,6.6
tt0412536,6.4
tt0413099,6.3
tt0413267,6
tt0413300,6.2
tt0413895,6.5
tt0414055,6.4
tt0414387,6.3
tt0414852,6.9
tt0414853,5.9
tt0414951,5.9
tt0414982,5.5
tt0414993,6.7
tt0415306,6.4
tt0415481,6.7
tt0415678,6
tt0416044,7
tt0416212,6.6
tt0416236,6.3
tt0416292,6.1
tt0416315,5.7
tt0416320,6.7
tt0416449,6.4
tt0416496,6.2
tt0417001,6.3
tt0417148,5.8
tt0417217,6.1
tt0417385,7
tt0417397,6.1
tt0417433,5.6
tt0417736,6.2
tt0417741,6.9
tt0418110,6.4
tt0418279,6.1
tt0418460,5.9
tt0418689,6.2
tt0418753,6.5
tt0418763,6.4
tt0418819,5.8
tt0419294,6.7
tt0419663,4.8
tt0419706,5.8
tt0419843,6
tt0419887,6.9
tt0419946,5.3
tt0420223,7.3
tt0420238,6.5
tt0420332,6.4
tt0420609,6.5
tt0420835,6.4
tt0421054,6.4
tt0421073,6.4
tt0421206,6.2
tt0421229,6.6
tt0421238,7
tt0421239,6.3
tt0421715,6.5
tt0421729,5.7
tt0422091,5.4
tt0422295,6.4
tt0422720,6.3
tt0423169,6.6
tt0423294,6.4
tt0424095,6.8
tt0424136,6.3
tt0424205,7.1
tt0424345,5.9
tt0424993,5.1
tt0425061,6.5
tt0425123,6.4
tt0425210,6.3
tt0425413,6.6
tt0425430,5.8
tt0425598,7.1
tt0425601,7.2
tt0426592,5.4
tt0426931,6.3
tt0427152,6.6
tt0427229,6.2
tt0427309,6.5
tt0427327,6.2
tt0427380,6.4
tt0427392,6.3
tt0427470,6.5
tt0427944,7.1
tt0427954,6.3
tt0428803,6.6
tt0429277,4.8
tt0429493,6.4
tt0429589,6.4
tt0429591,5.6
tt0430105,6.3
tt0430308,5.7
tt0430357,6.6
tt0430431,5.9
tt0430770,6
tt0430912,5.4
tt0430922,6
tt0431021,5.7
tt0431197,6.5
tt0431308,6
tt0431461,4.9
tt0432021,5.9
tt0432283,6.5
tt0432289,6.2
tt0432291,5.4
tt0432348,5.6
tt0433035,6.5
tt0433362,6.6
tt0433383,7.1
tt0433386,5.6
tt0433387,6.3
tt0433398,6.9
tt0433416,6.2
tt0433442,5.6
tt0434215,6.3
tt0434409,6.4
tt0434424,5.5
tt0435623,6.6
tt0435651,6.5
tt0435670,6
tt0435680,5.6
tt0435705,6.1
tt0435761,6.4
tt0436331,6.3
tt0436339,6.4
tt0436697,6.9
tt0437230,6.8
tt0437447,6.7
tt0437800,5.9
tt0437954,5.6
tt0438097,6.2
tt0438296,5
tt0438488,6.5
tt0439182,6.4
tt0439289,6.5
tt0439630,6
tt0439662,6.6
tt0440963,6.5
tt0441007,5.7
tt0441048,5.8
tt0441773,6.5
tt0441796,5.4
tt0441909,6.6
tt0442781,6.1
tt0442933,6.3
tt0443272,6.8
tt0443274,6.2
tt0443295,5.7
tt0443431,5.2
tt0443453,6.4
tt0443489,5.9
tt0443536,6
tt0443543,6.4
tt0443632,5.9
tt0443649,5.6
tt0443680,6.8
tt0443701,6.2
tt0443706,6.6
tt0443769,5.8
tt0444182,6.1
tt0444682,6.3
tt0445946,6.2
tt0446012,4.9
tt0446013,6.1
tt0446029,6.1
tt0446046,6.3
tt0446345,7.6
tt0448011,6.2
tt0448134,6.5
tt0448157,6.5
tt0448694,6.3
tt0449010,6
tt0449059,6.4
tt0449086,5.8
tt0449088,6.8
tt0449089,5.9
tt0449467,7
tt0449487,6.4
tt0449994,6.6
tt0450232,6.5
tt0450259,6.9
tt0450278,5.6
tt0450314,6.1
tt0450340,6.2
tt0450345,5.7
tt0450385,6.5
tt0450405,6.2
tt0451038,6
tt0451079,6.7
tt0452594,5.9
tt0452608,6.5
tt0452623,6.5
tt0452625,5.7
tt0452637,6.5
tt0452694,6.6
tt0453365,5.9
tt0453451,6.5
tt0453467,6.4
tt0453556,6.1
tt0453562,6.2
tt0454082,5.6
tt0454824,6.3
tt0454841,5.9
tt0454848,6.7
tt0454876,7.4
tt0454919,5.8
tt0454921,6.6
tt0454945,5.7
tt0454987,6
tt0455407,6.2
tt0455537,5.1
tt0455538,6.4
tt0455590,6.4
tt0455612,5.4
tt0455760,5.6
tt0455824,6.2
tt0455857,5.7
tt0455944,6.2
tt0455957,6.4
tt0455960,5.9
tt0455967,5.5
tt0457024,6.3
tt0457303,5
tt0457400,6.1
tt0457430,6.3
tt0457433,6.1
tt0457495,6.2
tt0457510,5.8
tt0457513,6.6
tt0457530,6.1
tt0457572,6.8
tt0457939,6.6
tt0458242,6.6
tt0458339,6.4
tt0458352,6.4
tt0458481,6.1
tt0458525,6.7
tt0459272,4.9
tt0459759,5.7
tt0460505,6.4
tt0460611,6.1
tt0460989,6.4
tt0461770,6.2
tt0462200,6.3
tt0462229,5.3
tt0462244,4.9
tt0462322,6.1
tt0462396,6.4
tt0462465,6.2
tt0462499,5.6
tt0462504,6.8
tt0462519,6
tt0462538,6.7
tt0462579,6.2
tt0462590,6.2
tt0463034,6.2
tt0463854,6.4
tt0463872,5.8
tt0463985,5.9
tt0463998,6.2
tt0464049,6.6
tt0464154,5.8
tt0464665,6.7
tt0465142,6.1
tt0465234,6.2
tt0465407,5.5
tt0465436,6.4
tt0465440,6
tt0465494,6
tt0465502,6.2
tt0465538,6.8
tt0465551,6.7
tt0465580,5.8
tt0465602,6.2
tt0465643,4.4
tt0465967,7
tt0466342,4.4
tt0466399,7
tt0466816,6.7
tt0466839,6
tt0466856,5.9
tt0466893,6.1
tt0466909,6
tt0467197,6.3
tt0467406,6.3
tt0468492,6.7
tt0468516,5.9
tt0468565,6.6
tt0468569,6.7
tt0469263,6.1
tt0469494,7.9
tt0469623,6.6
tt0469641,6.1
tt0469903,6
tt0470705,6.3
tt0470752,6.5
tt0470765,5.9
tt0471042,6.1
tt0472033,6.3
tt0472043,7.2
tt0472062,6.8
tt0472071,6.4
tt0472126,5.9
tt0472181,5.8
tt0472259,5.5
tt0472399,6.2
tt0473024,4.6
tt0473075,6.6
tt0473102,6.4
tt0473188,6.2
tt0473308,6.1
tt0473367,5.8
tt0473705,6.6
tt0473709,6.5
tt0475276,7.6
tt0475298,5.3
tt0475394,5.9
tt0475783,6.8
tt0475944,5.8
tt0476527,5.7
tt0476964,6.4
tt0477051,5.7
tt0477071,5.9
tt0477080,6.2
tt0477302,6.5
tt0477337,6
tt0477347,6.2
tt0477348,6.6
tt0478087,6.4
tt0478134,6.4
tt0478304,6.8
tt0478311,6.2
tt0478970,6.4
tt0479143,6.1
tt0479162,6.5
tt0479537,6.3
tt0479647,6.5
tt0479884,5.9
tt0479952,6.3
tt0479997,6
tt0480025,6.8
tt0480239,5.4
tt0480242,6.2
tt0480249,6.4
tt0480255,6.1
tt0480669,6.6
tt0480687,6.1
tt0481141,6.3
tt0481369,6.3
tt0481499,6.4
tt0481536,5.6
tt0482473,6
tt0482527,5.8
tt0482546,6.7
tt0482571,6.6
tt0482572,6.6
tt0482603,5.9
tt0482606,6.3
tt0483607,6.1
tt0483726,6.5
tt0483756,6.2
tt0484111,6
tt0484740,6.3
tt0485985,5.9
tt0486551,6.3
tt0486576,6.2
tt0486619,5.1
tt0486655,7.3
tt0486674,6.5
tt0486822,6.2
tt0488478,6.7
tt0489099,6.2
tt0489235,5.8
tt0489237,6.7
tt0489270,5.4
tt0489281,6.4
tt0490170,5.3
tt0490181,5.8
tt0490204,6.5
tt0491152,6
tt0492389,4.7
tt0492619,6.3
tt0492956,5.7
tt0493430,6.6
tt0493464,6.5
tt0494238,5.6
tt0494290,5.9
tt0494652,5.9
tt0495596,6.5
tt0496328,5.5
tt0496806,6.6
tt0497465,6.6
tt0498353,5.8
tt0498380,6.8
tt0498399,6.3
tt0499448,6.2
tt0499549,6.2
tt0499554,6.5
tt0499556,6.2
tt0758730,5.1
tt0758742,7
tt0758746,5.5
tt0758752,6.5
tt0758758,6.4
tt0758766,6.2
tt0758774,7
tt0758794,6.3
tt0760329,6.4
tt0762107,6
tt0762114,6.2
tt0762121,6.4
tt0762125,6.3
tt0763831,5.9
tt0765010,6.7
tt0765120,6.7
tt0765429,6.7
tt0765443,7.2
tt0765476,5.8
tt0770703,6.2
tt0770752,6
tt0770772,6.3
tt0770828,6.2
tt0775489,7.3
tt0775539,5.2
tt0775552,5.3
tt0778661,5.6
tt0780504,6.6
tt0780516,6.2
tt0780521,6.2
tt0780536,7.6
tt0780571,6.1
tt0780607,5.7
tt0783233,7.2
tt0785006,6.2
tt0785035,6.2
tt0787474,6.6
tt0790623,6.2
tt0790628,6.5
tt0790636,6.4
tt0790686,6.2
tt0790712,6.6
tt0790724,6.4
tt0790736,6.6
tt0795351,6.1
tt0795368,6.5
tt0795421,6.3
tt0795441,6.5
tt0795461,4.1
tt0796366,6.8
tt0796375,6.1
tt0799949,4.9
tt0800039,6.3
tt0800080,6.5
tt0800164,5.6
tt0800240,6.7
tt0800241,6.4
tt0800308,6.4
tt0800320,6.4
tt0800369,6.6
tt0801526,6.3
tt0804461,6.3
tt0804497,6.7
tt0804507,5.6
tt0804516,5.6
tt0804522,6.8
tt0804529,6.2
tt0805526,6.3
tt0805564,6.6
tt0805570,5.5
tt0807758,5.4
tt0808151,6.7
tt0808279,6.3
tt0808399,6.3
tt0808510,6
tt0808526,6.2
tt0810784,6.5
tt0810913,5.5
tt0810922,6
tt0811066,5.8
tt0811080,6.3
tt0811138,5.2
tt0814005,6
tt0814022,5.8
tt0814255,5.8
tt0814314,6.4
tt0814666,6.6
tt0815236,6.1
tt0815244,5.7
tt0816462,5.5
tt0816692,6.6
tt0816711,6.4
tt0817177,6
tt0817230,6
tt0821642,6.5
tt0822832,6
tt0822847,5.9
tt0822854,6.2
tt0824747,6.8
tt0825232,6.6
tt0826570,6.1
tt0829150,6.2
tt0829459,6.5
tt0829482,6.4
tt0830199,3.6
tt0830515,6.7
tt0831387,6.5
tt0831887,5.3
tt0834001,6.3
tt0835034,5.4
tt0837562,6.1
tt0838247,6.1
tt0838283,6.3
tt0840361,6.4
tt0841046,6.1
tt0842926,6.7
tt0843326,6.7
tt0844286,6.5
tt0844471,6.3
tt0844479,5.7
tt0844671,4.7
tt0844993,6.1
tt0845046,6.8
tt0846040,6
tt0848228,6.7
tt0848537,6.8
tt0848538,5.6
tt0848557,5.4
tt0850253,6.2
tt0852713,6.2
tt0853096,6.1
tt0854678,7.7
tt0856052,6.6
tt0858479,6
tt0858486,6
tt0859163,6.2
tt0859760,6.3
tt0861689,6.6
tt0861701,2.2
tt0862467,6.4
tt0862846,6.5
tt0864835,6.5
tt0865554,5.9
tt0865556,6.5
tt0865559,5.9
tt0866439,6
tt0869994,6.5
tt0871426,6.1
tt0872230,5.7
tt0873886,6
tt0875034,6.5
tt0876563,7.1
tt0878804,6
tt0879870,6.1
tt0880502,7.4
tt0880578,5.9
tt0881320,6.3
tt0881891,5.7
tt0882977,6.4
tt0884224,6
tt0884328,6
tt0884726,5.8
tt0884732,5.8
tt0887745,6.6
tt0887883,6.7
tt0887912,6.3
tt0887971,5.4
tt0889573,6.1
tt0889588,6.3
tt0890870,5.2
tt0891527,6.7
tt0891592,5.9
tt0892767,6.2
tt0892769,6.5
tt0892782,6.5
tt0892791,6
tt0893412,5.7
tt0897361,5.1
tt0898367,6.4
tt0901476,6
tt0902272,6
tt0903624,7
tt0903627,6.3
tt0903943,7.1
tt0905372,6.1
tt0906108,5.4
tt0906665,6.5
tt0907119,6
tt0907657,7.9
tt0910936,6.2
tt0910970,7
tt0912593,7.8
tt0913354,6.5
tt0914382,6.2
tt0914797,6.7
tt0914798,7.6
tt0914809,7.1
tt0918927,6.7
tt0924129,6.3
tt0926084,6.9
tt0929632,6.1
tt0933361,6.2
tt0935075,6.5
tt0936501,6.2
tt0937237,6.3
tt0938283,5.4
tt0938330,6
tt0942385,6.4
tt0942903,5.8
tt0944114,5.8
tt0944835,6.3
tt0945513,6.7
tt0947798,6.4
tt0947802,6.3
tt0947810,6.5
tt0948470,6.6
tt0948530,6.8
tt0949731,6
tt0952640,5.7
tt0954990,6.3
tt0955308,6.6
tt0959337,6.9
tt0960144,5.7
tt0960731,6.5
tt0961043,5.8
tt0962726,5.5
tt0962736,6.3
tt0962764,6.3
tt0963178,6.4
tt0963966,6.2
tt0964185,6.4
tt0964517,6.5
tt0968264,6.5
tt0970179,6.6
tt0970411,6.6
tt0970416,6.3
tt0970452,5.6
tt0970866,6.4
tt0972558,5.6
tt0974554,6.2
tt0974613,6.3
tt0974661,6.2
tt0976222,5.8
tt0976238,6
tt0976247,6.1
tt0978764,6.2
tt0980970,6.4
tt0981042,6.4
tt0981227,6.2
tt0983193,6.6
tt0985101,6.5
tt0985694,5.3
tt0985699,6.8
tt0986263,5.9
tt0986264,7.7
tt0987918,5.8
tt0988045,6.7
tt0988047,6.4
tt0988595,5.9
tt0989757,6.1
tt0990407,6.4
tt0993842,6.6
tt0993846,6.4
tt0999913,6.1
tt1000774,5.7
tt1001508,6.3
tt1001526,6.7
tt1007028,6
tt1007029,6.6
tt1010048,6.5
tt1013743,6.4
tt1013752,6.2
tt1013753,6.6
tt1013860,5.7
tt1014759,6.7
tt1014763,6.6
tt1014775,6
tt1017451,6.2
tt1018785,6.2
tt1018818,5.7
tt1019452,6.5
tt1020072,7.1
tt1020558,6.4
tt1022603,6.4
tt1023111,5.7
tt1023114,6.9
tt1023481,5.9
tt1023490,6.7
tt1024648,6.3
tt1024715,6.4
tt1024943,6.2
tt1027718,6.6
tt1027862,6.4
tt1028528,6.1
tt1028532,6.1
tt1028576,6.2
tt1029360,5.9
tt1031282,4.4
tt1031969,6.1
tt1032751,6.3
tt1032755,6.5
tt1032846,7.1
tt1033575,6.9
tt1033643,5.9
tt1034032,6.3
tt1034303,6.5
tt1034314,5.7
tt1034331,6
tt1034389,6.3
tt1034402,6.7
tt1034449,5.5
tt1037163,6.7
tt1037705,6.4
tt1038686,6.2
tt1038919,5.9
tt1038988,7.2
tt1041804,6
tt1041829,6.3
tt1043568,6.1
tt1043726,4.7
tt1045658,6.5
tt1045772,6.6
tt1045778,6.2
tt1046163,5.9
tt1046173,6.3
tt1046198,6.5
tt1046997,5.9
tt1047540,6.2
tt1048146,4.6
tt1049402,6.3
tt1049413,7.4
tt1050739,5.8
tt1052342,5.4
tt1053424,6.4
tt1053810,5.8
tt1053859,5.2
tt1054122,6.4
tt1054606,6.6
tt1055292,6
tt1055369,6.1
tt1057500,6.8
tt1058017,7
tt1059786,6.2
tt1060249,4.4
tt1060277,6.3
tt1063669,6.4
tt1064932,6.1
tt1065073,7.5
tt1067106,6.3
tt1067583,6.3
tt1067774,5.5
tt1068242,6
tt1068646,7.5
tt1068680,6.3
tt1071812,7
tt1071875,6
tt1073498,5.2
tt1074638,6.9
tt1075114,6.2
tt1075417,6.2
tt1075747,6.4
tt1077368,6.7
tt1078588,6.5
tt1078912,6.2
tt1078940,5.8
tt1080016,6.3
tt1082868,5.8
tt1082886,6.1
tt1083456,5.9
tt1084972,5.5
tt1085492,5.4
tt1086772,6.1
tt1091191,6.5
tt1091229,5.9
tt1091617,4.4
tt1091722,6.7
tt1092026,6.5
tt1093357,6.1
tt1093370,6.5
tt1093908,6.1
tt1094241,6.1
tt1095174,5.8
tt1095217,5.8
tt1099212,5.4
tt1100089,6.4
tt1100119,5.5
tt1101026,6.1
tt1103153,6.2
tt1103262,4.1
tt1103275,7.1
tt1103982,5.5
tt1104001,6.1
tt1105733,6
tt1105748,5.3
tt1106860,6.3
tt1107319,6.4
tt1107828,5.2
tt1109624,7.1
tt1110037,5.1
tt1111422,6.3
tt1114677,4.8
tt1114715,5.4
tt1114740,5.1
tt1119646,6.4
tt1120985,6.7
tt1121096,6.5
tt1121931,6
tt1123372,3.6
tt1123373,6.3
tt1124035,6.7
tt1124052,6.4
tt1124396,4.4
tt1125849,6.3
tt1126590,6.3
tt1126591,5.9
tt1126618,6.4
tt1127180,6.3
tt1129423,6.1
tt1129437,7
tt1129442,5.8
tt1129445,6.5
tt1130080,6.5
tt1130884,6.8
tt1130964,5.6
tt1130967,4.7
tt1130988,6.8
tt1131729,7.1
tt1131734,5.8
tt1132449,5.9
tt1132620,6.4
tt1132626,5.2
tt1133985,6.6
tt1134854,5.3
tt1135084,6
tt1135487,6.5
tt1135985,5.8
tt1136608,7.5
tt1139282,5.9
tt1139328,6.4
tt1139797,7.6
tt1142433,5.9
tt1142977,6.3
tt1142988,5.9
tt1144551,5.9
tt1144884,5.2
tt1148165,6.3
tt1148204,6.5
tt1149361,5.9
tt1151359,6.7
tt1152398,5.6
tt1152822,6
tt1152836,6.4
tt1155056,6.6
tt1155076,6.2
tt1155705,6.7
tt1156398,6.5
tt1160368,6.1
tt1161864,6.1
tt1164666,6.4
tt1166100,6.3
tt1167599,5.5
tt1170358,7
tt1170391,6.1
tt1170398,6.1
tt1171222,5.8
tt1171701,7.3
tt1172060,4.9
tt1172991,6.6
tt1172998,6.1
tt1174041,5.1
tt1174730,6
tt1174732,6.6
tt1175491,6.2
tt1175506,6.1
tt1179034,6.2
tt1179056,6.3
tt1179069,6.1
tt1179258,6.5
tt1179891,5.7
tt1179904,5.9
tt1180583,6.4
tt1181614,6.2
tt1182345,7.2
tt1182972,5.7
tt1183251,5.8
tt1185344,6.3
tt1185420,5.8
tt1185616,8
tt1185834,5.8
tt1186366,6.7
tt1186367,6.1
tt1186830,6.6
tt1187043,6.5
tt1189073,6.3
tt1189340,6.3
tt1189893,6.9
tt1190080,6.2
tt1190536,6.6
tt1190617,5
tt1191111,6.8
tt1192628,6.4
tt1193138,6.5
tt1193516,4.5
tt1193631,5.4
tt1194173,6.1
tt1194417,6.5
tt1195478,6
tt1196134,6.2
tt1196170,4.7
tt1196340,6.4
tt1197624,6.3
tt1198138,5.6
tt1201167,6.5
tt1201607,6.9
tt1204342,6.5
tt1204975,6.6
tt1204977,4.9
tt1205489,7.9
tt1205537,6.7
tt1206483,5.1
tt1206543,6.4
tt1210042,6.4
tt1210071,5.4
tt1210166,6.8
tt1210819,6.4
tt1211956,6
tt1212419,6.2
tt1212436,5.7
tt1212450,6.6
tt1212909,5.9
tt1213012,5.9
tt1213644,2.5
tt1213648,6.4
tt1214962,6.2
tt1216475,6.1
tt1216487,6.3
tt1216491,5.9
tt1216492,6.4
tt1216496,7.1
tt1216640,3.2
tt1217209,6.6
tt1217613,5.5
tt1219289,6.2
tt1219342,6.5
tt1220198,6.1
tt1220628,5.1
tt1220634,5.4
tt1220719,6.1
tt1220888,6.1
tt1222817,5.6
tt1224449,6.8
tt1225822,6.2
tt1226229,6.5
tt1226273,6.3
tt1226753,6.5
tt1227165,6.1
tt1228705,6.7
tt1228953,6.3
tt1228987,6.3
tt1229238,6.7
tt1229340,6.2
tt1230215,6.1
tt1230414,6.3
tt1230448,6.1
tt1231277,5.2
tt1231580,6
tt1231583,6.5
tt1231587,5.8
tt1232200,5.3
tt1232207,6.8
tt1232829,6.2
tt1233227,5.1
tt1234548,6.7
tt1234560,4.9
tt1234719,6.3
tt1234721,6.4
tt1235189,6.5
tt1235522,6.5
tt1235796,6.5
tt1239426,6.2
tt1240982,6.1
tt1242422,6.5
tt1242432,5.1
tt1242457,5.9
tt1242460,6.7
tt1242599,6.2
tt1243957,6.4
tt1243974,6.6
tt1244659,6.4
tt1244668,6.8
tt1244754,6.8
tt1245112,6.6
tt1245492,6.5
tt1245526,5.9
tt1245736,5.5
tt1247640,6.6
tt1247704,5.9
tt1250777,6.3
tt1253863,6.3
tt1253864,5.7
tt1255953,7.3
tt1258972,5.6
tt1259521,5.8
tt1259571,5.4
tt1261945,5.7
tt1262416,6.1
tt1262981,6.5
tt1263670,6.6
tt1263795,6.3
tt1265990,5.7
tt1267297,6.4
tt1267500,5.5
tt1268799,6.3
tt1270262,6.6
tt1270761,6
tt1270798,6.8
tt1270835,4.7
tt1272018,6.4
tt1272051,6.2
tt1272878,6.5
tt1273678,6.1
tt1274295,6.5
tt1274300,6.1
tt1275863,6.2
tt1276104,6.5
tt1276105,6.3
tt1276419,6.8
tt1277953,6.3
tt1278340,6
tt1279935,6.5
tt1282140,6.4
tt1284575,6.2
tt1285016,6.9
tt1285309,5.9
tt1287468,5.7
tt1288403,5.5
tt1288558,6
tt1291150,6
tt1291549,5.8
tt1291580,6.1
tt1291584,6.3
tt1293793,5.2
tt1294213,6.3
tt1294688,6.3
tt1297919,6.4
tt1298649,6.5
tt1298650,6.6
tt1300851,5.9
tt1300854,6.6
tt1302011,6.5
tt1302067,6
tt1303828,6.5
tt1305591,5.9
tt1305797,6.1
tt1305806,6.7
tt1306980,6.6
tt1307068,6.1
tt1308138,6.2
tt1308729,5.9
tt1311067,5.4
tt1313092,6.9
tt1314228,5.6
tt1314655,6.4
tt1318514,6.8
tt1320239,6.4
tt1320244,5.1
tt1320253,5.9
tt1320261,6.2
tt1321511,6.5
tt1321860,6.6
tt1321870,6.3
tt1322269,6.7
tt1322312,6
tt1322313,6.7
tt1323594,6.7
tt1324059,6.4
tt1324999,5.4
tt1325004,5.7
tt1326972,6.7
tt1327194,6.1
tt1327773,6.3
tt1331064,6.1
tt1333125,5.8
tt1334260,7
tt1334512,6.5
tt1335975,6.6
tt1336608,5.8
tt1337051,7.1
tt1339161,6.8
tt1340138,6.4
tt1340838,5.4
tt1341167,6.9
tt1341188,6.4
tt1343092,6.8
tt1343097,6.5
tt1343727,6.8
tt1345836,6.8
tt1351685,6.6
tt1352824,6.2
tt1353810,5.1
tt1355546,6.2
tt1355630,6
tt1355683,6.6
tt1361313,6.3
tt1365050,7.8
tt1366344,6
tt1366365,6.1
tt1366687,6.1
tt1369706,5.8
tt1370429,6.2
tt1371111,6.7
tt1371150,6.7
tt1372686,6.7
tt1373243,6.2
tt1374992,6.2
tt1375666,6.9
tt1375670,6.1
tt1376213,6.6
tt1377278,7.3
tt1379177,6.4
tt1379222,6.4
tt1385826,7
tt1385867,5.6
tt1386588,6.3
tt1386703,6.3
tt1386932,6
tt1389137,6.3
tt1391137,5.4
tt1392170,6.5
tt1392190,7.1
tt1392197,6.1
tt1392214,6.8
tt1396208,6.2
tt1396218,6.4
tt1396226,6.8
tt1397280,6.1
tt1397514,6.3
tt1399103,6.3
tt1399683,6.9
tt1401152,6.4
tt1402488,6.1
tt1403130,6.4
tt1403177,6.6
tt1403214,6.8
tt1403865,6.8
tt1405810,6.2
tt1408101,6.5
tt1408253,5.9
tt1409024,6.6
tt1410063,6.8
tt1411238,6.3
tt1411250,6.1
tt1411697,6.4
tt1411704,6.1
tt1412386,7.1
tt1413495,6.3
tt1414382,5.9
tt1415283,6.5
tt1418377,6.4
tt1422136,5.6
tt1423894,6.1
tt1423995,6.2
tt1424381,6.2
tt1425922,6.2
tt1426329,5.8
tt1428538,6.2
tt1430132,6.8
tt1430612,5.8
tt1430615,6.5
tt1430626,6.5
tt1431181,6.9
tt1433108,6
tt1433811,6.3
tt1433822,5.5
tt1436045,6.9
tt1436559,5.6
tt1436562,6.8
tt1437366,6.2
tt1437367,7.8
tt1438254,5.9
tt1440129,6.3
tt1440232,6.3
tt1440266,7.7
tt1440345,6.5
tt1440728,6.1
tt1440732,6
tt1441395,6.4
tt1441951,6.6
tt1446192,6.4
tt1446714,6.5
tt1447508,7.5
tt1447972,5.8
tt1448755,6.2
tt1449283,6.7
tt1451797,6.1
tt1452628,5.8
tt1453405,6.5
tt1454029,6.8
tt1454468,6.8
tt1454523,6.7
tt1456941,5.7
tt1457767,6.4
tt1458175,6.4
tt1462041,6.4
tt1462758,6.2
tt1462900,6
tt1464174,5.4
tt1464191,6.2
tt1464540,6.1
tt1464580,6.3
tt1465487,6
tt1467391,5
tt1470023,5.9
tt1470827,6
tt1476411,5
tt1477076,5.3
tt1477109,6.4
tt1478338,6.4
tt1478964,6.2
tt1480656,5.9
tt1480660,6.4
tt1482459,6.5
tt1483010,5.9
tt1483013,6.6
tt1486185,6
tt1486192,6.3
tt1486193,5.8
tt1487118,6.6
tt1487931,6.2
tt1488555,6.4
tt1489167,6.4
tt1490017,6.5
tt1491044,6.3
tt1496025,6.2
tt1496422,6.3
tt1496832,6.2
tt1498569,6.5
tt1499658,6.6
tt1500516,6.6
tt1502404,5.8
tt1502712,6.4
tt1504319,5.4
tt1504320,6.9
tt1506999,6
tt1507563,5.1
tt1509767,5.9
tt1510907,6.6
tt1512235,6.4
tt1514041,5.8
tt1515091,6.7
tt1517260,5.7
tt1517489,4.8
tt1521197,6.6
tt1524137,6.3
tt1524930,6.1
tt1527186,6.2
tt1527679,6.3
tt1528100,6.6
tt1529235,5.7
tt1529572,6.4
tt1531663,6.4
tt1532261,5.7
tt1532382,5.4
tt1532503,6.5
tt1532958,5.5
tt1533749,6.6
tt1535108,6.8
tt1535109,7.3
tt1535438,6.5
tt1535616,5.7
tt1535970,6.4
tt1536044,5.5
tt1536048,6.3
tt1538403,5.6
tt1540133,7.3
tt1541160,6.1
tt1541995,6.1
tt1542344,5.9
tt1542482,6.2
tt1544600,5.9
tt1547230,4.5
tt1547234,6
tt1549572,6.6
tt1549589,5.8
tt1554091,6.9
tt1555064,6.2
tt1559547,6.4
tt1560139,7.4
tt1560747,6.9
tt1560985,4.5
tt1562568,6.3
tt1562873,5.7
tt1563738,6.4
tt1564349,6.1
tt1564367,6
tt1564585,5.3
tt1566501,6.3
tt1568338,6.3
tt1568346,6.6
tt1568911,6.4
tt1568921,6.6
tt1569364,5.8
tt1569465,4.4
tt1570728,6.7
tt1571222,6.6
tt1572315,5.1
tt1572491,5.9
tt1578275,6.1
tt1582271,6.1
tt1582637,5.5
tt1583420,6.4
tt1583421,6.3
tt1584131,5.1
tt1586265,5.9
tt1586752,6.4
tt1587310,6.5
tt1588173,6.1
tt1588334,6.3
tt1588337,6.4
tt1591095,6.2
tt1591479,6.1
tt1592525,6
tt1594562,5.8
tt1595366,7.3
tt1596343,6.2
tt1596346,6.3
tt1596363,7.3
tt1596365,6.3
tt1598778,6.3
tt1598822,5.9
tt1598828,5.8
tt1599348,6.7
tt1599975,6.1
tt1600195,5.5
tt1600196,6.6
tt1601913,6.1
tt1602098,6.4
tt1602472,6.2
tt1602476,5.8
tt1602613,6.6
tt1602620,7.1
tt1603257,5.7
tt1604171,5.6
tt1605630,5.6
tt1605769,6.4
tt1605783,6.6
tt1606267,5.6
tt1606378,6.1
tt1606389,6.6
tt1606392,6.2
tt1609168,6.4
tt1609479,6.3
tt1611224,6.2
tt1612774,5.7
tt1613062,6.6
tt1615065,6.5
tt1615147,6.6
tt1615918,5.9
tt1616195,6.6
tt1617661,6.4
tt1618442,6.2
tt1620549,5.4
tt1621039,6.1
tt1621045,5.8
tt1622547,6.1
tt1622979,5.6
tt1623205,6.3
tt1623288,6.3
tt1625346,6.5
tt1630036,6.5
tt1631867,6.6
tt1632708,6.1
tt1633356,5.3
tt1634003,6.7
tt1634122,6.7
tt1636826,6.5
tt1637688,6.2
tt1637706,6.4
tt1637725,6.2
tt1638355,6.5
tt1640459,6.1
tt1640484,5.8
tt1640548,5.7
tt1640711,5.7
tt1645089,8
tt1645170,6.4
tt1646971,6.6
tt1646980,5.8
tt1646987,6.4
tt1647668,7.1
tt1648112,6.2
tt1649419,6.7
tt1649443,5.8
tt1650043,6.2
tt1650062,6.1
tt1650554,6.3
tt1651118,7.4
tt1655420,6.6
tt1655441,6.5
tt1655442,6.4
tt1656186,6
tt1656190,5.8
tt1656192,6.2
tt1657507,6.2
tt1657510,6.2
tt1659337,6.7
tt1659343,5.6
tt1661199,6.7
tt1661382,6.6
tt1663143,5.7
tt1663202,7
tt1663321,6.4
tt1663662,6.3
tt1666186,4.7
tt1666801,5.4
tt1667310,6.4
tt1667353,6.2
tt1667889,6.5
tt1668200,6.4
tt1670345,6.4
tt1672091,6.5
tt1673434,5.6
tt1674771,5.9
tt1674784,6.1
tt1675192,6.7
tt1675197,6.7
tt1675434,6.1
tt1680058,6.6
tt1680679,6.8
tt1682180,6.5
tt1683921,6
tt1684233,6.3
tt1687901,6.5
tt1690953,6.2
tt1691917,5.4
tt1692486,6.8
tt1694020,5.7
tt1695765,6
tt1695994,4.7
tt1698641,6.1
tt1699745,6.4
tt1700258,5.5
tt1700423,5.9
tt1701210,6.3
tt1702439,6.2
tt1705772,6.6
tt1706593,6.5
tt1706620,6.7
tt1707386,6.5
tt1710396,6.2
tt1711425,6
tt1712170,5.9
tt1714203,5.2
tt1714206,6.7
tt1714209,5.3
tt1716777,6.5
tt1719071,6.2
tt1719474,5.5
tt1720047,6.8
tt1720254,5.4
tt1723121,6.4
tt1723642,5.9
tt1723811,7.1
tt1725795,6.4
tt1726589,5.8
tt1726669,6.2
tt1726861,6.2
tt1727388,6.4
tt1727776,6.4
tt1728986,5.6
tt1729637,5.4
tt1731141,6.6
tt1731697,5.7
tt1735221,6.2
tt1735898,6.4
tt1740017,5.2
tt1740707,6.7
tt1740710,5.8
tt1742044,6.1
tt1742334,5.8
tt1742336,6.5
tt1742650,6
tt1747958,6.5
tt1748122,6.7
tt1748179,6.6
tt1753722,6.4
tt1756415,5.7
tt1758595,6
tt1758692,6.2
tt1758795,6.2
tt1758830,6.4
tt1762399,6.1
tt1764183,6.4
tt1764234,6.4
tt1764625,5.8
tt1764651,5.9
tt1765729,4.6
tt1766044,6.8
tt1767382,5.6
tt1770734,6.2
tt1772230,6.3
tt1772240,5.7
tt1772341,6.4
tt1777595,5.9
tt1778304,5.9
tt1780762,5.2
tt1782568,6.1
tt1787759,4.9
tt1788391,5.8
tt1790864,6.7
tt1790885,6.4
tt1791528,6.5
tt1791682,6.3
tt1793224,6.7
tt1796603,4.7
tt1796657,6.8
tt1798684,6.8
tt1798709,7.2
tt1800241,6.5
tt1800246,6.4
tt1800741,6
tt1809398,6.3
tt1810618,4.8
tt1810861,5.3
tt1813519,4
tt1814621,5.7
tt1815862,6.4
tt1816518,6.8
tt1817273,6.7
tt1820462,5.3
tt1820555,5.6
tt1821317,7
tt1821478,6.1
tt1821480,7.1
tt1821549,6.1
tt1821593,6.8
tt1821682,6.5
tt1823664,6.4
tt1823672,6.7
tt1826590,6
tt1826660,5.9
tt1828959,5.2
tt1831602,8
tt1831829,4.9
tt1837703,6.4
tt1837709,6.3
tt1839596,6.6
tt1840309,6.4
tt1840417,6.3
tt1841642,5.7
tt1843866,6.5
tt1847713,5.4
tt1849718,5.8
tt1850457,6.4
tt1852770,5.3
tt1853728,6.7
tt1854236,6.1
tt1854564,5.7
tt1855199,6.8
tt1855325,5.7
tt1857842,6.1
tt1859650,6.5
tt1860152,6
tt1860353,6.4
tt1861356,5.3
tt1862079,6.2
tt1866249,6.3
tt1867093,5.7
tt1869716,6.5
tt1872181,6.8
tt1872194,6.5
tt1876451,5.9
tt1876517,4.9
tt1877832,6.9
tt1881002,6.1
tt1885300,5.9
tt1893256,6
tt1895587,6.6
tt1899353,6.9
tt1904996,6
tt1905041,6.3
tt1907668,6.5
tt1911644,5.8
tt1911658,6.8
tt1915581,6.1
tt1920849,5.8
tt1921064,5.8
tt1922685,5.9
tt1922777,6.4
tt1924396,6.5
tt1924429,6.2
tt1924435,5.7
tt1925431,6.2
tt1929263,6
tt1931435,6
tt1931533,6.6
tt1932767,6.7
tt1934231,5.6
tt1934234,6.3
tt1934269,6.6
tt1935179,6.5
tt1937339,7.3
tt1939659,6.2
tt1945062,5.7
tt1946347,5.2
tt1948150,6.4
tt1951181,6.5
tt1951261,6.4
tt1951264,6.6
tt1951265,6.5
tt1951266,6.5
tt1954352,5.4
tt1954470,6.8
tt1954701,6.8
tt1956620,5.8
tt1959490,6.4
tt1964418,6.3
tt1966566,5.8
tt1967545,6.6
tt1969062,6.8
tt1972571,6.7
tt1972779,6
tt1976608,6.6
tt1979320,6.5
tt1980209,6.3
tt1980929,6.7
tt1981115,6.6
tt1981677,6.4
tt1985019,6
tt1985966,6.1
tt1986040,5.1
tt1990314,6.3
tt1996264,6.1
tt1999910,6.5
tt2002718,5.9
tt2004420,6.5
tt2004432,5.7
tt2005374,6.1
tt2006295,6.2
tt2011159,5.8
tt2012665,5.9
tt2013293,6.4
tt2015381,6.3
tt2016894,6
tt2016940,6.2
tt2017020,6.1
tt2017038,6.5
tt2023453,6.2
tt2023587,6.2
tt2024432,6.2
tt2024469,6.6
tt2024544,7.6
tt2025526,6.8
tt2034139,5.4
tt2039393,6
tt2042568,6.2
tt2051894,5.7
tt2053425,6.7
tt2053463,6.5
tt2058107,6.3
tt2058673,6.1
tt2062575,6.7
tt2063781,6.1
tt2070649,7.1
tt2076176,6.4
tt2076251,5.8
tt2080374,6.7
tt2082436,5.5
tt2083355,5.7
tt2084970,7
tt2084989,6.1
tt2088003,6.2
tt2088012,7.1
tt2088871,5.8
tt2091473,5.9
tt2094854,6.2
tt2096672,6
tt2096673,6.7
tt2097307,5.7
tt2101441,6
tt2101473,6.5
tt2103217,5.6
tt2103254,6.3
tt2103267,6.3
tt2103281,6.5
tt2106361,6.2
tt2106476,7.5
tt2106741,5.9
tt2109184,4.8
tt2109248,6
tt2112124,6.5
tt2112999,7.8
tt2120120,6
tt2125435,7.2
tt2126355,6.2
tt2126362,6.2
tt2132285,6
tt2133234,4.2
tt2137992,5
tt2140037,6.6
tt2140373,7.1
tt2140465,6.5
tt2145258,4.9
tt2145803,6.9
tt2157186,6
tt2167202,5.7
tt2168910,6.1
tt2169322,6.2
tt2170299,6.4
tt2170439,6.1
tt2171867,6
tt2172935,7
tt2177771,6.8
tt2178470,6.5
tt2179136,6.7
tt2180411,6.3
tt2181931,6.5
tt2182972,5.8
tt2183034,5.9
tt2184339,6.1
tt2187153,6.1
tt2191701,6.1
tt2193215,6.5
tt2196254,6.9
tt2199571,6.4
tt2199711,7.6
tt2203939,6.1
tt2204243,6.4
tt2209418,6.9
tt2209764,6.6
tt2210834,6.2
tt2223990,6.4
tt2224004,6.3
tt2224026,6.3
tt2224317,6.1
tt2226666,4.6
tt2229848,6
tt2234155,6.1
tt2239832,5.9
tt2239866,5.8
tt2243389,6
tt2243537,5.5
tt2243621,6
tt2244376,6
tt2245084,6.9
tt2246595,5.1
tt2247476,6.1
tt2247692,5.5
tt2258337,6.7
tt2262227,6.2
tt2265171,7.2
tt2267998,6
tt2268016,5.9
tt2275471,5.9
tt2278388,6.4
tt2278871,6.5
tt2279339,6.2
tt2279373,5.9
tt2281587,6.8
tt2292959,4.6
tt2293640,6.2
tt2294449,6.5
tt2294629,6.4
tt2294677,5.4
tt2295196,6.5
tt2299842,6.9
tt2302755,6.3
tt2304517,3.9
tt2304655,6.7
tt2304771,6.6
tt2305051,6.7
tt2309260,4.3
tt2309961,6
tt2310332,7
tt2312718,6.2
tt2316801,6.4
tt2318092,6
tt2319580,7
tt2321549,6.7
tt2322441,5.6
tt2326554,6.9
tt2328813,6.5
tt2333784,6.3
tt2334873,6.9
tt2334879,6.5
tt2338151,6.4
tt2339741,5.5
tt2343793,6.2
tt2345112,6
tt2345561,6.8
tt2345737,6.4
tt2350496,7.1
tt2355495,6
tt2355765,6.1
tt2356180,6.6
tt2357129,6.1
tt2357291,6.1
tt2357377,6.8
tt2357926,6
tt2358592,8.5
tt2358891,5.9
tt2358925,6
tt2363047,6
tt2363213,6.2
tt2364841,6.2
tt2369135,6.4
tt2371486,6.6
tt2377938,6
tt2378281,7
tt2379713,6.7
tt2381111,6.8
tt2381249,6.7
tt2381941,5.9
tt2382396,6.2
tt2386502,5
tt2387433,6.3
tt2387559,6
tt2388715,6.2
tt2389344,6.6
tt2395427,6.7
tt2397535,6.7
tt2398143,6.6
tt2402157,6.1
tt2402613,4.4
tt2403021,5.2
tt2404181,6.8
tt2404311,6.2
tt2404461,7.1
tt2404463,6.1
tt2407826,6.3
tt2424988,6.3
tt2425542,4.7
tt2431286,7
tt2436386,6
tt2446042,6.1
tt2446980,6.5
tt2452254,6.3
tt2456720,6.2
tt2459022,6.4
tt2463288,5.9
tt2465146,6.1
tt2465578,6.8
tt2467046,5
tt2473510,4.5
tt2473682,4.9
tt2476154,4.6
tt2488496,6.5
tt2494384,6.1
tt2495104,6.3
tt2510894,6.1
tt2515034,6.5
tt2523600,6.4
tt2526660,5.8
tt2528814,5
tt2550838,6
tt2551378,6
tt2555736,6.6
tt2555958,6.4
tt2561572,6.1
tt2562232,7.1
tt2572764,3
tt2576852,6.6
tt2581244,6.1
tt2582802,6.8
tt2582846,6.9
tt2585840,5.3
tt2597126,7
tt2626350,5.8
tt2637276,6.5
tt2637294,5.7
tt2639254,6.5
tt2643308,6.8
tt2667960,6.3
tt2668134,6.5
tt2678948,6.2
tt2692250,6.4
tt2692904,6.7
tt2699290,6.6
tt2707858,6.1
tt2713180,6.7
tt2717558,6.5
tt2717822,6.4
tt2718492,6.8
tt2719848,6.6
tt2720680,6.2
tt2726560,5.9
tt2737050,6.9
tt2752758,4.8
tt2771372,6
tt2788710,6.3
tt2795414,6.4
tt2799166,5.6
tt2800038,5
tt2802144,7.2
tt2806788,6.9
tt2820852,6.2
tt2844798,7
tt2848292,6.2
tt2855648,7.1
tt2869728,5.7
tt2870612,5.8
tt2870708,6.3
tt2872718,6.2
tt2872732,6.7
tt2877108,7
tt2883434,7
tt2883512,6.5
tt2888046,6.9
tt2908446,6.5
tt2908856,6.5
tt2909116,6.4
tt2910814,6.1
tt2911666,6
tt2918436,6.2
tt2933544,6.3
tt2967224,5.4
tt2975578,6.2
tt2978462,6.3
tt2980516,7.1
tt2980648,6.7
tt2980706,5.5
tt3007512,7
tt3014666,5.9
tt3018070,5.9
tt3037582,7.5
tt3045616,6.6
tt3060952,6.3
tt3063516,6.1
tt3074732,6.9
tt3075360,7.6
tt3076658,6.3
tt3079380,6.8
tt3098306,5.7
tt3099498,5.8
tt3121604,7.4
tt3125324,6.6
tt3142232,5.8
tt3170832,6.9
tt3177316,5.8
tt3181822,5.7
tt3195644,5.7
tt3202120,5.6
tt3210686,5.1
tt3233224,6.1
tt3235888,6.2
tt3258080,6.6
tt3259320,4.9
tt3274666,4.8
tt3284618,5.2
tt3298690,5.7
tt3312830,6.9
tt3316960,6.2
tt3321428,5.7
tt3322364,6.5
tt3322940,5.4
tt3331846,6.8
tt3384870,4.4
tt3399024,6.4
tt3433074,4.3
tt3442006,6.2
tt3450650,5.6
tt3451498,6.5
tt3483712,6.1
tt3534602,6.1
tt3541262,7
tt3612616,7
tt3622592,5.8
tt3659388,6.6
tt3668162,6.7
tt3713166,5.5
tt3781476,6.4
tt3788918,6.5
tt3805180,6.4
tt3819668,7.4
tt3850214,7
tt3850590,6.3
tt3966404,7.4
tt3982448,6.4
tt4046784,6.4
tt4110568,6
tt4164458,6.9
tt4164468,6.8
tt4187590,6.3
tt4228746,4.7
tt4258292,6.7
tt4263482,6.6
tt4271820,6.8
tt4282396,7.2
tt4387040,8.1
tt4442758,6.7
tt4523112,8.3
tt4537362,3.7
tt4644382,6.6
tt4686604,5.9
tt4714204,4.3
tt4761270,6.5
tt4806232,7
tt4881242,6
tt5190958,8
