imdbID,Countrys_English,Countrys_Spanish,Countrys_European,Countrys_Asian,Countrys_Arabic,Countrys_Other
tt0098987,1,0,0,0,0,0
tt0099044,1,0,0,0,0,0
tt0099052,1,0,0,0,0,0
tt0099088,1,0,0,0,0,0
tt0099142,0,0,1,0,0,0
tt0099165,1,0,0,0,0,0
tt0099253,1,0,0,0,0,0
tt0099329,1,0,0,0,0,0
tt0099348,1,0,0,0,0,0
tt0099365,1,0,0,0,0,0
tt0099371,1,0,0,0,0,0
tt0099422,1,0,0,0,0,0
tt0099423,1,0,0,0,0,0
tt0099487,1,0,0,0,0,0
tt0099578,1,0,0,0,0,0
tt0099582,1,0,0,0,0,0
tt0099611,1,0,0,0,0,0
tt0099653,1,0,0,0,0,0
tt0099674,1,0,0,0,0,0
tt0099685,1,0,0,0,0,0
tt0099697,1,0,0,1,0,0
tt0099700,1,0,0,0,0,0
tt0099739,1,0,0,0,0,0
tt0099740,1,0,0,0,0,0
tt0099747,1,0,0,0,0,0
tt0099785,1,0,0,0,0,0
tt0099800,1,0,0,0,0,0
tt0099810,1,0,0,0,0,0
tt0099817,1,0,0,0,0,0
tt0099871,1,0,0,0,0,0
tt0099938,1,0,0,0,0,0
tt0100029,1,0,0,0,0,0
tt0100083,0,0,1,0,0,0
tt0100114,1,0,0,0,0,0
tt0100129,1,0,0,0,0,0
tt0100140,1,0,0,0,0,0
tt0100150,1,0,0,0,0,0
tt0100157,1,0,0,0,0,0
tt0100168,1,0,0,0,0,0
tt0100201,1,0,0,0,0,0
tt0100240,1,0,1,0,0,0
tt0100258,1,0,0,0,0,0
tt0100403,1,0,0,0,0,0
tt0100405,1,0,0,0,0,0
tt0100477,1,0,0,0,0,0
tt0100502,1,0,0,0,0,0
tt0100507,1,0,0,0,0,0
tt0100594,1,0,1,0,0,0
tt0100666,1,0,0,0,0,0
tt0100758,1,0,0,0,0,0
tt0100802,1,0,0,0,0,0
tt0100814,1,0,0,0,0,0
tt0100828,1,0,0,0,0,0
tt0100935,1,0,0,0,0,0
tt0101272,1,0,0,0,0,0
tt0101371,1,0,0,0,0,0
tt0101373,1,1,0,0,0,0
tt0101393,1,0,0,0,0,0
tt0101410,1,0,0,0,0,0
tt0101414,1,0,0,0,0,0
tt0101507,1,0,0,0,0,0
tt0101540,1,0,0,0,0,0
tt0101587,1,0,0,0,0,0
tt0101615,1,0,0,0,0,0
tt0101700,0,0,1,0,0,0
tt0101701,1,0,0,0,0,0
tt0101757,1,0,0,0,0,0
tt0101761,1,0,0,0,0,0
tt0101764,1,0,0,0,0,0
tt0101786,1,0,0,0,0,0
tt0101889,1,0,0,0,0,0
tt0101902,1,0,0,0,0,0
tt0101917,1,0,0,0,0,0
tt0101921,1,0,0,0,0,0
tt0102034,1,1,1,0,0,0
tt0102057,1,0,0,0,0,0
tt0102059,1,0,0,0,0,0
tt0102070,1,0,0,0,0,0
tt0102116,1,0,0,1,0,0
tt0102138,1,0,1,0,0,0
tt0102175,1,0,0,0,0,0
tt0102266,1,0,0,0,0,0
tt0102395,1,0,0,0,0,0
tt0102411,1,0,0,0,0,0
tt0102460,1,0,0,0,0,0
tt0102510,1,0,0,0,0,0
tt0102526,1,0,0,0,0,0
tt0102558,1,0,0,0,0,0
tt0102603,1,0,0,0,0,0
tt0102614,1,0,0,0,0,0
tt0102631,1,0,0,0,0,0
tt0102685,1,0,0,1,0,0
tt0102687,1,0,0,0,0,0
tt0102749,1,0,0,0,0,0
tt0102753,1,0,0,0,0,0
tt0102757,1,0,0,0,0,0
tt0102782,1,0,0,0,0,0
tt0102798,1,0,0,0,0,0
tt0102802,1,0,0,0,0,0
tt0102803,1,0,0,0,0,0
tt0102818,1,0,0,0,0,0
tt0102849,1,0,0,0,0,0
tt0102900,1,0,0,0,0,0
tt0102915,1,0,0,0,0,0
tt0102926,1,0,0,0,0,0
tt0102945,1,0,0,0,0,0
tt0102975,1,0,0,0,0,0
tt0103007,1,0,0,1,0,0
tt0103064,1,0,1,0,0,0
tt0103074,1,0,1,0,0,0
tt0103241,1,0,0,0,0,0
tt0103247,1,0,0,0,0,0
tt0103594,0,1,1,0,0,0
tt0103639,1,0,0,0,0,0
tt0103644,1,0,0,0,0,0
tt0103759,1,0,0,0,0,0
tt0103772,1,0,1,0,0,0
tt0103776,1,0,0,0,0,0
tt0103855,1,0,0,0,0,0
tt0103859,1,0,0,0,0,0
tt0103873,0,0,0,0,0,1
tt0103874,1,0,0,0,0,0
tt0103919,1,0,0,0,0,0
tt0103924,1,0,0,0,0,0
tt0103956,1,0,0,0,0,0
tt0103962,1,1,0,0,0,0
tt0103976,1,0,1,0,0,0
tt0103977,1,0,0,0,0,0
tt0104006,1,0,0,0,0,0
tt0104036,1,0,0,1,0,0
tt0104107,1,0,0,0,0,0
tt0104109,1,0,1,0,0,0
tt0104215,1,0,0,0,0,0
tt0104231,1,0,0,0,0,0
tt0104257,1,0,0,0,0,0
tt0104348,1,0,0,0,0,0
tt0104376,1,0,0,0,0,0
tt0104389,1,0,0,0,0,0
tt0104409,1,0,0,0,0,0
tt0104431,1,0,0,0,0,0
tt0104437,1,0,0,0,0,0
tt0104549,1,0,0,0,0,0
tt0104558,0,0,0,0,0,1
tt0104573,1,0,0,0,0,0
tt0104691,1,0,0,0,0,0
tt0104692,1,0,0,1,0,0
tt0104694,1,0,0,0,0,0
tt0104714,1,0,0,0,0,0
tt0104779,1,0,1,0,0,0
tt0104797,1,0,0,1,0,0
tt0104815,1,0,0,0,0,0
tt0104850,1,0,1,0,0,0
tt0104868,1,0,0,0,0,0
tt0104928,1,0,0,0,0,0
tt0104952,1,0,0,0,0,0
tt0105017,1,0,0,0,0,0
tt0105078,1,0,0,0,0,0
tt0105104,1,0,0,0,0,0
tt0105112,1,0,0,0,0,0
tt0105128,1,0,0,0,0,0
tt0105151,1,0,0,0,0,0
tt0105211,1,0,0,0,0,0
tt0105219,1,0,0,0,0,0
tt0105236,1,0,0,0,0,0
tt0105323,1,0,0,0,0,0
tt0105378,1,0,0,0,0,0
tt0105399,0,0,0,0,0,1
tt0105414,1,0,0,0,0,0
tt0105488,1,0,0,0,0,0
tt0105508,1,0,0,0,0,0
tt0105652,0,0,0,1,0,0
tt0105665,1,0,1,0,0,0
tt0105690,1,0,1,0,0,0
tt0105695,1,0,0,0,0,0
tt0105793,1,0,0,0,0,0
tt0105824,1,0,0,0,0,0
tt0106226,1,0,0,0,0,0
tt0106233,1,0,0,0,0,0
tt0106246,1,0,0,0,0,0
tt0106364,1,0,0,0,0,0
tt0106375,1,0,0,0,0,0
tt0106447,1,0,0,0,0,0
tt0106452,1,0,0,0,0,0
tt0106453,1,0,1,0,0,0
tt0106464,1,0,0,0,0,0
tt0106489,1,0,0,0,0,0
tt0106505,1,0,0,0,0,0
tt0106519,1,0,0,0,0,0
tt0106521,1,0,0,0,0,0
tt0106557,1,0,0,0,0,0
tt0106582,1,0,1,0,0,0
tt0106611,1,0,0,0,0,0
tt0106627,1,0,0,0,0,0
tt0106664,1,0,0,0,0,0
tt0106677,1,0,0,0,0,0
tt0106697,1,0,0,0,0,0
tt0106701,1,0,0,0,0,0
tt0106761,1,0,1,0,0,0
tt0106770,1,0,0,0,0,0
tt0106856,1,0,1,0,0,0
tt0106912,1,0,0,0,0,0
tt0106918,1,0,0,0,0,0
tt0106941,1,0,0,0,0,0
tt0106950,1,0,0,0,0,0
tt0106965,1,0,1,0,0,0
tt0106977,1,0,0,0,0,0
tt0107004,1,0,0,0,0,0
tt0107034,1,0,0,0,0,0
tt0107048,1,0,0,0,0,0
tt0107076,1,0,0,0,0,0
tt0107120,1,0,0,0,0,0
tt0107144,1,0,0,0,0,0
tt0107151,1,1,1,0,0,0
tt0107156,1,0,0,1,0,0
tt0107206,1,0,0,0,0,0
tt0107207,1,0,0,0,0,0
tt0107211,1,0,0,0,0,0
tt0107277,1,0,0,0,0,0
tt0107282,1,0,0,1,0,0
tt0107290,1,0,0,0,0,0
tt0107302,1,0,0,0,0,0
tt0107362,1,0,0,0,0,0
tt0107387,1,0,0,0,0,0
tt0107426,1,0,1,0,0,0
tt0107504,1,0,0,0,0,0
tt0107507,1,0,0,0,0,0
tt0107554,1,0,0,0,0,0
tt0107594,1,0,0,0,0,0
tt0107614,1,0,0,0,0,0
tt0107688,1,0,0,0,0,0
tt0107719,1,0,0,0,0,0
tt0107750,1,0,1,0,0,0
tt0107808,1,0,0,0,0,0
tt0107818,1,0,0,0,0,0
tt0107822,1,0,1,0,0,0
tt0107840,1,0,0,0,0,0
tt0107943,1,0,0,0,0,0
tt0107953,1,0,0,1,0,0
tt0107977,1,0,1,0,0,0
tt0107978,1,0,0,0,0,0
tt0108000,1,0,0,0,0,0
tt0108002,1,0,0,0,0,0
tt0108041,1,0,1,0,0,0
tt0108052,1,0,0,0,0,0
tt0108160,1,0,0,0,0,0
tt0108162,1,0,0,0,0,0
tt0108174,1,0,0,0,0,0
tt0108187,1,0,1,0,0,0
tt0108255,1,0,0,0,0,0
tt0108320,1,0,0,0,0,0
tt0108333,1,0,0,0,0,0
tt0108358,1,0,0,0,0,0
tt0108395,1,0,0,0,0,0
tt0108399,1,0,1,0,0,0
tt0108550,1,0,0,0,0,0
tt0109040,1,0,0,0,0,0
tt0109067,1,0,0,0,0,0
tt0109190,1,0,0,0,0,0
tt0109254,1,0,0,0,0,0
tt0109368,1,0,0,0,0,0
tt0109370,1,0,0,0,0,0
tt0109376,1,0,0,0,0,0
tt0109402,1,0,0,0,0,0
tt0109444,1,0,0,0,0,0
tt0109445,1,0,0,0,0,0
tt0109446,1,0,0,0,0,0
tt0109447,1,0,0,0,0,0
tt0109456,1,0,0,0,0,0
tt0109506,1,0,0,0,0,0
tt0109635,1,0,0,0,0,0
tt0109686,1,0,0,0,0,0
tt0109707,1,0,0,0,0,0
tt0109813,1,0,0,0,0,0
tt0109830,1,0,0,0,0,0
tt0109831,1,0,0,0,0,0
tt0109836,1,0,0,1,0,0
tt0110005,0,0,1,0,0,0
tt0110027,1,0,1,0,0,0
tt0110057,1,0,0,0,0,0
tt0110066,1,0,0,0,0,0
tt0110146,1,0,0,0,0,0
tt0110148,1,0,0,0,0,0
tt0110186,1,0,0,0,0,0
tt0110265,1,0,1,0,0,0
tt0110289,0,0,1,0,0,0
tt0110322,1,0,0,0,0,0
tt0110329,1,0,0,0,0,0
tt0110357,1,0,0,0,0,0
tt0110399,1,0,0,0,0,0
tt0110413,0,0,1,0,0,0
tt0110475,1,0,0,0,0,0
tt0110598,1,0,1,0,0,0
tt0110622,1,0,0,0,0,0
tt0110632,1,0,0,0,0,0
tt0110657,1,0,0,0,0,0
tt0110725,1,0,0,0,0,0
tt0110759,1,0,0,0,0,0
tt0110763,1,0,0,0,0,0
tt0110912,1,0,0,0,0,0
tt0110944,1,0,0,0,0,0
tt0110950,1,0,0,0,0,0
tt0110955,1,0,0,0,0,0
tt0110971,1,0,0,0,0,0
tt0110978,1,0,0,0,0,0
tt0111070,1,0,0,0,0,0
tt0111143,1,0,0,0,0,0
tt0111161,1,0,0,0,0,0
tt0111187,1,0,0,0,0,0
tt0111255,1,0,0,0,0,0
tt0111257,1,0,0,0,0,0
tt0111280,1,0,0,0,0,0
tt0111282,1,0,1,0,0,0
tt0111301,1,0,0,1,0,0
tt0111323,1,0,0,0,0,0
tt0111333,1,0,0,0,0,0
tt0111400,1,0,0,0,0,0
tt0111419,1,0,0,0,0,0
tt0111438,1,0,0,1,0,0
tt0111503,1,0,0,0,0,0
tt0111579,0,0,1,0,0,0
tt0111686,1,0,0,0,0,0
tt0111756,1,0,0,0,0,0
tt0112281,1,0,0,0,0,0
tt0112346,1,0,0,0,0,0
tt0112384,1,0,0,0,0,0
tt0112401,1,0,1,0,0,0
tt0112431,1,0,0,0,0,0
tt0112442,1,0,0,0,0,0
tt0112462,1,0,0,0,0,0
tt0112471,1,0,0,0,0,0
tt0112508,1,0,0,0,0,0
tt0112541,1,0,0,0,0,0
tt0112571,1,0,1,0,0,0
tt0112573,1,0,0,0,0,0
tt0112579,1,0,0,0,0,0
tt0112641,1,0,1,0,0,0
tt0112642,1,0,0,0,0,0
tt0112682,0,1,1,0,0,0
tt0112715,1,0,0,0,0,0
tt0112740,1,0,0,0,0,0
tt0112760,1,0,1,0,0,0
tt0112818,1,0,0,0,0,0
tt0112851,1,0,0,0,0,0
tt0112857,1,0,0,0,0,0
tt0112864,1,0,0,0,0,0
tt0112870,0,0,0,0,0,1
tt0112883,1,0,0,0,0,0
tt0113010,1,0,0,0,0,0
tt0113071,1,0,0,0,0,0
tt0113101,1,0,0,0,0,0
tt0113118,1,0,0,0,0,0
tt0113161,1,0,0,0,0,0
tt0113189,1,0,0,0,0,0
tt0113243,1,0,0,0,0,0
tt0113253,1,0,0,0,0,0
tt0113277,1,0,0,0,0,0
tt0113303,1,0,0,0,0,0
tt0113326,0,0,0,0,0,1
tt0113347,1,0,0,0,0,0
tt0113362,0,0,1,0,0,0
tt0113409,1,0,0,0,0,0
tt0113451,1,0,0,0,0,0
tt0113463,1,0,1,0,0,0
tt0113481,1,0,0,0,0,0
tt0113492,1,0,0,0,0,0
tt0113497,1,0,0,0,0,0
tt0113540,1,0,0,0,0,0
tt0113627,1,0,0,0,0,0
tt0113677,1,0,0,0,0,0
tt0113691,1,0,0,0,0,0
tt0113819,1,0,0,0,0,0
tt0113820,1,0,0,1,0,0
tt0113845,1,0,0,0,0,0
tt0113855,1,0,0,0,0,0
tt0113957,1,0,0,0,0,0
tt0113972,1,0,0,0,0,0
tt0113987,1,0,0,0,0,0
tt0114011,1,0,0,0,0,0
tt0114095,1,0,0,0,0,0
tt0114108,1,0,0,0,0,0
tt0114113,1,0,0,0,0,0
tt0114148,1,0,0,0,0,0
tt0114172,1,0,0,0,0,0
tt0114214,1,0,0,1,0,0
tt0114287,1,0,0,0,0,0
tt0114296,1,0,0,0,0,0
tt0114345,1,0,0,0,0,0
tt0114367,1,0,0,1,0,0
tt0114369,1,0,0,0,0,0
tt0114388,1,0,0,0,0,0
tt0114436,1,0,1,0,0,0
tt0114478,1,0,1,1,0,0
tt0114508,1,0,0,0,0,0
tt0114536,1,0,0,0,0,0
tt0114558,1,0,0,0,0,0
tt0114576,1,0,0,0,0,0
tt0114614,1,0,0,0,0,0
tt0114660,1,0,0,0,0,0
tt0114666,1,0,0,0,0,0
tt0114681,1,0,0,0,0,0
tt0114697,1,0,0,0,0,0
tt0114709,1,0,0,0,0,0
tt0114746,1,0,0,0,0,0
tt0114781,1,0,0,0,0,0
tt0114814,1,0,1,0,0,0
tt0114825,1,0,0,0,0,0
tt0114885,1,0,0,0,0,0
tt0114887,1,0,0,0,0,0
tt0114898,1,0,0,0,0,0
tt0114924,1,0,0,0,0,0
tt0115433,1,0,0,0,0,0
tt0115571,1,0,0,0,0,0
tt0115632,1,0,0,0,0,0
tt0115676,1,0,0,0,0,0
tt0115734,1,0,0,0,0,0
tt0115736,1,0,0,0,0,0
tt0115759,1,0,0,0,0,0
tt0115783,1,0,0,0,0,0
tt0115798,1,0,0,0,0,0
tt0115857,1,0,0,0,0,0
tt0115862,1,0,0,0,0,0
tt0115906,1,0,0,0,0,0
tt0115956,1,0,0,0,0,0
tt0115963,1,0,0,0,0,0
tt0115986,1,0,0,0,0,0
tt0115994,1,0,0,0,0,0
tt0116040,1,0,0,0,0,0
tt0116118,1,0,0,0,0,0
tt0116136,1,0,0,0,0,0
tt0116191,1,0,0,0,0,0
tt0116209,1,0,0,0,0,0
tt0116213,1,0,0,0,0,0
tt0116225,1,0,0,0,0,0
tt0116250,1,0,0,0,0,0
tt0116253,1,0,0,0,0,0
tt0116269,1,0,0,0,0,0
tt0116277,1,0,0,0,0,0
tt0116282,1,0,0,0,0,0
tt0116313,1,0,0,0,0,0
tt0116320,1,0,0,0,0,0
tt0116322,1,0,0,0,0,0
tt0116324,1,0,0,0,0,0
tt0116365,1,0,0,0,0,0
tt0116367,1,0,0,0,0,0
tt0116404,1,0,0,0,0,0
tt0116409,1,0,1,0,0,0
tt0116483,1,0,0,0,0,0
tt0116514,1,0,0,0,0,0
tt0116583,1,0,0,0,0,0
tt0116629,1,0,0,0,0,0
tt0116654,1,0,0,0,0,0
tt0116683,1,0,0,0,0,0
tt0116695,1,0,0,0,0,0
tt0116705,1,0,0,0,0,0
tt0116707,1,0,0,0,0,0
tt0116722,1,0,0,0,0,0
tt0116743,1,0,1,1,0,0
tt0116778,1,0,0,0,0,0
tt0116830,1,0,0,0,0,0
tt0116905,1,0,0,0,0,0
tt0116922,1,0,1,0,0,0
tt0116985,1,0,0,0,0,0
tt0116996,1,0,0,0,0,0
tt0117002,1,0,0,0,0,0
tt0117008,1,0,0,0,0,0
tt0117011,1,0,0,0,0,0
tt0117039,1,0,0,0,0,0
tt0117060,1,0,0,0,0,0
tt0117104,1,0,0,0,0,0
tt0117218,1,0,0,0,0,0
tt0117318,1,0,0,0,0,0
tt0117331,1,0,0,0,0,0
tt0117333,1,0,0,0,0,0
tt0117372,1,0,0,0,0,0
tt0117420,1,0,0,0,0,0
tt0117438,1,0,0,0,0,0
tt0117477,0,0,1,0,0,0
tt0117500,1,0,0,0,0,0
tt0117509,1,0,0,0,0,0
tt0117571,1,0,0,0,0,0
tt0117589,1,0,1,0,0,0
tt0117603,1,0,0,0,0,0
tt0117628,1,0,0,0,0,0
tt0117653,1,0,0,0,0,0
tt0117665,1,0,0,0,0,0
tt0117666,1,0,0,0,0,0
tt0117705,1,0,0,0,0,0
tt0117718,1,0,0,0,0,0
tt0117724,1,0,0,0,0,0
tt0117731,1,0,0,0,0,0
tt0117765,1,0,0,0,0,0
tt0117786,0,0,0,0,0,1
tt0117791,1,0,0,0,0,0
tt0117802,1,0,0,0,0,0
tt0117913,1,0,0,0,0,0
tt0117951,1,0,0,0,0,0
tt0117998,1,0,0,0,0,0
tt0118158,1,0,0,0,0,0
tt0118531,1,0,0,0,0,0
tt0118548,1,0,0,0,0,0
tt0118564,1,0,0,0,0,0
tt0118570,1,0,0,0,0,0
tt0118571,1,0,1,0,0,0
tt0118577,1,0,0,0,0,0
tt0118583,1,0,0,0,0,0
tt0118589,1,0,0,0,0,0
tt0118604,1,0,1,0,0,0
tt0118607,1,0,0,0,0,0
tt0118615,1,1,0,0,0,0
tt0118617,1,0,0,0,0,0
tt0118623,1,0,0,0,0,0
tt0118655,1,0,1,0,0,0
tt0118661,1,0,0,0,0,0
tt0118665,1,0,0,0,0,0
tt0118688,1,0,0,0,0,0
tt0118689,1,0,0,0,0,0
tt0118715,1,0,0,0,0,0
tt0118736,1,0,0,0,0,0
tt0118747,1,0,0,0,0,0
tt0118749,1,0,0,0,0,0
tt0118771,1,0,0,0,0,0
tt0118789,1,0,0,0,0,0
tt0118798,1,0,0,0,0,0
tt0118799,0,0,1,0,0,0
tt0118826,1,0,0,0,0,0
tt0118829,1,0,0,0,0,0
tt0118842,1,0,0,0,0,0
tt0118849,0,0,0,0,0,1
tt0118880,1,0,0,0,0,0
tt0118883,1,0,0,0,0,0
tt0118884,1,0,0,0,0,0
tt0118887,1,0,0,0,0,0
tt0118928,1,0,0,0,0,0
tt0118929,1,0,0,0,0,0
tt0118956,1,0,0,0,0,0
tt0118971,1,0,1,0,0,0
tt0118972,1,0,0,0,0,0
tt0118998,1,0,0,0,0,0
tt0119008,1,0,0,0,0,0
tt0119038,0,0,1,0,0,0
tt0119079,1,0,0,0,0,0
tt0119081,1,0,0,0,0,0
tt0119116,0,0,1,0,0,0
tt0119123,1,0,0,0,0,0
tt0119137,1,0,0,0,0,0
tt0119142,1,0,0,0,0,0
tt0119164,1,0,0,0,0,0
tt0119173,1,0,0,0,0,0
tt0119174,1,0,0,0,0,0
tt0119177,1,0,0,0,0,0
tt0119210,1,0,0,0,0,0
tt0119217,1,0,0,0,0,0
tt0119223,1,0,0,0,0,0
tt0119256,1,0,0,0,0,0
tt0119282,1,0,0,0,0,0
tt0119303,1,0,0,0,0,0
tt0119304,1,0,0,0,0,0
tt0119314,1,0,0,0,0,0
tt0119324,1,0,0,0,0,0
tt0119345,1,0,0,0,0,0
tt0119395,1,0,1,1,0,0
tt0119396,1,0,0,0,0,0
tt0119468,1,0,0,0,0,0
tt0119488,1,0,0,0,0,0
tt0119517,1,0,0,0,0,0
tt0119528,1,0,0,0,0,0
tt0119558,1,0,1,0,0,0
tt0119567,1,0,0,0,0,0
tt0119578,1,0,0,0,0,0
tt0119579,1,0,0,0,0,0
tt0119643,1,0,0,0,0,0
tt0119654,1,0,0,0,0,0
tt0119664,1,0,0,0,0,0
tt0119668,1,0,0,0,0,0
tt0119675,1,0,0,0,0,0
tt0119698,0,0,0,1,0,0
tt0119707,1,0,0,0,0,0
tt0119715,1,0,0,0,0,0
tt0119738,1,0,0,0,0,0
tt0119746,1,0,0,0,0,0
tt0119822,1,0,0,0,0,0
tt0119832,1,0,0,0,0,0
tt0119870,1,0,0,0,0,0
tt0119906,1,0,0,0,0,0
tt0119925,1,0,0,0,0,0
tt0119934,1,0,0,0,0,0
tt0119937,1,0,0,0,0,0
tt0119951,1,0,0,0,0,0
tt0119978,1,0,1,0,0,0
tt0120004,1,0,1,1,0,0
tt0120008,1,0,0,0,0,0
tt0120082,1,0,0,0,0,0
tt0120094,1,0,0,0,0,0
tt0120102,1,0,0,0,0,0
tt0120107,1,0,0,0,0,0
tt0120122,1,0,0,0,0,0
tt0120148,1,0,0,0,0,0
tt0120157,1,0,0,0,0,0
tt0120177,1,0,0,0,0,0
tt0120179,1,0,0,0,0,0
tt0120184,1,0,0,0,0,0
tt0120188,1,0,0,0,0,0
tt0120201,1,0,0,0,0,0
tt0120207,1,0,0,0,0,0
tt0120255,1,0,0,0,0,0
tt0120338,1,0,0,0,0,0
tt0120347,1,0,0,0,0,0
tt0120363,1,0,0,0,0,0
tt0120382,1,0,0,0,0,0
tt0120389,1,0,0,1,0,0
tt0120390,1,0,0,0,0,0
tt0120399,1,0,1,0,0,0
tt0120434,1,0,0,0,0,0
tt0120458,1,0,1,1,0,0
tt0120467,1,0,0,0,0,0
tt0120483,1,0,1,0,0,0
tt0120484,1,0,0,0,0,0
tt0120524,1,0,0,0,0,0
tt0120531,1,0,0,0,0,0
tt0120577,1,0,0,0,0,0
tt0120586,1,0,0,0,0,0
tt0120587,1,0,0,0,0,0
tt0120591,1,0,0,0,0,0
tt0120595,1,0,0,0,0,0
tt0120596,1,0,0,0,0,0
tt0120601,1,0,0,0,0,0
tt0120604,1,0,0,0,0,0
tt0120611,1,0,0,0,0,0
tt0120616,1,0,0,0,0,0
tt0120620,1,0,0,0,0,0
tt0120623,1,0,0,0,0,0
tt0120630,1,0,1,0,0,0
tt0120631,1,0,0,0,0,0
tt0120632,1,0,1,0,0,0
tt0120633,1,0,0,0,0,0
tt0120645,1,0,0,0,0,0
tt0120646,1,0,0,0,0,0
tt0120647,1,0,0,0,0,0
tt0120655,1,0,0,0,0,0
tt0120657,1,0,0,0,0,0
tt0120660,1,0,0,0,0,0
tt0120663,1,0,0,0,0,0
tt0120667,1,0,1,0,0,0
tt0120669,1,0,0,0,0,0
tt0120679,1,0,0,0,0,0
tt0120681,1,0,0,0,0,0
tt0120684,1,0,0,0,0,0
tt0120685,1,0,0,1,0,0
tt0120689,1,0,0,0,0,0
tt0120693,1,0,0,0,0,0
tt0120694,1,0,0,0,0,0
tt0120696,1,0,1,1,0,0
tt0120703,1,0,0,0,0,0
tt0120722,1,0,0,0,0,0
tt0120735,1,0,0,0,0,0
tt0120737,1,0,0,0,0,0
tt0120738,1,0,0,0,0,0
tt0120746,1,0,1,0,0,0
tt0120755,1,0,1,0,0,0
tt0120757,1,0,0,0,0,0
tt0120762,1,0,0,0,0,0
tt0120764,1,0,0,0,0,0
tt0120768,1,0,1,0,0,0
tt0120769,1,0,0,0,0,0
tt0120770,1,0,0,0,0,0
tt0120777,1,0,0,0,0,0
tt0120780,1,0,0,0,0,0
tt0120784,1,0,0,0,0,0
tt0120787,1,0,0,0,0,0
tt0120791,1,0,0,0,0,0
tt0120794,1,0,0,0,0,0
tt0120802,1,0,1,0,0,0
tt0120804,1,0,1,0,0,0
tt0120812,1,0,0,0,0,0
tt0120815,1,0,0,0,0,0
tt0120828,1,0,0,0,0,0
tt0120832,1,0,0,0,0,0
tt0120844,1,0,0,0,0,0
tt0120857,1,0,1,0,0,0
tt0120863,1,0,0,0,0,0
tt0120873,1,0,0,0,0,0
tt0120885,1,0,0,0,0,0
tt0120888,1,0,0,0,0,0
tt0120889,1,0,0,0,0,0
tt0120890,1,0,0,0,0,0
tt0120891,1,0,0,0,0,0
tt0120902,1,0,0,0,0,0
tt0120903,1,0,0,0,0,0
tt0120906,1,0,0,0,0,0
tt0120907,1,0,0,0,0,0
tt0120910,1,0,0,0,0,0
tt0120912,1,0,0,0,0,0
tt0120913,1,0,0,0,0,0
tt0120915,1,0,0,0,0,0
tt0120917,1,0,0,0,0,0
tt0121164,1,0,0,0,0,0
tt0121765,1,0,0,0,0,0
tt0121766,1,0,0,0,0,0
tt0122151,1,0,0,0,0,0
tt0122194,1,0,0,0,0,0
tt0122459,1,0,0,0,0,0
tt0122541,1,0,0,0,0,0
tt0122690,1,0,1,0,0,0
tt0122718,1,0,0,0,0,0
tt0122933,1,0,0,0,0,0
tt0123755,1,0,0,0,0,0
tt0123948,0,0,0,1,0,0
tt0123964,1,0,0,0,0,0
tt0124102,1,0,0,0,0,0
tt0124179,1,0,0,0,0,0
tt0124198,1,0,0,0,0,0
tt0124298,1,0,0,0,0,0
tt0124718,1,0,0,0,0,0
tt0124879,1,0,0,0,0,0
tt0125439,1,0,0,0,0,0
tt0125659,0,1,1,0,0,0
tt0125664,1,0,1,1,0,0
tt0125971,1,0,0,0,0,0
tt0126029,1,0,0,0,0,0
tt0127349,1,0,0,0,0,0
tt0127536,1,0,0,0,0,0
tt0127723,1,0,0,0,0,0
tt0128214,1,0,0,0,0,0
tt0128442,1,0,0,0,0,0
tt0128853,1,0,0,0,0,0
tt0129167,1,0,0,0,0,0
tt0129280,1,0,0,0,0,0
tt0129290,1,0,0,0,0,0
tt0129387,1,0,0,0,0,0
tt0130018,1,0,0,0,0,0
tt0130623,1,0,0,0,0,0
tt0130827,0,0,1,0,0,0
tt0131704,1,0,1,0,0,0
tt0132245,1,0,0,0,0,0
tt0132347,1,0,0,0,0,0
tt0133093,1,0,0,0,0,0
tt0133117,1,0,0,0,0,0
tt0133152,1,0,0,0,0,0
tt0133240,1,0,0,0,0,0
tt0133751,1,0,0,0,0,0
tt0133952,1,0,0,0,0,0
tt0134084,1,0,0,0,0,0
tt0134119,1,0,0,0,0,0
tt0134154,1,0,0,0,0,0
tt0134273,1,0,1,0,0,0
tt0134618,1,0,0,0,0,0
tt0134619,1,0,0,0,0,0
tt0134847,1,0,0,0,0,0
tt0134983,1,0,0,0,0,0
tt0137338,1,0,0,0,0,0
tt0137494,1,0,1,0,0,0
tt0137523,1,0,1,0,0,0
tt0138097,1,0,0,0,0,0
tt0138304,1,0,0,0,0,0
tt0138414,1,0,0,0,0,0
tt0138510,1,0,0,0,0,0
tt0138524,1,0,0,0,0,0
tt0138704,1,0,0,0,0,0
tt0138749,1,0,0,0,0,0
tt0139134,1,0,0,0,0,0
tt0139239,1,0,0,0,0,0
tt0139414,1,0,0,0,0,0
tt0139462,1,0,0,0,0,0
tt0139654,1,0,0,0,0,0
tt0139809,1,0,1,0,0,0
tt0140352,1,0,0,0,0,0
tt0141098,1,0,0,0,0,0
tt0141399,1,0,1,1,0,0
tt0141907,1,0,0,0,0,0
tt0141926,1,0,1,0,0,0
tt0142342,1,0,0,0,0,0
tt0142688,1,1,1,0,0,0
tt0143145,1,0,0,0,0,0
tt0144084,1,0,0,0,0,0
tt0144117,1,0,0,0,0,0
tt0144120,1,0,0,0,0,0
tt0144168,1,0,1,0,0,0
tt0144214,1,0,1,0,0,0
tt0144528,1,0,0,0,0,0
tt0144637,1,0,0,0,0,0
tt0144814,1,0,0,0,0,0
tt0144964,1,0,0,0,0,0
tt0145394,1,0,0,0,0,0
tt0145487,1,0,0,0,0,0
tt0145531,1,0,0,0,0,0
tt0145660,1,0,0,0,0,0
tt0145681,1,0,0,0,0,0
tt0145734,1,0,0,0,0,0
tt0145893,1,0,1,0,0,0
tt0145937,1,0,0,0,0,0
tt0146309,1,0,0,0,0,0
tt0146316,1,0,1,1,0,0
tt0146336,1,0,1,0,0,0
tt0146675,1,0,0,0,0,0
tt0146838,1,0,0,0,0,0
tt0146882,1,0,0,0,0,0
tt0146984,1,0,0,0,0,0
tt0147612,1,0,0,0,0,0
tt0147800,1,0,0,0,0,0
tt0149261,1,0,0,0,0,0
tt0149691,1,0,0,0,0,0
tt0150377,1,0,1,0,0,0
tt0151738,1,0,0,0,0,0
tt0151804,1,0,0,0,0,0
tt0155267,1,0,0,0,0,0
tt0155776,1,0,0,0,0,0
tt0155975,1,0,0,0,0,0
tt0156841,1,0,0,0,0,0
tt0156934,1,0,0,0,0,0
tt0157472,1,0,0,0,0,0
tt0157503,1,0,1,0,0,0
tt0158622,1,0,0,0,0,0
tt0158811,1,0,0,0,0,0
tt0159097,1,0,0,0,0,0
tt0159273,1,0,0,0,0,0
tt0159365,1,0,1,0,0,0
tt0160009,1,0,0,0,0,0
tt0160127,1,0,1,0,0,0
tt0160184,1,0,1,0,0,0
tt0160338,1,0,0,0,0,0
tt0160401,1,0,0,0,0,0
tt0160429,1,0,0,0,0,0
tt0160797,1,0,1,0,0,0
tt0160862,1,0,0,0,0,0
tt0161023,1,0,0,0,0,0
tt0161081,1,0,0,0,0,0
tt0161100,1,0,0,0,0,0
tt0161942,1,0,0,0,0,0
tt0162222,1,0,0,0,0,0
tt0162360,1,0,0,0,0,0
tt0162650,1,0,1,0,0,0
tt0162661,1,0,1,0,0,0
tt0162983,1,0,1,0,0,0
tt0163025,1,0,0,0,0,0
tt0163187,1,0,0,0,0,0
tt0163579,1,0,0,0,0,0
tt0163651,1,0,0,0,0,0
tt0163676,1,0,0,0,0,0
tt0163978,1,0,0,0,0,0
tt0163984,1,0,0,0,0,0
tt0164052,1,0,1,0,0,0
tt0164085,1,0,0,0,0,0
tt0164114,1,0,0,0,0,0
tt0164181,1,0,0,0,0,0
tt0164184,1,0,1,0,0,0
tt0164212,1,0,1,0,0,0
tt0164334,1,0,1,0,0,0
tt0164538,0,0,0,0,0,1
tt0164912,1,0,1,0,0,0
tt0165494,1,0,0,0,0,0
tt0165546,0,0,1,0,0,0
tt0165643,1,0,0,0,0,0
tt0165710,1,0,0,0,0,0
tt0165854,1,0,0,0,0,0
tt0165929,1,0,0,0,0,0
tt0165982,1,0,0,0,0,0
tt0166110,1,0,0,0,0,0
tt0166175,1,0,0,0,0,0
tt0166276,1,0,0,0,0,0
tt0166813,1,0,0,0,0,0
tt0166924,1,0,1,0,0,0
tt0166943,1,0,0,0,0,0
tt0167190,1,0,0,0,0,0
tt0167260,1,0,0,0,0,0
tt0167261,1,0,0,0,0,0
tt0167404,1,0,0,0,0,0
tt0167456,1,0,1,0,0,0
tt0168501,1,0,0,0,0,0
tt0168629,1,1,1,0,0,0
tt0168786,1,0,0,0,0,0
tt0169102,0,0,0,0,0,1
tt0169302,0,0,0,0,0,1
tt0169547,1,0,0,0,0,0
tt0170016,1,0,1,0,0,0
tt0171356,1,0,0,0,0,0
tt0171359,1,0,0,0,0,0
tt0171363,1,0,0,0,0,0
tt0171433,1,0,0,0,0,0
tt0171804,1,0,0,0,0,0
tt0172156,1,0,0,0,0,0
tt0172396,1,0,0,0,0,0
tt0172495,1,0,0,0,0,0
tt0173840,1,0,0,1,0,0
tt0174204,1,0,1,0,0,0
tt0174856,1,0,0,0,0,0
tt0175142,1,0,0,0,0,0
tt0175880,1,0,0,0,0,0
tt0176269,1,0,0,0,0,0
tt0176783,1,0,0,0,0,0
tt0177789,1,0,0,0,0,0
tt0177971,1,0,0,0,0,0
tt0178868,0,0,0,1,0,0
tt0179098,1,0,0,0,0,0
tt0179626,1,0,1,0,0,0
tt0180052,1,0,0,0,0,0
tt0180073,1,0,1,0,0,0
tt0180093,1,0,0,0,0,0
tt0181316,1,0,1,0,0,0
tt0181536,1,0,0,0,0,0
tt0181689,1,0,0,0,0,0
tt0181739,1,0,0,0,0,0
tt0181852,1,0,1,0,0,0
tt0181865,1,0,1,0,0,0
tt0181875,1,0,0,0,0,0
tt0181984,1,0,0,0,0,0
tt0182295,1,0,1,0,0,0
tt0182789,1,0,1,0,0,0
tt0183505,1,0,0,0,0,0
tt0183523,1,0,0,0,0,0
tt0183649,1,0,0,0,0,0
tt0183790,1,0,0,0,0,0
tt0184858,1,0,0,0,0,0
tt0184894,1,0,0,0,0,0
tt0185125,0,1,1,0,0,0
tt0185183,1,0,0,0,0,0
tt0185371,1,0,0,0,0,0
tt0185937,1,0,0,0,0,0
tt0186045,1,0,0,0,0,0
tt0186151,1,0,0,0,0,0
tt0186566,1,0,0,0,0,0
tt0186589,1,0,0,0,0,0
tt0186894,1,0,0,0,0,0
tt0187078,1,0,0,0,0,0
tt0187393,1,0,1,0,0,0
tt0187738,1,0,1,0,0,0
tt0188030,0,1,0,0,0,0
tt0188640,0,0,0,1,0,0
tt0188674,1,0,0,0,0,0
tt0189584,1,0,0,0,0,0
tt0189998,1,0,0,0,0,0
tt0190138,1,0,0,0,0,0
tt0190332,1,0,0,1,0,0
tt0190374,1,0,0,0,0,0
tt0190590,1,0,1,0,0,0
tt0190641,0,0,0,1,0,0
tt0190865,1,0,1,0,0,0
tt0191133,1,0,0,0,0,0
tt0192111,1,0,0,0,0,0
tt0192255,1,0,1,0,0,0
tt0192614,1,0,0,0,0,0
tt0192731,1,0,1,0,0,0
tt0194218,1,0,0,0,0,0
tt0195685,1,0,0,0,0,0
tt0195714,1,0,0,0,0,0
tt0195945,1,0,0,0,0,0
tt0196229,1,0,1,0,0,0
tt0196857,1,0,0,0,0,0
tt0198781,1,0,0,0,0,0
tt0199290,1,0,0,0,0,0
tt0199725,1,0,0,0,0,0
tt0199753,1,0,0,0,0,0
tt0200465,1,0,0,0,0,0
tt0200550,1,0,0,0,0,0
tt0200720,1,0,1,0,0,0
tt0202402,1,0,0,0,0,0
tt0202470,1,0,0,0,0,0
tt0203009,1,0,0,0,0,0
tt0203019,1,0,0,0,0,0
tt0204175,1,0,0,0,0,0
tt0204313,1,0,0,0,0,0
tt0204946,1,0,0,0,0,0
tt0205000,1,0,0,0,0,0
tt0206200,0,0,1,0,0,0
tt0206275,1,0,0,0,0,0
tt0206314,1,0,0,0,0,0
tt0206634,1,0,0,0,0,0
tt0206750,1,0,0,0,0,0
tt0207201,1,0,0,0,0,0
tt0208003,1,0,1,0,0,0
tt0208092,1,0,0,0,0,0
tt0208988,1,0,0,0,0,0
tt0209077,1,0,1,0,0,0
tt0209144,1,0,0,0,0,0
tt0209163,1,0,0,0,0,0
tt0209475,1,0,1,0,0,0
tt0209958,1,0,1,0,0,0
tt0210234,1,0,0,1,0,0
tt0210616,1,0,0,0,0,0
tt0210945,1,0,0,0,0,0
tt0211181,1,0,0,0,0,0
tt0211443,1,0,0,0,0,0
tt0211465,1,0,0,0,0,0
tt0211915,0,0,1,0,0,0
tt0211933,1,0,0,0,0,0
tt0212338,1,0,0,0,0,0
tt0212346,1,0,0,0,0,0
tt0212712,0,0,1,1,0,0
tt0212720,1,0,0,0,0,0
tt0212985,1,0,0,0,0,0
tt0213149,1,0,0,0,0,0
tt0213790,1,0,0,0,0,0
tt0215129,1,0,0,0,0,0
tt0215750,1,0,1,0,0,0
tt0216216,1,0,0,0,0,0
tt0217107,1,0,0,0,0,0
tt0217505,1,0,1,0,0,0
tt0217756,1,0,0,0,0,0
tt0217869,1,0,0,0,0,0
tt0218553,0,0,0,1,0,0
tt0218817,1,0,0,0,0,0
tt0218967,1,0,0,0,0,0
tt0219653,1,0,0,0,0,0
tt0219699,1,0,0,0,0,0
tt0219822,1,0,1,0,0,0
tt0219854,1,0,0,0,0,0
tt0219965,1,0,0,0,0,0
tt0220099,1,0,0,1,0,0
tt0220506,1,0,0,0,0,0
tt0221027,1,0,0,0,0,0
tt0221218,1,0,0,0,0,0
tt0222850,1,0,0,0,0,0
tt0222851,1,0,0,1,0,0
tt0223897,1,0,0,0,0,0
tt0225071,1,0,0,0,0,0
tt0227005,1,0,0,0,0,0
tt0227445,1,0,1,0,0,0
tt0227538,1,0,0,0,0,0
tt0228333,1,0,0,0,0,0
tt0230011,1,0,0,0,0,0
tt0230030,1,0,1,0,0,0
tt0230600,1,1,1,0,0,0
tt0231402,1,0,0,0,0,0
tt0232500,1,0,1,0,0,0
tt0233142,1,0,0,0,0,0
tt0233469,1,0,0,0,0,0
tt0234215,1,0,0,0,0,0
tt0234354,1,0,0,0,0,0
tt0234829,1,0,0,0,0,0
tt0235679,0,0,0,1,0,0
tt0235737,1,0,0,0,0,0
tt0236493,1,0,0,0,0,0
tt0236784,1,0,0,0,0,0
tt0237534,0,0,1,0,0,0
tt0237572,1,0,0,0,0,0
tt0238112,1,0,1,0,0,0
tt0238380,1,0,0,0,0,0
tt0238546,1,0,0,0,0,0
tt0239395,1,0,0,0,0,0
tt0239948,1,0,0,0,0,0
tt0239986,1,0,0,0,0,0
tt0240462,1,0,0,0,0,0
tt0240772,1,0,0,0,0,0
tt0240890,1,0,0,0,0,0
tt0241025,1,0,0,0,0,0
tt0241303,1,0,0,0,0,0
tt0241527,1,0,0,0,0,0
tt0242150,1,0,0,0,0,0
tt0242256,0,0,0,0,0,1
tt0242423,1,0,0,0,0,0
tt0242445,1,0,0,0,0,0
tt0242572,0,0,0,0,0,1
tt0242587,1,0,0,0,0,0
tt0242653,1,0,0,0,0,0
tt0243155,1,0,1,0,0,0
tt0243585,1,0,0,0,0,0
tt0243655,1,0,0,0,0,0
tt0244000,1,0,0,0,0,0
tt0244244,1,0,0,0,0,0
tt0244504,0,1,0,0,0,0
tt0245429,0,0,0,1,0,0
tt0245562,1,0,0,0,0,0
tt0245686,1,0,0,0,0,0
tt0245712,0,0,0,0,0,1
tt0246460,1,0,0,0,0,0
tt0246464,1,0,0,0,0,0
tt0246544,1,0,1,0,0,0
tt0246578,1,0,0,0,0,0
tt0247199,1,0,0,0,0,0
tt0247303,1,0,1,0,0,0
tt0247638,1,0,0,0,0,0
tt0247745,1,0,0,0,0,0
tt0248012,0,0,0,0,0,1
tt0248216,0,0,0,0,0,1
tt0248547,0,0,0,0,0,1
tt0248667,1,0,0,0,0,0
tt0249462,1,0,1,0,0,0
tt0249478,1,0,0,0,0,0
tt0249516,1,0,0,0,0,0
tt0250224,1,0,0,0,0,0
tt0250310,1,0,0,0,0,0
tt0250371,1,0,0,0,0,0
tt0250494,1,0,0,0,0,0
tt0250687,1,0,0,0,0,0
tt0250797,1,0,1,0,0,0
tt0251075,1,0,0,0,0,0
tt0251114,1,0,0,0,0,0
tt0251127,1,0,1,0,0,0
tt0251160,1,0,0,0,0,0
tt0251736,1,0,0,0,0,0
tt0252028,1,0,0,0,0,0
tt0252076,1,0,0,0,0,0
tt0252223,1,0,1,0,0,0
tt0252501,1,0,0,0,0,0
tt0252866,1,0,0,0,0,0
tt0253474,1,0,1,0,0,0
tt0253556,1,0,0,0,0,0
tt0253754,1,0,0,0,0,0
tt0253798,1,0,0,0,0,0
tt0253867,1,0,0,0,0,0
tt0254686,0,0,1,0,0,0
tt0255589,0,0,0,1,0,0
tt0255798,1,0,0,0,0,0
tt0255819,1,0,0,0,0,0
tt0256009,0,1,1,0,0,0
tt0256276,1,0,0,0,0,0
tt0256380,1,0,1,0,0,0
tt0256415,1,0,0,0,0,0
tt0257044,1,0,0,0,0,0
tt0257076,1,0,0,0,0,0
tt0257106,1,0,0,0,0,0
tt0257360,1,0,0,0,0,0
tt0257516,1,0,1,0,0,0
tt0258000,1,0,0,0,0,0
tt0258068,1,0,1,0,0,0
tt0258273,1,0,0,0,0,0
tt0258463,1,0,1,0,0,0
tt0259288,1,0,1,0,0,0
tt0259324,1,0,0,0,0,0
tt0259446,1,0,0,0,0,0
tt0259711,1,1,0,0,0,0
tt0260866,1,0,0,0,0,0
tt0261289,1,0,1,0,0,0
tt0261392,1,0,0,0,0,0
tt0261755,1,0,0,0,0,0
tt0261983,1,0,0,0,0,0
tt0262396,1,0,0,0,0,0
tt0263488,1,0,1,0,0,0
tt0263734,1,0,0,0,0,0
tt0263757,1,0,0,0,0,0
tt0264395,1,0,1,0,0,0
tt0264464,1,0,0,0,0,0
tt0264472,1,0,0,0,0,0
tt0264616,1,0,1,0,0,0
tt0264761,1,0,0,0,0,0
tt0264935,1,0,0,0,0,0
tt0265086,1,0,0,0,0,0
tt0265208,1,0,0,0,0,0
tt0265298,1,0,1,0,0,0
tt0265349,1,0,0,0,0,0
tt0265459,1,0,0,0,0,0
tt0265632,1,0,0,0,0,0
tt0265662,1,0,0,0,0,0
tt0265666,1,0,0,0,0,0
tt0266391,1,0,1,0,0,0
tt0266465,1,0,1,0,0,0
tt0266489,1,0,1,0,0,0
tt0266543,1,0,0,0,0,0
tt0266697,1,0,0,0,0,0
tt0266747,1,0,0,0,0,0
tt0266915,1,0,0,0,0,0
tt0266987,1,0,1,1,0,0
tt0267248,1,0,1,0,0,0
tt0267287,0,0,0,1,0,0
tt0267626,1,0,1,0,0,0
tt0267913,1,0,0,0,0,0
tt0268126,1,0,0,0,0,0
tt0268200,1,0,0,0,0,0
tt0268380,1,0,0,0,0,0
tt0268397,1,0,0,0,0,0
tt0268695,1,0,0,0,0,0
tt0268711,0,1,0,0,0,0
tt0268978,1,0,0,0,0,0
tt0268995,1,0,0,0,0,0
tt0269095,1,0,0,0,0,0
tt0269347,1,0,0,0,0,0
tt0270288,1,0,1,0,0,0
tt0270891,0,0,1,0,0,0
tt0271027,0,0,1,0,0,0
tt0271219,1,0,0,0,0,0
tt0271946,0,0,0,0,0,1
tt0272020,1,0,0,0,0,0
tt0272152,1,0,1,0,0,0
tt0272338,1,0,0,0,0,0
tt0273799,1,0,0,0,0,0
tt0274166,1,0,1,0,0,0
tt0274558,1,0,0,0,0,0
tt0275022,1,0,0,0,0,0
tt0275491,0,1,0,0,0,0
tt0275719,1,0,0,0,0,0
tt0275847,1,0,0,0,0,0
tt0276751,1,0,1,0,0,0
tt0276919,1,0,1,0,0,0
tt0277027,1,0,0,0,0,0
tt0277296,1,0,1,0,0,0
tt0277371,1,0,0,0,0,0
tt0277434,1,0,1,0,0,0
tt0277895,1,0,0,0,0,0
tt0278295,1,0,1,0,0,0
tt0278435,1,0,0,0,0,0
tt0278488,1,0,0,0,0,0
tt0278504,1,0,0,0,0,0
tt0279111,1,0,0,0,0,0
tt0279331,1,0,1,0,0,0
tt0279493,1,0,0,0,0,0
tt0280030,1,0,0,0,0,0
tt0280380,1,0,1,0,0,0
tt0280486,1,0,0,0,0,0
tt0280590,1,0,0,0,0,0
tt0280665,0,0,1,0,0,0
tt0280707,1,0,1,0,0,0
tt0280760,1,0,0,0,0,0
tt0281322,1,0,1,0,0,0
tt0281358,1,0,0,0,0,0
tt0281680,1,0,0,0,0,0
tt0282687,1,0,0,0,0,0
tt0283111,1,0,1,0,0,0
tt0283160,1,0,1,0,0,0
tt0283426,1,0,0,0,0,0
tt0283503,1,0,0,0,0,0
tt0283900,0,1,1,0,0,0
tt0284490,1,0,0,0,0,0
tt0285441,1,0,0,0,0,0
tt0285462,1,0,1,0,0,0
tt0285531,1,0,0,0,0,0
tt0285742,1,0,0,0,0,0
tt0285823,1,0,0,0,0,0
tt0286106,1,0,0,0,0,0
tt0286244,1,0,1,0,0,0
tt0286499,1,0,1,0,0,0
tt0286716,1,0,0,0,0,0
tt0287467,0,1,0,0,0,0
tt0287717,1,0,0,0,0,0
tt0287978,1,0,0,0,0,0
tt0288477,1,0,0,0,0,0
tt0289043,1,0,0,0,0,0
tt0289408,1,0,0,0,0,0
tt0289635,1,0,1,0,0,0
tt0289765,1,0,1,0,0,0
tt0289879,1,0,0,0,0,0
tt0289992,1,0,1,0,0,0
tt0290002,1,0,0,0,0,0
tt0290145,1,0,0,0,0,0
tt0290212,1,0,0,0,0,0
tt0290332,1,0,0,0,0,0
tt0290334,1,0,0,0,0,0
tt0291502,1,0,1,0,0,0
tt0292490,0,0,0,0,0,1
tt0292963,1,0,0,0,0,0
tt0293416,0,0,0,1,0,0
tt0293508,1,0,0,0,0,0
tt0293564,1,0,1,0,0,0
tt0293662,1,0,1,0,0,0
tt0293815,1,0,0,0,0,0
tt0294870,1,0,0,0,0,0
tt0295178,1,0,0,0,0,0
tt0295289,1,0,0,0,0,0
tt0295297,1,0,1,0,0,0
tt0295700,1,0,1,0,0,0
tt0295701,1,0,0,0,0,0
tt0295721,0,0,1,0,0,0
tt0296572,1,0,0,0,0,0
tt0297037,1,0,0,0,0,0
tt0297181,1,0,0,0,0,0
tt0297284,1,0,1,0,0,0
tt0297884,1,0,1,0,0,0
tt0298130,1,0,0,1,0,0
tt0298148,1,0,0,0,0,0
tt0298203,1,0,1,0,0,0
tt0298228,0,0,1,0,0,0
tt0298744,1,0,0,0,0,0
tt0298814,1,0,1,0,0,0
tt0299172,1,0,0,0,0,0
tt0299658,1,0,1,0,0,0
tt0299930,1,0,0,0,0,0
tt0299977,0,0,0,1,0,0
tt0300051,1,0,0,0,0,0
tt0300471,1,0,0,0,0,0
tt0300532,1,0,1,0,0,0
tt0300556,1,0,0,0,0,0
tt0301357,0,0,1,0,0,0
tt0301470,1,0,0,0,0,0
tt0301727,0,1,1,0,0,0
tt0302886,1,0,0,0,0,0
tt0303243,0,0,0,1,0,0
tt0303353,1,0,0,0,0,0
tt0303361,1,0,0,0,0,0
tt0303714,1,0,0,0,0,0
tt0303816,1,0,0,0,0,0
tt0303933,1,0,0,0,0,0
tt0304141,1,0,0,0,0,0
tt0304328,1,0,1,0,0,0
tt0304417,0,0,1,0,0,0
tt0304669,1,0,0,0,0,0
tt0304711,1,0,1,0,0,0
tt0305224,1,0,0,0,0,0
tt0305357,1,0,0,0,0,0
tt0305669,1,0,0,0,0,0
tt0305711,1,0,1,0,0,0
tt0306047,1,0,0,0,0,0
tt0306685,1,0,0,0,0,0
tt0306841,1,0,0,0,0,0
tt0307453,1,0,0,0,0,0
tt0307479,1,0,0,0,0,0
tt0307596,1,1,1,0,0,0
tt0307901,1,0,0,0,0,0
tt0307987,1,0,1,0,0,0
tt0308208,1,0,1,0,0,0
tt0308644,1,0,0,0,0,0
tt0309377,1,0,0,0,0,0
tt0309593,1,0,0,0,0,0
tt0309698,1,0,0,0,0,0
tt0309987,1,0,1,0,0,0
tt0310281,1,0,0,0,0,0
tt0310775,0,0,0,1,0,0
tt0310793,1,0,1,0,0,0
tt0311113,1,0,0,0,0,0
tt0311429,1,0,1,0,0,0
tt0311592,0,0,1,0,0,0
tt0312004,1,0,0,0,0,0
tt0312329,1,0,1,0,0,0
tt0312549,1,0,0,0,0,0
tt0313443,1,0,0,0,0,0
tt0313542,1,0,0,0,0,0
tt0313737,1,0,0,0,0,0
tt0313911,1,0,0,0,0,0
tt0314331,1,0,1,0,0,0
tt0314353,1,0,0,0,0,0
tt0314524,0,0,1,0,0,0
tt0315297,1,0,1,0,0,0
tt0315327,1,0,0,0,0,0
tt0315733,1,0,0,0,0,0
tt0315983,1,0,0,0,0,0
tt0316188,1,0,1,0,0,0
tt0316356,1,0,0,0,0,0
tt0316396,1,0,0,0,0,0
tt0316465,1,0,0,0,0,0
tt0316654,1,0,0,0,0,0
tt0316732,1,0,1,0,0,0
tt0317132,1,0,0,0,0,0
tt0317198,1,0,1,0,0,0
tt0317219,1,0,0,0,0,0
tt0317248,0,1,1,0,0,0
tt0317303,1,0,0,0,0,0
tt0317648,1,0,0,0,0,0
tt0317676,1,0,1,0,0,0
tt0317705,1,0,0,0,0,0
tt0317740,1,0,1,0,0,0
tt0317919,1,0,1,1,0,0
tt0318081,1,0,1,0,0,0
tt0318155,1,0,1,0,0,0
tt0318283,1,0,0,0,0,0
tt0318627,1,0,1,0,0,0
tt0318649,1,1,1,0,0,0
tt0318974,1,0,0,0,0,0
tt0319061,1,0,0,0,0,0
tt0319262,1,0,0,0,0,0
tt0319343,1,0,1,0,0,0
tt0319736,0,0,0,0,0,1
tt0319769,0,1,1,0,0,0
tt0320244,1,0,1,0,0,0
tt0320661,1,1,1,0,0,0
tt0320691,1,0,1,0,0,0
tt0322259,1,0,1,0,0,0
tt0322330,1,0,0,0,0,0
tt0322589,1,0,0,0,0,0
tt0322802,1,0,0,0,0,0
tt0323298,1,0,0,0,0,0
tt0324127,1,0,1,0,0,0
tt0324133,1,0,1,0,0,0
tt0324216,1,0,0,0,0,0
tt0324554,1,0,0,0,0,0
tt0325005,0,0,1,0,0,0
tt0325055,1,0,0,0,0,0
tt0325703,1,0,1,1,0,0
tt0325710,1,0,0,1,0,0
tt0325980,1,0,0,0,0,0
tt0326450,0,0,1,0,0,0
tt0326769,1,0,0,0,0,0
tt0326905,1,0,0,0,0,0
tt0327036,1,0,0,0,0,0
tt0327056,1,0,0,0,0,0
tt0327084,1,0,0,0,0,0
tt0327162,1,0,0,0,0,0
tt0327247,1,0,0,0,0,0
tt0327437,1,0,1,0,0,0
tt0327554,1,0,0,0,0,0
tt0327597,1,0,0,0,0,0
tt0327679,1,0,0,0,0,0
tt0327850,1,0,0,0,0,0
tt0328107,1,0,0,0,0,0
tt0328538,1,0,0,0,0,0
tt0328828,1,0,1,0,0,0
tt0329028,1,0,0,0,0,0
tt0329101,1,0,1,0,0,0
tt0329575,1,0,0,0,0,0
tt0329691,1,0,0,0,0,0
tt0329717,1,0,0,0,0,0
tt0329774,1,0,0,0,0,0
tt0330373,1,0,0,0,0,0
tt0330602,1,0,0,0,0,0
tt0330691,0,0,1,0,0,0
tt0330793,1,0,1,0,0,0
tt0331282,0,0,0,0,0,1
tt0331953,1,0,0,0,0,0
tt0332047,1,0,1,0,0,0
tt0332280,1,0,0,0,0,0
tt0332379,1,0,1,0,0,0
tt0332452,1,0,0,0,0,0
tt0332605,0,0,1,0,0,0
tt0332658,1,0,0,0,0,0
tt0333766,1,0,0,0,0,0
tt0333780,1,0,0,0,0,0
tt0335013,1,0,1,0,0,0
tt0335121,1,0,0,0,0,0
tt0335266,1,0,0,1,0,0
tt0335345,1,0,0,0,0,0
tt0335438,1,0,0,0,0,0
tt0335559,1,0,0,0,0,0
tt0335563,1,0,0,0,0,0
tt0337563,1,0,0,0,0,0
tt0337579,1,0,0,0,0,0
tt0337692,1,1,1,0,0,0
tt0337741,1,0,0,0,0,0
tt0337851,1,0,0,0,0,0
tt0337909,1,0,0,0,0,0
tt0337917,1,0,1,0,0,0
tt0337921,1,0,1,0,0,0
tt0337978,1,0,0,0,0,0
tt0338013,1,0,0,0,0,0
tt0338094,1,0,0,0,0,0
tt0338096,1,0,0,0,0,0
tt0338135,1,0,1,0,0,0
tt0338325,1,0,0,0,0,0
tt0338337,1,0,0,0,0,0
tt0338348,1,0,0,0,0,0
tt0338427,1,0,0,0,0,0
tt0338459,1,0,0,0,0,0
tt0338466,1,0,0,0,0,0
tt0338512,1,0,1,0,0,0
tt0338526,1,0,0,0,0,0
tt0338751,1,0,1,0,0,0
tt0339034,1,0,0,0,0,0
tt0339291,1,0,1,0,0,0
tt0339412,1,0,0,0,0,0
tt0340110,1,0,0,0,0,0
tt0340163,1,0,1,0,0,0
tt0340377,1,0,0,0,0,0
tt0340855,1,0,1,0,0,0
tt0342258,1,0,1,0,0,0
tt0342316,1,0,0,0,0,0
tt0342735,1,0,1,0,0,0
tt0343135,1,0,0,0,0,0
tt0343660,1,0,0,0,0,0
tt0343737,1,0,0,0,0,0
tt0343818,1,0,1,0,0,0
tt0343996,1,0,0,0,0,0
tt0344854,0,0,1,0,0,0
tt0345074,1,0,0,0,0,0
tt0345950,1,0,0,0,0,0
tt0346156,1,0,1,0,0,0
tt0346457,0,0,0,0,0,1
tt0346491,1,0,1,0,0,0
tt0347149,0,0,0,1,0,0
tt0348150,1,0,0,0,0,0
tt0348333,1,0,0,0,0,0
tt0348836,1,0,0,0,0,0
tt0348843,0,0,0,0,0,1
tt0349159,1,0,0,0,0,0
tt0349205,1,0,0,0,0,0
tt0349260,1,0,0,0,0,0
tt0349467,1,0,0,0,0,0
tt0349683,1,0,0,0,0,0
tt0349710,1,0,0,0,0,0
tt0349903,1,0,0,0,0,0
tt0350028,1,0,0,0,0,0
tt0350258,1,0,0,0,0,0
tt0350261,1,0,1,0,0,0
tt0351283,1,0,0,0,0,0
tt0351817,0,0,0,1,0,0
tt0351977,1,0,0,0,0,0
tt0352248,1,0,0,0,0,0
tt0354766,1,0,0,0,0,0
tt0354899,0,0,1,0,0,0
tt0355295,1,0,0,0,0,0
tt0355702,1,0,1,0,0,0
tt0356150,1,0,0,0,0,0
tt0356470,1,0,0,0,0,0
tt0356614,1,0,0,0,0,0
tt0356618,1,0,0,0,0,0
tt0356634,1,0,0,0,0,0
tt0356910,1,0,0,0,0,0
tt0357110,1,0,0,0,0,0
tt0357111,0,0,1,0,0,0
tt0357277,1,0,0,0,0,0
tt0357413,1,0,0,0,0,0
tt0357507,1,0,1,0,0,0
tt0358082,1,0,0,0,0,0
tt0358135,1,0,0,0,0,0
tt0358273,1,0,1,0,0,0
tt0358349,1,0,0,0,0,0
tt0359013,1,0,0,0,0,0
tt0359423,1,0,0,0,0,0
tt0359517,1,0,0,0,0,0
tt0359950,1,0,0,0,0,0
tt0360009,1,0,1,0,0,0
tt0360016,1,0,0,0,0,0
tt0360201,1,0,1,0,0,0
tt0360323,1,0,0,0,0,0
tt0360486,1,0,1,0,0,0
tt0360717,1,0,1,0,0,0
tt0361089,1,0,0,0,0,0
tt0361309,1,0,0,0,0,0
tt0361467,1,0,1,0,0,0
tt0361596,1,0,0,0,0,0
tt0361696,1,0,0,0,0,0
tt0361748,1,0,1,0,0,0
tt0361841,1,0,0,0,0,0
tt0361862,1,1,0,0,0,0
tt0361925,1,0,1,0,0,0
tt0362120,1,0,0,0,0,0
tt0362227,1,0,0,0,0,0
tt0362270,1,0,0,0,0,0
tt0362478,1,0,0,0,0,0
tt0363163,0,0,1,0,0,0
tt0363547,1,0,1,1,0,0
tt0363589,1,0,0,0,0,0
tt0363771,1,0,0,0,0,0
tt0363988,1,0,0,0,0,0
tt0364569,0,0,0,1,0,0
tt0364725,1,0,1,0,0,0
tt0364751,1,0,0,0,0,0
tt0364970,0,0,1,0,0,0
tt0365125,1,0,0,0,0,0
tt0365485,1,0,1,0,0,0
tt0365675,1,0,1,0,0,0
tt0365737,1,0,0,0,1,0
tt0365748,1,0,1,0,0,0
tt0365830,1,0,1,0,0,0
tt0365907,1,0,0,0,0,0
tt0365929,1,0,1,0,0,0
tt0366174,1,0,0,0,0,0
tt0366548,1,0,0,0,0,0
tt0366551,1,0,1,0,0,0
tt0366627,1,0,1,0,0,0
tt0366780,1,0,0,0,0,0
tt0367027,1,0,0,0,0,0
tt0367085,1,0,0,0,0,0
tt0367479,1,0,0,0,0,0
tt0367594,1,0,0,0,0,0
tt0367631,1,0,0,0,0,0
tt0367652,1,0,0,0,0,0
tt0367882,1,0,0,0,0,0
tt0367959,1,0,1,0,0,0
tt0368008,1,0,0,0,0,0
tt0368447,1,0,0,0,0,0
tt0368578,1,0,0,0,0,0
tt0368709,1,0,0,0,0,0
tt0368774,1,0,1,1,0,0
tt0368794,1,0,1,0,0,0
tt0368891,1,0,0,0,0,0
tt0368933,1,0,0,0,0,0
tt0369226,1,0,1,0,0,0
tt0369339,1,0,0,0,0,0
tt0369436,1,0,1,0,0,0
tt0369441,1,0,0,0,0,0
tt0369610,1,0,0,0,0,0
tt0369702,0,1,1,0,0,0
tt0369735,1,0,1,0,0,0
tt0370032,1,0,0,0,0,0
tt0370263,1,0,1,0,0,0
tt0371606,1,0,0,0,0,0
tt0371724,1,0,0,0,0,0
tt0371746,1,0,0,0,0,0
tt0372183,1,0,1,0,0,0
tt0372237,1,0,0,0,0,0
tt0372532,1,0,0,0,0,0
tt0372588,1,0,1,0,0,0
tt0372784,1,0,0,0,0,0
tt0372873,0,0,0,1,0,0
tt0373051,1,0,0,0,0,0
tt0373074,0,0,0,1,0,0
tt0373469,1,0,0,0,0,0
tt0373883,1,0,0,0,0,0
tt0373889,1,0,0,0,0,0
tt0373926,1,0,1,0,0,0
tt0374102,1,0,0,0,0,0
tt0374536,1,0,0,0,0,0
tt0374563,1,0,1,0,0,0
tt0374900,1,0,0,0,0,0
tt0375063,1,0,0,0,0,0
tt0375154,1,0,1,0,0,0
tt0375173,1,0,0,0,0,0
tt0375210,1,0,0,0,0,0
tt0375568,1,0,0,1,0,0
tt0375679,1,0,1,0,0,0
tt0375912,1,0,0,0,0,0
tt0375986,1,1,1,0,0,0
tt0376105,1,0,0,0,0,0
tt0376108,1,0,0,0,0,0
tt0376136,1,0,0,0,0,0
tt0376196,1,0,0,0,0,0
tt0376541,1,0,0,0,0,0
tt0376994,1,0,0,0,0,0
tt0377038,1,0,0,0,0,0
tt0377062,1,0,0,0,0,0
tt0377091,1,0,0,0,0,0
tt0377092,1,0,0,0,0,0
tt0377107,1,0,0,0,0,0
tt0377471,1,0,0,0,0,0
tt0377701,1,0,1,0,0,0
tt0377818,1,0,0,0,0,0
tt0377981,1,0,0,0,0,0
tt0377992,1,0,0,0,0,0
tt0378109,1,0,0,0,0,0
tt0378194,1,0,0,0,0,0
tt0379561,1,1,1,0,0,0
tt0379725,1,0,0,0,0,0
tt0379786,1,0,0,0,0,0
tt0379865,1,0,1,0,0,0
tt0380389,1,0,0,0,0,0
tt0380510,1,0,0,0,0,0
tt0380599,1,0,1,0,0,0
tt0381061,1,0,1,0,0,0
tt0381442,0,0,1,0,0,0
tt0381681,1,0,0,0,0,0
tt0381707,1,0,0,0,0,0
tt0381849,1,0,0,0,0,0
tt0381936,0,0,1,0,0,0
tt0381971,1,0,0,0,0,0
tt0382077,1,0,1,0,0,0
tt0382625,1,0,1,0,0,0
tt0382628,1,0,0,0,0,0
tt0382932,1,0,0,0,0,0
tt0382992,1,0,0,0,0,0
tt0383010,1,0,0,0,0,0
tt0383060,1,0,0,0,0,0
tt0383222,1,0,1,0,0,0
tt0383574,1,0,0,0,0,0
tt0383995,0,0,1,0,0,0
tt0384286,1,0,0,0,0,0
tt0384369,0,0,1,0,0,0
tt0384533,1,0,0,0,0,0
tt0384537,1,0,1,1,0,0
tt0384642,1,0,0,0,0,0
tt0384680,1,0,1,0,0,0
tt0384793,1,0,0,0,0,0
tt0384806,1,0,0,0,0,0
tt0385752,1,0,0,0,0,0
tt0385880,1,0,0,0,0,0
tt0386032,1,0,0,0,0,0
tt0386117,1,0,1,0,0,0
tt0386140,1,0,0,0,0,0
tt0386588,1,0,0,0,0,0
tt0386741,1,0,1,0,0,0
tt0387131,1,0,1,1,0,0
tt0387564,1,0,0,0,0,0
tt0387575,1,0,0,0,0,0
tt0387808,1,0,0,0,0,0
tt0387877,1,0,1,0,0,0
tt0388139,1,0,0,0,0,0
tt0388482,1,0,1,0,0,0
tt0388500,1,0,0,0,0,0
tt0388789,1,0,0,0,0,0
tt0388795,1,0,0,0,0,0
tt0388980,1,0,0,0,0,0
tt0389326,1,0,1,0,0,0
tt0389557,1,0,1,0,0,0
tt0389722,1,0,0,0,0,0
tt0389790,1,0,0,0,0,0
tt0389860,1,0,0,0,0,0
tt0390022,1,0,0,0,0,0
tt0390384,1,0,0,0,0,0
tt0390521,1,0,0,0,0,0
tt0391198,1,0,0,1,0,0
tt0391304,1,0,0,0,0,0
tt0392465,1,0,0,0,0,0
tt0393109,1,0,0,0,0,0
tt0393162,1,0,1,0,0,0
tt0393329,1,0,1,0,0,0
tt0393597,1,0,1,0,0,0
tt0393735,1,0,0,0,0,0
tt0395119,0,1,0,0,0,0
tt0395169,1,0,1,0,0,0
tt0395251,1,0,0,0,0,0
tt0395699,1,0,0,0,0,0
tt0395972,1,0,0,0,0,0
tt0396171,1,1,1,0,0,0
tt0396269,1,0,0,0,0,0
tt0396555,1,0,0,0,0,0
tt0396652,1,0,0,0,0,0
tt0396707,1,0,1,0,0,0
tt0396752,1,0,1,0,0,0
tt0397065,1,0,0,0,0,0
tt0397078,1,0,0,0,0,0
tt0397101,1,0,1,0,0,0
tt0397313,1,0,0,0,0,0
tt0397535,1,0,0,0,0,0
tt0397892,1,0,0,0,0,0
tt0398017,1,0,0,0,0,0
tt0398027,1,0,0,0,0,0
tt0398165,1,0,0,0,0,0
tt0398286,1,0,0,0,0,0
tt0398375,1,0,1,0,0,0
tt0398712,1,0,1,0,0,0
tt0398808,1,0,0,0,0,0
tt0398842,1,0,0,0,0,0
tt0398913,1,0,1,0,0,0
tt0399146,1,0,1,0,0,0
tt0399201,1,0,0,0,0,0
tt0399295,1,0,1,0,0,0
tt0399854,0,0,0,0,0,1
tt0399901,1,0,0,0,0,0
tt0400400,1,0,0,0,0,0
tt0400497,1,0,0,0,0,0
tt0400717,1,0,0,0,0,0
tt0401233,0,0,0,1,0,0
tt0401383,1,0,1,0,0,0
tt0401445,1,0,0,0,0,0
tt0401711,0,0,1,0,0,0
tt0401729,1,0,0,0,0,0
tt0401792,1,0,0,0,0,0
tt0401815,1,0,0,0,0,0
tt0401855,1,0,0,0,0,0
tt0402022,1,0,0,0,0,0
tt0402158,0,0,1,0,0,0
tt0402399,1,0,0,0,0,0
tt0402901,1,0,1,0,0,0
tt0402910,1,0,0,0,0,0
tt0403358,0,0,1,0,0,0
tt0403508,1,0,0,0,0,0
tt0403933,1,0,0,0,0,0
tt0404030,1,0,0,0,0,0
tt0404032,1,0,0,0,0,0
tt0404390,1,0,1,0,0,0
tt0405094,0,0,1,0,0,0
tt0405159,1,0,0,0,0,0
tt0405296,1,0,0,0,0,0
tt0405325,1,0,0,0,0,0
tt0405336,1,0,1,0,0,0
tt0405422,1,0,0,0,0,0
tt0405469,1,0,0,0,0,0
tt0405508,0,0,0,0,0,1
tt0405676,1,0,1,0,0,0
tt0405821,0,0,0,1,0,0
tt0406375,1,0,0,0,0,0
tt0406759,1,0,0,0,0,0
tt0406816,1,0,0,0,0,0
tt0407230,1,0,0,0,0,0
tt0407265,1,0,0,0,0,0
tt0407304,1,0,0,0,0,0
tt0407814,1,0,0,0,0,0
tt0407887,1,0,0,0,0,0
tt0408236,1,0,0,0,0,0
tt0408281,1,1,1,0,0,0
tt0408306,1,0,1,0,0,0
tt0408345,1,0,0,0,0,0
tt0408524,1,0,0,0,0,0
tt0408790,1,0,0,0,0,0
tt0408839,1,0,0,0,0,0
tt0408985,1,0,0,0,0,0
tt0409182,1,0,0,0,0,0
tt0409184,1,0,1,0,0,0
tt0409345,1,0,1,0,0,0
tt0409459,1,0,0,0,0,0
tt0409527,0,0,0,0,0,1
tt0409847,1,0,0,0,0,0
tt0409904,0,0,1,0,0,0
tt0410097,1,0,0,0,0,0
tt0410297,1,0,0,0,0,0
tt0410377,1,0,0,0,0,0
tt0410454,1,0,0,0,0,0
tt0411061,1,0,1,0,0,0
tt0411477,1,0,1,0,0,0
tt0411705,1,0,0,0,0,0
tt0411951,1,0,0,1,0,0
tt0412019,1,0,1,0,0,0
tt0412536,1,0,1,0,0,0
tt0413099,1,0,0,0,0,0
tt0413267,1,0,0,0,0,0
tt0413300,1,0,0,0,0,0
tt0414055,1,0,1,0,0,0
tt0414387,1,0,1,0,0,0
tt0414852,0,0,1,0,0,0
tt0414853,1,0,1,0,0,0
tt0414951,1,0,0,0,0,0
tt0414982,1,0,1,0,0,0
tt0414993,1,0,0,0,0,0
tt0415306,1,0,0,0,0,0
tt0415481,0,0,1,0,0,0
tt0415678,0,0,1,0,0,0
tt0416044,0,0,1,0,0,0
tt0416212,1,0,0,0,0,0
tt0416236,1,0,0,0,0,0
tt0416292,0,0,1,0,0,0
tt0416315,1,0,0,0,0,0
tt0416320,1,0,1,0,0,0
tt0416449,1,0,0,0,0,0
tt0416496,1,0,1,0,0,0
tt0417001,1,0,0,0,0,0
tt0417148,1,0,1,0,0,0
tt0417217,1,0,0,0,0,0
tt0417385,1,0,0,0,0,0
tt0417397,0,0,1,0,0,0
tt0417433,1,0,0,0,0,0
tt0417736,1,0,0,0,0,0
tt0417741,1,0,0,0,0,0
tt0418110,1,0,1,0,0,0
tt0418279,1,0,0,0,0,0
tt0418460,0,0,0,0,0,1
tt0418689,1,0,0,0,0,0
tt0418753,1,0,0,0,0,0
tt0418763,1,0,1,0,0,0
tt0418819,1,0,1,0,0,0
tt0419294,1,0,1,0,0,0
tt0419663,1,0,0,0,0,0
tt0419706,1,0,1,0,0,0
tt0419843,1,0,0,0,0,0
tt0419887,1,0,0,1,0,0
tt0419946,1,0,0,0,0,0
tt0420223,1,0,0,0,0,0
tt0420238,1,0,0,0,0,0
tt0420332,0,0,0,0,0,1
tt0420609,1,0,0,0,0,0
tt0420835,1,0,0,0,0,0
tt0421054,1,0,1,0,0,0
tt0421073,1,0,0,0,0,0
tt0421206,1,0,0,0,0,0
tt0421229,1,0,0,0,0,0
tt0421238,1,0,0,0,0,0
tt0421239,1,0,0,0,0,0
tt0421715,1,0,0,0,0,0
tt0421729,1,0,0,0,0,0
tt0422091,0,0,0,0,0,1
tt0422295,1,0,0,0,0,0
tt0422720,1,0,1,1,0,0
tt0423169,1,0,0,0,0,0
tt0423294,1,0,0,0,0,0
tt0424095,1,0,0,0,0,0
tt0424136,1,0,0,0,0,0
tt0424205,1,0,1,1,0,0
tt0424345,1,0,0,0,0,0
tt0424993,1,0,0,0,0,0
tt0425061,1,0,0,0,0,0
tt0425123,1,0,0,0,0,0
tt0425210,1,0,1,0,0,0
tt0425413,1,0,0,0,0,0
tt0425430,1,0,0,0,0,0
tt0425598,1,0,0,0,0,0
tt0425601,1,0,0,0,0,0
tt0426592,1,0,0,0,0,0
tt0426931,1,0,0,0,0,0
tt0427152,1,0,0,0,0,0
tt0427229,1,0,0,0,0,0
tt0427309,1,0,0,0,0,0
tt0427327,1,0,0,0,0,0
tt0427380,1,0,0,0,0,0
tt0427392,1,0,0,0,0,0
tt0427470,1,0,0,0,0,0
tt0427944,1,0,0,0,0,0
tt0427954,1,0,0,0,0,0
tt0428803,0,0,1,0,0,0
tt0429493,1,0,0,0,0,0
tt0429589,1,0,0,0,0,0
tt0429591,1,0,0,0,0,0
tt0430105,1,0,0,0,0,0
tt0430308,1,0,0,0,0,0
tt0430357,1,0,1,0,0,0
tt0430431,1,0,0,0,0,0
tt0430770,1,0,0,0,0,0
tt0430912,1,1,1,0,0,0
tt0430922,1,0,1,0,0,0
tt0431021,1,0,0,0,0,0
tt0431197,1,0,1,0,0,0
tt0431308,1,0,0,0,0,0
tt0431461,1,0,0,0,0,0
tt0432021,1,0,1,0,0,0
tt0432283,1,0,0,0,0,0
tt0432289,1,0,1,0,0,0
tt0432291,1,0,0,0,0,0
tt0432348,1,0,0,0,0,0
tt0433035,1,0,0,0,0,0
tt0433362,1,0,0,0,0,0
tt0433383,1,0,1,1,0,0
tt0433386,1,0,0,1,0,0
tt0433387,1,0,0,0,0,0
tt0433398,1,0,0,0,0,0
tt0433416,1,0,0,0,0,0
tt0433442,1,0,0,0,0,0
tt0434215,1,0,0,0,0,0
tt0434409,1,0,1,0,0,0
tt0434424,1,0,1,0,0,0
tt0435623,1,0,0,0,0,0
tt0435651,1,0,0,0,0,0
tt0435670,1,0,0,0,0,0
tt0435680,1,0,0,0,0,0
tt0435705,1,0,0,0,0,0
tt0435761,1,0,0,0,0,0
tt0436331,1,0,0,0,0,0
tt0436339,1,0,0,0,0,0
tt0436697,1,0,1,0,0,0
tt0437230,1,0,0,0,0,0
tt0437447,0,0,0,1,0,0
tt0437800,1,0,0,0,0,0
tt0437954,1,0,1,0,0,0
tt0438097,1,0,0,0,0,0
tt0438296,1,0,0,0,0,0
tt0438488,1,0,1,0,0,0
tt0439182,1,0,0,0,0,0
tt0439289,1,0,0,0,0,0
tt0439630,0,0,0,1,0,0
tt0439662,0,0,0,0,0,1
tt0440963,1,0,1,0,0,0
tt0441007,1,0,0,0,0,0
tt0441048,0,0,0,0,0,1
tt0441773,1,0,0,0,0,0
tt0441796,1,0,0,0,0,0
tt0441909,0,1,0,0,0,0
tt0442781,0,0,0,0,0,1
tt0442933,1,0,0,0,0,0
tt0443272,1,0,0,0,0,0
tt0443274,1,0,0,0,0,0
tt0443295,1,0,0,0,0,0
tt0443431,1,0,0,0,0,0
tt0443453,1,0,0,0,0,0
tt0443489,1,0,0,0,0,0
tt0443536,1,0,0,0,0,0
tt0443543,1,0,0,0,0,0
tt0443632,1,0,0,0,0,0
tt0443649,1,0,0,0,0,0
tt0443680,1,0,0,0,0,0
tt0443701,1,0,0,0,0,0
tt0443706,1,0,0,0,0,0
tt0443769,0,0,0,0,0,1
tt0444182,0,0,1,0,0,0
tt0444682,1,0,0,0,0,0
tt0445946,1,0,1,0,0,0
tt0446012,1,0,0,0,0,0
tt0446013,1,0,0,0,0,0
tt0446029,1,0,0,1,0,0
tt0446046,1,0,0,0,0,0
tt0446345,1,0,0,0,0,0
tt0448011,1,0,0,0,0,0
tt0448134,1,0,0,0,0,0
tt0448157,1,0,0,0,0,0
tt0448694,1,0,0,0,0,0
tt0449010,1,0,0,0,0,0
tt0449059,1,0,0,0,0,0
tt0449086,1,0,0,0,0,0
tt0449088,1,0,0,0,0,0
tt0449089,1,0,1,0,0,0
tt0449467,1,0,1,0,0,0
tt0449487,1,0,0,0,0,0
tt0449994,0,0,0,0,0,1
tt0450232,1,0,1,0,0,0
tt0450259,1,0,1,0,0,0
tt0450278,1,0,1,0,0,0
tt0450314,1,0,1,0,0,0
tt0450340,1,0,0,0,0,0
tt0450345,1,0,1,0,0,0
tt0450385,1,0,0,0,0,0
tt0450405,1,0,0,0,0,0
tt0451038,1,0,0,0,0,0
tt0451079,1,0,0,0,0,0
tt0452594,1,0,0,0,0,0
tt0452608,1,0,1,0,0,0
tt0452623,1,0,0,0,0,0
tt0452625,1,0,0,0,0,0
tt0452637,1,0,0,0,0,0
tt0452694,1,0,0,0,0,0
tt0453365,0,0,1,0,0,0
tt0453451,1,0,1,0,0,0
tt0453467,1,0,0,0,0,0
tt0453556,1,0,0,0,0,0
tt0453562,1,0,0,0,0,0
tt0454082,1,0,0,0,0,0
tt0454824,1,0,0,0,0,0
tt0454841,1,0,1,0,0,0
tt0454848,1,0,0,0,0,0
tt0454876,1,0,0,1,0,0
tt0454919,1,0,0,0,0,0
tt0454921,1,0,0,0,0,0
tt0454945,1,0,0,0,0,0
tt0454987,1,0,0,0,0,0
tt0455407,1,0,0,0,1,0
tt0455538,1,0,0,0,0,0
tt0455590,1,0,1,0,0,0
tt0455612,1,0,0,0,0,0
tt0455760,1,0,0,0,0,0
tt0455824,1,0,0,0,0,0
tt0455857,1,0,0,0,0,0
tt0455944,1,0,0,0,0,0
tt0455957,1,1,0,0,0,0
tt0455960,1,0,0,0,0,0
tt0455967,1,0,0,0,0,0
tt0457024,0,0,1,0,0,0
tt0457303,1,0,0,0,0,0
tt0457400,1,0,0,0,0,0
tt0457430,1,1,0,0,0,0
tt0457433,1,0,0,0,0,0
tt0457495,1,0,1,0,0,0
tt0457510,1,0,1,0,0,0
tt0457513,1,0,0,0,0,0
tt0457530,1,0,0,0,0,0
tt0457572,1,0,0,0,0,0
tt0457939,1,0,0,0,0,0
tt0458242,0,0,1,0,0,0
tt0458339,1,0,0,0,0,0
tt0458352,1,0,1,0,0,0
tt0458481,1,0,0,0,0,0
tt0458525,1,0,0,0,0,0
tt0459759,0,0,1,0,0,0
tt0460505,1,0,0,0,0,0
tt0460611,1,0,0,0,0,0
tt0460989,1,1,1,0,0,0
tt0461770,1,0,0,0,0,0
tt0462200,1,0,0,0,0,0
tt0462229,1,0,0,0,0,0
tt0462244,1,0,0,0,0,0
tt0462322,1,0,0,0,0,0
tt0462396,1,0,1,0,0,0
tt0462465,1,0,1,0,0,0
tt0462499,1,0,1,0,0,0
tt0462504,1,0,0,0,0,0
tt0462519,1,0,0,0,0,0
tt0462538,1,0,0,0,0,0
tt0462579,1,0,0,0,0,0
tt0462590,1,0,0,0,0,0
tt0463034,1,0,0,0,0,0
tt0463854,1,1,0,0,0,0
tt0463872,0,1,1,0,0,0
tt0463985,1,0,0,0,0,0
tt0463998,1,0,1,0,0,0
tt0464049,1,0,0,0,0,0
tt0464154,1,0,1,0,0,0
tt0464665,0,0,1,0,0,0
tt0465142,1,0,0,0,0,0
tt0465234,1,0,0,0,0,0
tt0465407,1,0,0,0,0,0
tt0465436,1,0,0,0,0,0
tt0465440,1,0,0,0,0,0
tt0465494,1,0,1,0,0,0
tt0465502,1,0,1,0,0,0
tt0465538,1,0,0,0,0,0
tt0465551,1,0,0,0,0,0
tt0465580,1,0,0,0,0,0
tt0465602,1,0,0,0,0,0
tt0465643,1,0,0,0,0,0
tt0465967,0,0,1,0,0,0
tt0466342,1,0,0,0,0,0
tt0466399,1,0,0,0,0,0
tt0466816,1,0,0,0,0,0
tt0466839,1,0,0,0,0,0
tt0466856,1,0,0,0,0,0
tt0466893,1,0,0,0,0,0
tt0466909,1,0,0,0,0,0
tt0467197,1,0,0,0,0,0
tt0467406,1,0,0,0,0,0
tt0468492,0,0,0,1,0,0
tt0468565,1,0,0,0,0,0
tt0468569,1,0,0,0,0,0
tt0469263,1,0,0,0,0,0
tt0469494,1,0,0,0,0,0
tt0469623,1,0,0,0,0,0
tt0469641,1,0,0,0,0,0
tt0469903,1,0,1,0,0,0
tt0470705,1,0,1,0,0,0
tt0470752,1,0,0,0,0,0
tt0470765,1,0,0,0,0,0
tt0471042,1,0,0,0,0,0
tt0472033,1,0,0,0,0,0
tt0472043,1,0,0,0,0,0
tt0472062,1,0,1,0,0,0
tt0472071,1,0,0,0,0,0
tt0472126,1,0,0,0,0,0
tt0472181,1,0,0,0,0,0
tt0472259,1,0,0,0,0,0
tt0472399,1,0,0,0,0,0
tt0473024,1,0,0,0,0,0
tt0473075,1,0,0,0,0,0
tt0473102,1,0,0,0,0,0
tt0473188,1,0,1,0,0,0
tt0473308,1,0,0,0,0,0
tt0473367,0,0,0,0,0,1
tt0473705,1,0,1,0,0,0
tt0473709,1,0,0,0,0,0
tt0475276,1,0,1,0,0,0
tt0475298,1,0,0,0,0,0
tt0475394,1,0,1,0,0,0
tt0475944,1,0,0,0,0,0
tt0476527,0,0,0,0,0,1
tt0476964,1,0,0,0,0,0
tt0477051,1,0,0,0,0,0
tt0477071,1,0,0,0,0,0
tt0477080,1,0,0,0,0,0
tt0477302,1,0,0,0,0,0
tt0477337,0,0,1,0,0,0
tt0477347,1,0,0,0,0,0
tt0477348,1,0,0,0,0,0
tt0478087,1,0,0,0,0,0
tt0478134,1,0,0,0,0,0
tt0478304,1,0,0,0,0,0
tt0478311,1,0,0,0,0,0
tt0478970,1,0,0,0,0,0
tt0479143,1,0,0,0,0,0
tt0479162,1,0,0,0,0,0
tt0479537,1,0,0,0,0,0
tt0479647,1,0,0,0,0,0
tt0479884,1,0,0,0,0,0
tt0479952,1,0,0,0,0,0
tt0479997,1,0,0,0,0,0
tt0480025,1,0,0,0,0,0
tt0480239,1,0,0,0,0,0
tt0480242,1,0,0,0,0,0
tt0480249,1,0,0,0,0,0
tt0480255,1,0,0,0,0,0
tt0480669,0,1,0,0,0,0
tt0480687,1,0,0,0,0,0
tt0481141,1,0,0,0,0,0
tt0481369,1,0,1,0,0,0
tt0481499,1,0,0,0,0,0
tt0481536,1,0,0,0,0,0
tt0482473,0,1,0,0,0,0
tt0482527,1,0,0,0,0,0
tt0482546,1,0,0,0,0,0
tt0482571,1,0,0,0,0,0
tt0482572,1,0,1,0,0,0
tt0482603,1,0,0,0,0,0
tt0482606,1,0,0,0,0,0
tt0483607,1,0,1,0,0,0
tt0483726,1,0,0,0,0,0
tt0483756,1,0,0,0,0,0
tt0484111,1,0,1,0,0,0
tt0484740,1,0,0,0,0,0
tt0485985,1,0,0,0,0,0
tt0486551,1,0,0,0,0,0
tt0486576,1,0,1,0,0,0
tt0486655,1,0,0,0,0,0
tt0486674,1,0,0,0,0,0
tt0486822,1,0,0,0,0,0
tt0488478,0,0,1,0,0,0
tt0489099,1,0,0,0,0,0
tt0489235,1,0,0,0,0,0
tt0489237,1,0,0,0,0,0
tt0489270,1,0,0,0,0,0
tt0489281,1,0,0,0,0,0
tt0490170,1,0,0,0,0,0
tt0490181,1,0,0,0,0,0
tt0490204,1,0,0,0,0,0
tt0491152,1,0,0,0,0,0
tt0492389,1,0,0,0,1,0
tt0492619,1,0,0,0,0,0
tt0492956,1,0,0,0,0,0
tt0493430,1,0,0,0,0,0
tt0493464,1,0,1,0,0,0
tt0494238,1,0,1,0,0,0
tt0494652,1,0,0,0,0,0
tt0495596,0,0,0,1,0,0
tt0496328,1,0,0,0,0,0
tt0496806,1,0,0,0,0,0
tt0497465,1,1,0,0,0,0
tt0498353,1,0,1,0,0,0
tt0498380,1,0,0,0,0,0
tt0498399,1,0,0,0,0,0
tt0499448,1,0,0,0,0,0
tt0499549,1,0,0,0,0,0
tt0499554,1,0,0,0,0,0
tt0499556,1,0,0,0,0,0
tt0758730,1,0,0,0,0,0
tt0758742,0,0,0,1,0,0
tt0758746,1,0,0,0,0,0
tt0758752,1,0,0,0,0,0
tt0758758,1,0,0,0,0,0
tt0758766,1,0,0,0,0,0
tt0758774,1,0,0,0,0,0
tt0758794,1,0,0,0,0,0
tt0760329,1,0,0,0,0,0
tt0762107,1,0,0,0,0,0
tt0762114,1,0,0,0,0,0
tt0762125,1,1,0,0,0,0
tt0763831,1,0,0,0,0,0
tt0765010,1,0,0,0,0,0
tt0765120,0,0,1,1,0,0
tt0765429,1,0,0,0,0,0
tt0765443,1,0,0,0,0,0
tt0770703,1,0,0,0,0,0
tt0770752,1,0,0,0,0,0
tt0770772,1,0,0,0,0,0
tt0770828,1,0,0,0,0,0
tt0775489,1,0,1,0,0,0
tt0775539,1,0,0,0,0,0
tt0775552,1,0,0,0,0,0
tt0778661,1,0,0,0,0,0
tt0780504,1,0,0,0,0,0
tt0780516,1,0,0,0,0,0
tt0780521,1,0,0,0,0,0
tt0780536,1,0,0,0,0,0
tt0780571,1,0,0,0,0,0
tt0780607,1,0,0,0,0,0
tt0783233,1,0,1,0,0,0
tt0785006,1,0,1,0,0,0
tt0785035,0,0,0,0,0,1
tt0787474,1,0,0,0,0,0
tt0790623,1,0,0,0,0,0
tt0790628,1,0,0,0,0,0
tt0790636,1,0,0,0,0,0
tt0790686,1,0,1,0,0,0
tt0790712,1,0,0,0,0,0
tt0790724,1,0,0,0,0,0
tt0790736,1,0,0,0,0,0
tt0795351,1,0,0,0,0,0
tt0795421,1,0,1,0,0,0
tt0795441,0,0,1,0,0,0
tt0795461,1,0,0,0,0,0
tt0796366,1,0,1,0,0,0
tt0796375,1,0,0,0,0,0
tt0799949,1,0,0,0,0,0
tt0800039,1,0,0,0,0,0
tt0800080,1,0,0,0,0,0
tt0800164,0,0,1,0,0,0
tt0800240,1,0,0,0,0,0
tt0800241,1,1,1,0,0,0
tt0800308,1,0,0,0,0,0
tt0800320,1,0,0,0,0,0
tt0800369,1,0,0,0,0,0
tt0801526,1,0,0,0,0,0
tt0804461,1,0,0,0,0,0
tt0804497,1,0,0,0,0,0
tt0804507,1,0,1,0,0,0
tt0804516,1,0,0,0,0,0
tt0804522,1,0,0,0,0,0
tt0804529,1,0,0,0,0,0
tt0805526,1,0,0,0,0,0
tt0805564,1,0,0,0,0,0
tt0805570,1,0,0,0,0,0
tt0807758,0,0,0,0,0,1
tt0808151,1,0,1,0,0,0
tt0808279,1,0,1,0,0,0
tt0808399,1,0,0,0,0,0
tt0808510,1,0,0,0,0,0
tt0808526,1,0,0,0,0,0
tt0810784,1,0,1,0,0,0
tt0810913,1,0,0,0,0,0
tt0810922,1,0,1,0,0,0
tt0811066,0,0,0,0,0,1
tt0811080,1,0,1,0,0,0
tt0811138,1,0,1,0,0,0
tt0814005,0,0,1,0,0,0
tt0814022,1,0,0,0,0,0
tt0814255,1,0,0,0,0,0
tt0814314,1,0,0,0,0,0
tt0814666,1,0,1,0,0,0
tt0815236,1,0,0,0,0,0
tt0815244,1,0,0,0,0,0
tt0816462,1,0,0,0,0,0
tt0816692,1,0,0,0,0,0
tt0816711,1,0,0,0,0,0
tt0817177,1,0,0,0,0,0
tt0817230,1,0,0,0,0,0
tt0821642,1,0,1,0,0,0
tt0822832,1,0,0,0,0,0
tt0822847,1,0,0,0,0,0
tt0822854,1,0,0,0,0,0
tt0824747,1,0,0,0,0,0
tt0825232,1,0,0,0,0,0
tt0826570,0,0,0,0,0,1
tt0829150,1,0,0,1,0,0
tt0829459,1,0,0,0,0,0
tt0829482,1,0,0,0,0,0
tt0830199,1,0,0,0,0,0
tt0830515,1,0,0,0,0,0
tt0831387,1,0,0,1,0,0
tt0831887,1,0,0,0,0,0
tt0834001,1,0,0,0,0,0
tt0835034,1,0,0,0,0,0
tt0837562,1,0,0,0,0,0
tt0838247,1,0,0,0,0,0
tt0838283,1,0,0,0,0,0
tt0840361,1,0,0,0,0,0
tt0841046,1,0,0,0,0,0
tt0842926,1,0,0,0,0,0
tt0843326,0,0,0,0,0,1
tt0844286,1,0,0,0,0,0
tt0844471,1,0,0,0,0,0
tt0844479,1,0,0,0,0,0
tt0844671,1,0,0,0,0,0
tt0844993,1,0,0,0,0,0
tt0845046,1,0,1,0,0,0
tt0846040,0,0,1,0,0,0
tt0848228,1,0,0,0,0,0
tt0848537,1,0,0,0,0,0
tt0848538,0,0,0,1,0,0
tt0848557,1,0,0,0,0,0
tt0850253,1,0,1,0,0,0
tt0852713,1,0,0,0,0,0
tt0853096,1,0,0,0,0,0
tt0854678,1,0,0,0,0,0
tt0858479,1,0,0,0,0,0
tt0858486,1,0,0,0,0,0
tt0859163,1,0,1,0,0,0
tt0862467,1,0,1,0,0,0
tt0862846,1,0,0,0,0,0
tt0864835,1,0,0,0,0,0
tt0865554,1,0,1,0,0,0
tt0865556,1,0,0,1,0,0
tt0865559,1,1,0,0,0,0
tt0866439,1,0,0,0,0,0
tt0869994,0,0,1,0,0,0
tt0871426,1,0,0,0,0,0
tt0872230,1,0,0,0,0,0
tt0873886,1,0,0,0,0,0
tt0875034,1,0,1,0,0,0
tt0876563,0,0,0,1,0,0
tt0878804,1,0,0,0,0,0
tt0879870,1,0,0,0,0,0
tt0880502,0,0,1,0,0,0
tt0880578,1,0,0,0,0,0
tt0881320,1,0,0,0,0,0
tt0881891,1,0,0,0,0,0
tt0882977,1,0,0,0,1,0
tt0884224,1,0,0,0,0,0
tt0884328,1,0,0,0,0,0
tt0884726,1,0,0,0,0,0
tt0884732,1,0,0,0,0,0
tt0887745,1,0,0,0,0,0
tt0887883,1,0,1,0,0,0
tt0887912,1,0,0,0,0,0
tt0887971,1,0,1,0,0,0
tt0889573,1,0,0,0,0,0
tt0889588,1,0,1,1,0,0
tt0890870,1,0,0,0,0,0
tt0891527,1,0,0,0,0,0
tt0891592,1,0,0,1,0,0
tt0892767,1,0,0,0,0,0
tt0892769,1,0,0,0,0,0
tt0892782,1,0,0,0,0,0
tt0892791,1,0,0,0,0,0
tt0897361,1,0,0,0,0,0
tt0898367,1,0,0,0,0,0
tt0901476,1,0,0,0,0,0
tt0902272,1,0,0,0,0,0
tt0903624,1,0,0,0,0,0
tt0903627,1,0,1,0,0,0
tt0905372,1,0,0,0,0,0
tt0906108,1,0,0,0,0,0
tt0906665,0,0,0,1,0,0
tt0907119,0,0,1,0,0,0
tt0907657,1,0,0,0,0,0
tt0910936,1,0,0,0,0,0
tt0910970,1,0,0,0,0,0
tt0912593,1,0,0,0,0,0
tt0913354,1,0,0,0,0,0
tt0914382,1,0,0,0,0,0
tt0914797,1,0,0,0,0,0
tt0914798,1,0,0,0,0,0
tt0914809,1,0,0,0,0,0
tt0918927,1,0,0,0,0,0
tt0924129,1,0,0,0,0,0
tt0926084,1,0,0,0,0,0
tt0929632,1,0,0,0,0,0
tt0933361,0,0,1,0,0,0
tt0935075,1,0,0,0,0,0
tt0936501,0,0,1,0,0,0
tt0937237,1,0,0,0,0,0
tt0938283,1,0,0,0,0,0
tt0938330,1,0,1,0,0,0
tt0942385,1,0,1,0,0,0
tt0942903,1,0,0,0,0,0
tt0944114,0,0,1,0,0,0
tt0944835,1,0,0,0,0,0
tt0945513,1,0,0,0,0,0
tt0947798,1,0,0,0,0,0
tt0947802,1,0,0,0,0,0
tt0947810,1,1,1,0,0,0
tt0948470,1,0,0,0,0,0
tt0948530,0,0,0,0,0,1
tt0949731,1,0,0,0,0,0
tt0952640,1,0,0,0,0,0
tt0954990,1,0,0,0,0,0
tt0955308,1,0,0,0,0,0
tt0959337,1,0,0,0,0,0
tt0960144,1,0,0,0,0,0
tt0960731,1,0,0,0,0,0
tt0961043,0,0,1,0,0,0
tt0962736,1,0,0,0,0,0
tt0962764,0,0,1,0,0,0
tt0963178,1,0,1,0,0,0
tt0963966,1,0,0,0,0,0
tt0964185,1,1,1,0,0,0
tt0964517,1,0,0,0,0,0
tt0968264,1,0,0,0,0,0
tt0970179,1,0,0,0,0,0
tt0970411,1,0,0,0,0,0
tt0970416,1,0,0,0,0,0
tt0970452,1,0,1,0,0,0
tt0970866,1,0,0,0,0,0
tt0972558,0,0,1,0,0,0
tt0974554,1,0,0,0,0,0
tt0974613,1,0,0,0,0,0
tt0974661,1,0,0,0,0,0
tt0976222,1,0,0,0,0,0
tt0976238,1,0,0,0,0,0
tt0976247,1,0,0,0,0,0
tt0978764,1,0,0,0,0,0
tt0980970,1,0,0,0,0,0
tt0981042,1,0,0,0,0,0
tt0981227,1,0,0,0,0,0
tt0983193,1,0,0,0,0,0
tt0985101,0,0,0,1,0,0
tt0985694,1,0,0,0,0,0
tt0985699,1,0,1,0,0,0
tt0986263,1,0,0,0,0,0
tt0986264,0,0,0,0,0,1
tt0987918,0,0,1,0,0,0
tt0988045,1,0,1,0,0,0
tt0988047,1,0,0,0,0,0
tt0988595,1,0,0,0,0,0
tt0989757,1,0,0,0,0,0
tt0990407,1,0,0,0,0,0
tt0993842,1,0,1,0,0,0
tt0993846,1,0,0,0,0,0
tt0999913,1,0,0,0,0,0
tt1000774,1,0,0,0,0,0
tt1001508,1,0,1,0,0,0
tt1001526,1,0,0,0,0,0
tt1007028,1,0,0,0,0,0
tt1007029,1,0,1,0,0,0
tt1010048,1,0,0,0,0,0
tt1013743,1,0,0,0,0,0
tt1013752,1,0,0,0,0,0
tt1013753,1,0,0,0,0,0
tt1013860,1,0,0,0,0,0
tt1014759,1,0,0,0,0,0
tt1014763,1,0,1,0,0,0
tt1014775,1,0,0,0,0,0
tt1017451,1,0,0,0,0,0
tt1018785,1,0,0,0,0,0
tt1018818,1,0,0,0,0,0
tt1019452,1,0,1,0,0,0
tt1020072,1,0,0,0,0,0
tt1020558,1,0,1,0,0,0
tt1022603,1,0,0,0,0,0
tt1023111,1,0,0,0,0,0
tt1023114,1,0,0,0,1,0
tt1023481,1,0,0,0,0,0
tt1023490,0,0,1,0,0,0
tt1024648,1,0,0,0,0,0
tt1024715,1,0,0,0,0,0
tt1024943,0,0,0,0,0,1
tt1027718,1,0,0,0,0,0
tt1027862,1,0,0,0,0,0
tt1028528,1,0,0,0,0,0
tt1028532,1,0,0,0,0,0
tt1028576,1,0,0,0,0,0
tt1029360,1,0,0,0,0,0
tt1031282,0,0,1,0,0,0
tt1031969,1,0,0,0,0,0
tt1032751,0,0,0,1,0,0
tt1032755,1,0,1,0,0,0
tt1032846,0,0,0,0,0,1
tt1033575,1,0,0,0,0,0
tt1033643,1,0,0,0,0,0
tt1034032,1,0,0,0,0,0
tt1034303,1,0,0,0,0,0
tt1034314,1,0,1,0,0,0
tt1034331,1,0,0,0,0,0
tt1034389,1,0,0,0,0,0
tt1034402,0,0,0,0,0,1
tt1034449,0,0,0,1,0,0
tt1037163,1,0,1,0,0,0
tt1037705,1,0,0,0,0,0
tt1038686,1,0,0,0,0,0
tt1038919,1,0,0,0,0,0
tt1038988,0,1,0,0,0,0
tt1041804,1,0,0,0,0,0
tt1041829,1,0,0,0,0,0
tt1043568,0,0,1,0,0,0
tt1043726,1,0,0,0,0,0
tt1045658,1,0,0,0,0,0
tt1045772,1,0,1,0,0,0
tt1045778,1,0,0,0,0,0
tt1046163,1,0,0,0,0,0
tt1046173,1,0,0,0,0,0
tt1046198,0,0,1,0,0,0
tt1046997,1,0,1,0,0,0
tt1047540,1,0,0,0,0,0
tt1049402,1,0,0,0,0,0
tt1049413,1,0,0,0,0,0
tt1050739,1,0,0,0,0,0
tt1052342,0,0,0,0,0,1
tt1053424,1,0,0,0,0,0
tt1053810,1,0,0,0,0,0
tt1053859,1,0,0,1,0,0
tt1054122,0,0,0,1,0,0
tt1054606,1,0,1,0,0,0
tt1055292,1,0,0,0,0,0
tt1055369,1,0,0,0,0,0
tt1057500,1,0,0,0,0,0
tt1058017,1,0,0,0,0,0
tt1059786,1,0,1,0,0,0
tt1060249,0,0,0,0,0,1
tt1060277,1,0,0,0,0,0
tt1063669,0,0,1,0,0,0
tt1064932,0,0,1,0,0,0
tt1065073,1,0,0,0,0,0
tt1067106,1,0,0,0,0,0
tt1067583,1,0,0,0,0,0
tt1067774,1,0,0,0,0,0
tt1068242,1,0,0,0,0,0
tt1068646,0,0,1,0,0,0
tt1068680,1,0,0,0,0,0
tt1071812,1,0,0,0,0,0
tt1071875,1,0,0,0,1,0
tt1073498,1,0,0,0,0,0
tt1074638,1,0,0,0,0,0
tt1075114,0,0,1,0,0,0
tt1075417,1,0,0,0,0,0
tt1075747,1,0,0,0,0,0
tt1077368,1,0,0,0,0,0
tt1078588,1,0,0,0,0,0
tt1078912,1,0,0,0,0,0
tt1078940,1,0,0,0,0,0
tt1080016,1,0,0,0,0,0
tt1082868,1,0,0,0,0,0
tt1082886,1,0,0,0,0,0
tt1083456,1,0,0,0,0,0
tt1085492,1,0,0,0,0,0
tt1086772,1,0,0,0,0,0
tt1091191,1,0,0,0,0,0
tt1091229,1,0,0,0,0,0
tt1091617,1,0,0,0,0,0
tt1091722,1,0,0,0,0,0
tt1092026,1,0,0,0,0,0
tt1093357,1,0,0,0,0,0
tt1093370,0,0,0,0,0,1
tt1093908,1,0,0,0,0,0
tt1094241,0,0,1,0,0,0
tt1095174,1,0,0,0,0,0
tt1095217,1,0,0,0,0,0
tt1099212,1,0,0,0,0,0
tt1100089,1,0,0,0,0,0
tt1100119,1,0,0,0,1,0
tt1101026,0,0,1,0,0,0
tt1103153,1,0,0,0,0,0
tt1103275,1,0,1,0,0,0
tt1103982,1,0,0,0,0,0
tt1104001,1,0,0,0,0,0
tt1105733,0,0,0,0,0,1
tt1105748,1,0,0,0,0,0
tt1106860,1,0,0,0,0,0
tt1107319,1,0,0,0,0,0
tt1107828,0,0,1,0,0,0
tt1109624,1,0,1,0,0,0
tt1110037,0,0,1,0,0,0
tt1111422,1,0,0,0,0,0
tt1114677,1,0,0,0,0,0
tt1114740,1,0,0,0,0,0
tt1119646,1,0,1,0,0,0
tt1120985,1,0,0,0,0,0
tt1121096,1,0,0,1,0,0
tt1121931,1,0,0,0,0,0
tt1123373,0,0,0,1,0,0
tt1124035,1,0,0,0,0,0
tt1124052,0,0,0,1,0,0
tt1124396,0,0,1,0,0,0
tt1125849,1,0,1,0,0,0
tt1126590,1,0,0,0,0,0
tt1126591,1,0,0,0,0,0
tt1126618,1,0,0,0,0,0
tt1127180,1,0,0,0,0,0
tt1129423,1,0,0,0,0,0
tt1129442,1,0,1,0,0,0
tt1129445,1,0,0,0,0,0
tt1130080,1,0,0,0,0,0
tt1130884,1,0,0,0,0,0
tt1130964,1,0,0,0,0,0
tt1130967,1,0,0,0,0,0
tt1130988,0,0,1,0,0,0
tt1131729,1,0,1,0,0,0
tt1131734,1,0,0,0,0,0
tt1132449,1,0,1,0,0,0
tt1132620,0,0,1,0,0,0
tt1132626,1,0,0,0,0,0
tt1133985,1,0,0,0,0,0
tt1134854,1,0,0,0,0,0
tt1135084,1,0,0,0,0,0
tt1135487,1,0,1,0,0,0
tt1135985,1,0,0,0,0,0
tt1136608,1,0,0,0,0,0
tt1139282,1,0,0,0,0,0
tt1139328,1,0,1,0,0,0
tt1139797,0,0,1,0,0,0
tt1142433,1,0,0,0,0,0
tt1142977,1,0,0,0,0,0
tt1142988,1,0,0,0,0,0
tt1144551,1,0,0,0,0,0
tt1144884,1,0,0,0,0,0
tt1148204,1,0,1,0,0,0
tt1149361,0,0,1,0,0,0
tt1151359,1,0,0,0,0,0
tt1152398,1,0,0,0,0,0
tt1152822,1,0,0,0,0,0
tt1152836,1,0,0,1,0,0
tt1155056,1,0,0,0,0,0
tt1155076,1,0,0,1,0,0
tt1155705,0,0,0,1,0,0
tt1156398,1,0,0,0,0,0
tt1160368,1,0,0,0,0,0
tt1161864,1,0,1,0,0,0
tt1166100,0,0,0,0,0,1
tt1167599,0,0,1,0,0,0
tt1170358,1,0,0,0,0,0
tt1170391,1,0,0,0,0,0
tt1170398,0,0,1,0,0,0
tt1171222,1,0,0,0,0,0
tt1171701,0,0,0,0,0,1
tt1172060,1,0,0,0,0,0
tt1172991,1,0,0,0,0,0
tt1172998,1,0,0,0,0,0
tt1174041,0,0,0,0,0,1
tt1174730,1,0,0,0,0,0
tt1174732,1,0,0,0,0,0
tt1175491,1,0,0,1,0,0
tt1175506,1,0,0,0,0,0
tt1179034,0,0,1,0,0,0
tt1179056,1,0,0,0,0,0
tt1179069,1,0,0,0,0,0
tt1179258,1,0,1,0,0,0
tt1179891,1,0,0,0,0,0
tt1179904,1,0,0,0,0,0
tt1180583,0,0,0,0,0,1
tt1181614,1,0,0,0,0,0
tt1182345,1,0,0,0,0,0
tt1182972,0,0,0,0,0,1
tt1183251,1,0,0,0,0,0
tt1185344,1,0,0,0,0,0
tt1185420,1,0,0,0,0,0
tt1185616,1,0,1,0,1,0
tt1185834,1,0,0,0,0,0
tt1186366,0,0,1,0,0,0
tt1186367,1,0,1,0,0,0
tt1186830,0,1,0,0,0,0
tt1187043,0,0,0,0,0,1
tt1189073,0,1,0,0,0,0
tt1189340,1,0,0,0,0,0
tt1189893,0,0,1,0,0,0
tt1190080,1,0,0,0,0,0
tt1190536,1,0,0,0,0,0
tt1190617,1,0,0,0,0,0
tt1191111,1,0,1,0,0,0
tt1192628,1,0,0,0,0,0
tt1193138,1,0,0,0,0,0
tt1193516,0,0,0,0,0,1
tt1193631,1,0,0,0,0,0
tt1194173,1,0,0,0,0,0
tt1194417,1,0,0,0,0,0
tt1195478,1,0,0,1,0,0
tt1196170,1,0,0,0,0,0
tt1196340,1,0,0,0,0,0
tt1197624,1,0,0,0,0,0
tt1198138,1,0,0,0,0,0
tt1201167,1,0,0,0,0,0
tt1201607,1,0,0,0,0,0
tt1204342,1,0,0,0,0,0
tt1204975,1,0,0,0,0,0
tt1204977,1,0,0,0,0,0
tt1205489,1,0,1,0,0,0
tt1205537,1,0,1,0,0,0
tt1206483,0,0,0,0,0,1
tt1206543,1,0,0,0,0,0
tt1210042,1,0,0,0,0,0
tt1210071,1,0,0,0,0,0
tt1210166,1,0,0,0,0,0
tt1210819,1,0,0,0,0,0
tt1211956,1,0,0,0,0,0
tt1212419,1,0,0,0,0,0
tt1212436,1,0,0,0,0,0
tt1212450,1,0,0,0,0,0
tt1213012,1,0,0,0,0,0
tt1213644,1,0,0,0,0,0
tt1213648,1,0,0,0,0,0
tt1214962,1,0,0,0,0,0
tt1216475,1,0,0,0,0,0
tt1216487,0,0,1,0,0,0
tt1216491,1,0,0,0,0,0
tt1216492,1,0,0,0,0,0
tt1216496,0,0,0,1,0,0
tt1216640,1,0,0,0,0,0
tt1217209,1,0,0,0,0,0
tt1217613,1,0,0,0,0,0
tt1219289,1,0,0,0,0,0
tt1219342,1,0,0,0,0,0
tt1220198,1,0,0,0,0,0
tt1220628,1,0,0,0,0,0
tt1220634,1,0,1,0,0,0
tt1220719,0,0,0,1,0,0
tt1220888,1,0,0,0,0,0
tt1222817,1,0,0,0,0,0
tt1224449,0,0,1,0,0,0
tt1225822,1,0,0,0,0,0
tt1226229,1,0,0,0,0,0
tt1226273,1,0,0,0,0,0
tt1226753,1,0,0,0,1,0
tt1227165,0,0,1,0,0,0
tt1228705,1,0,0,0,0,0
tt1228953,1,0,0,0,0,0
tt1228987,1,0,0,0,0,0
tt1229238,1,0,0,0,1,0
tt1229340,1,0,0,0,0,0
tt1230215,1,0,0,0,0,0
tt1230414,1,0,0,1,0,0
tt1230448,0,0,0,0,0,1
tt1231277,1,0,0,0,0,0
tt1231580,1,0,0,0,0,0
tt1231583,1,0,0,0,0,0
tt1231587,1,0,0,0,0,0
tt1232200,1,0,0,0,0,0
tt1232207,1,0,0,0,0,0
tt1232829,1,0,0,0,0,0
tt1233227,1,0,0,0,0,0
tt1234548,1,0,0,0,0,0
tt1234560,0,0,1,0,0,0
tt1234719,1,0,0,0,0,0
tt1234721,1,0,0,0,0,0
tt1235189,1,0,1,0,0,0
tt1235522,1,0,0,0,0,0
tt1235796,1,0,0,0,0,0
tt1239426,0,0,1,0,0,0
tt1240982,1,0,0,0,0,0
tt1242422,0,1,1,0,0,0
tt1242432,1,0,0,0,0,0
tt1242457,0,0,1,0,0,0
tt1242460,1,0,0,0,0,0
tt1242599,1,0,0,0,0,0
tt1243957,1,0,1,0,0,0
tt1243974,1,0,0,0,0,0
tt1244659,1,0,0,0,0,0
tt1244668,0,0,1,0,0,0
tt1244754,1,0,0,0,0,0
tt1245112,0,1,0,0,0,0
tt1245492,1,0,0,0,0,0
tt1245526,1,0,0,0,0,0
tt1245736,0,0,1,0,0,0
tt1247640,0,0,1,0,0,0
tt1247704,1,0,0,0,0,0
tt1250777,1,0,0,0,0,0
tt1253863,1,0,0,0,0,0
tt1253864,1,0,0,0,0,0
tt1255953,1,0,1,0,0,0
tt1258972,1,0,0,0,0,0
tt1259521,1,0,0,0,0,0
tt1259571,1,0,0,0,0,0
tt1261945,1,0,0,0,0,0
tt1262416,1,0,0,0,0,0
tt1262981,1,0,0,0,0,0
tt1263670,1,0,0,0,0,0
tt1265990,1,0,0,0,0,0
tt1267297,1,0,0,0,0,0
tt1267500,0,0,0,0,0,1
tt1268799,1,0,0,0,0,0
tt1270262,0,0,1,0,0,0
tt1270761,1,0,0,0,0,0
tt1270798,1,0,0,0,0,0
tt1270835,1,0,0,0,0,0
tt1272018,0,0,1,0,0,0
tt1272051,0,0,1,0,0,0
tt1272878,1,0,0,0,0,0
tt1273678,1,0,0,0,0,0
tt1274295,0,0,0,0,0,1
tt1274300,1,0,0,0,0,0
tt1275863,0,0,0,0,0,1
tt1276104,1,0,0,1,0,0
tt1276105,1,0,0,0,0,0
tt1276419,0,0,1,0,0,0
tt1277953,1,0,0,0,0,0
tt1278340,0,0,1,0,0,0
tt1279935,1,0,0,0,0,0
tt1282140,1,0,0,0,0,0
tt1284575,1,0,0,0,0,0
tt1285016,1,0,0,0,0,0
tt1285309,1,0,0,0,0,0
tt1287468,1,0,0,0,0,0
tt1288403,1,0,0,0,0,0
tt1288558,1,0,0,0,0,0
tt1291150,1,0,0,0,0,0
tt1291549,1,0,0,0,0,0
tt1291580,1,0,0,0,0,0
tt1291584,1,0,0,0,0,0
tt1293793,0,0,1,0,0,0
tt1294213,1,0,0,0,0,0
tt1294688,1,0,1,0,0,0
tt1297919,1,0,1,0,0,0
tt1298649,1,0,0,0,0,0
tt1298650,1,0,0,0,0,0
tt1300851,1,0,0,0,0,0
tt1300854,1,0,0,1,0,0
tt1302011,1,0,0,0,0,0
tt1302067,1,0,0,0,0,0
tt1303828,1,0,0,0,0,0
tt1305591,1,0,0,0,0,0
tt1305797,0,0,0,0,0,1
tt1305806,0,1,0,0,0,0
tt1306980,1,0,0,0,0,0
tt1307068,1,0,0,0,0,0
tt1308138,1,0,0,1,0,0
tt1308729,1,0,0,0,0,0
tt1311067,1,0,0,0,0,0
tt1313092,1,0,0,0,0,0
tt1314228,1,0,0,0,0,0
tt1314655,1,0,0,0,0,0
tt1318514,1,0,0,0,0,0
tt1320239,1,0,0,0,0,0
tt1320244,1,0,1,0,0,0
tt1320253,1,0,0,0,0,0
tt1320261,1,0,0,0,0,0
tt1321511,1,0,0,0,0,0
tt1321860,1,0,0,0,1,0
tt1321870,1,0,0,0,0,0
tt1322269,1,0,0,0,0,0
tt1322312,1,0,0,0,0,0
tt1322313,1,0,1,0,0,0
tt1323594,1,0,0,0,0,0
tt1324059,0,0,0,0,0,1
tt1324999,1,0,0,0,0,0
tt1325004,1,0,0,0,0,0
tt1326972,0,0,0,1,0,0
tt1327194,1,0,0,0,0,0
tt1327773,1,0,0,0,0,0
tt1331064,1,0,0,0,0,0
tt1333125,1,0,0,0,0,0
tt1334260,1,0,0,0,0,0
tt1334512,1,0,0,0,0,0
tt1335975,1,0,0,0,0,0
tt1336608,1,0,0,0,0,0
tt1337051,0,0,0,0,0,1
tt1339161,0,0,1,0,0,0
tt1340138,1,0,0,0,0,0
tt1340838,0,0,0,0,0,1
tt1341167,1,0,1,0,0,0
tt1341188,1,0,0,0,0,0
tt1343092,1,0,0,0,0,0
tt1343097,0,0,1,0,0,0
tt1343727,1,0,0,0,0,0
tt1345836,1,0,0,0,0,0
tt1351685,1,0,0,0,0,0
tt1352824,1,0,1,0,0,0
tt1353810,1,0,0,0,0,0
tt1355546,0,0,0,0,0,1
tt1355630,1,0,0,0,0,0
tt1355683,1,0,0,0,0,0
tt1361313,1,0,1,0,0,0
tt1365050,1,0,0,0,0,0
tt1366344,1,0,0,0,0,0
tt1366365,1,1,0,0,0,0
tt1366687,1,0,1,0,0,0
tt1369706,1,0,0,0,0,0
tt1370429,0,0,0,0,0,1
tt1371111,1,0,1,0,0,0
tt1371150,1,0,0,0,0,0
tt1372686,1,0,0,0,0,0
tt1373243,0,0,1,0,0,0
tt1374992,1,0,1,0,0,0
tt1375666,1,0,0,0,0,0
tt1375670,1,0,0,0,0,0
tt1376213,1,1,0,0,0,0
tt1377278,1,0,1,0,1,0
tt1379177,1,0,0,0,0,0
tt1379222,0,0,1,0,0,0
tt1385826,1,0,0,0,0,0
tt1385867,1,0,0,0,0,0
tt1386588,1,0,0,0,0,0
tt1386703,1,0,0,0,0,0
tt1386932,0,0,0,1,0,0
tt1389137,1,0,0,0,0,0
tt1391137,1,0,0,0,0,0
tt1392170,1,0,0,0,0,0
tt1392190,1,0,0,0,0,0
tt1392197,1,0,0,0,0,0
tt1392214,1,0,0,0,0,0
tt1396208,0,0,0,0,0,1
tt1396218,1,0,0,0,0,0
tt1396226,0,1,1,0,0,0
tt1397280,0,0,1,0,0,0
tt1397514,1,0,0,0,0,0
tt1399103,1,0,0,0,0,0
tt1399683,1,0,0,0,0,0
tt1401152,1,0,1,0,0,0
tt1402488,1,0,0,0,0,0
tt1403130,0,0,0,1,0,0
tt1403177,1,0,0,0,0,0
tt1403214,0,0,1,0,0,0
tt1403865,1,0,0,0,0,0
tt1405810,0,0,1,0,0,0
tt1408101,1,0,0,0,0,0
tt1408253,1,0,0,0,0,0
tt1409024,1,0,0,0,0,0
tt1410063,0,0,0,1,0,0
tt1411238,1,0,0,0,0,0
tt1411250,1,0,0,0,0,0
tt1411697,1,0,0,0,0,0
tt1411704,1,0,0,0,0,0
tt1412386,1,0,0,0,1,0
tt1413495,1,0,1,0,0,0
tt1414382,1,0,0,0,0,0
tt1415283,1,0,1,0,0,0
tt1418377,1,0,0,0,0,0
tt1422136,1,0,0,0,0,0
tt1423894,1,0,1,0,0,0
tt1423995,1,0,0,0,0,0
tt1424381,1,0,0,0,0,0
tt1425922,1,0,0,0,0,0
tt1426329,1,0,0,0,0,0
tt1428538,1,0,1,0,0,0
tt1430132,1,0,0,1,0,0
tt1430612,1,0,1,0,0,0
tt1430615,1,0,0,0,0,0
tt1430626,1,0,0,0,0,0
tt1431181,1,0,0,0,0,0
tt1433108,1,0,0,0,0,0
tt1433811,1,0,0,0,0,0
tt1433822,1,0,0,0,0,0
tt1436045,1,0,0,1,0,0
tt1436562,1,0,0,0,0,0
tt1437366,0,0,1,0,0,0
tt1437367,0,0,0,0,0,1
tt1438254,1,0,0,0,0,0
tt1440129,1,0,0,0,0,0
tt1440232,0,0,1,0,0,0
tt1440266,1,0,1,0,0,0
tt1440345,1,0,1,0,0,0
tt1440728,1,0,0,0,0,0
tt1440732,1,0,1,0,0,0
tt1441395,1,0,0,0,0,0
tt1441951,1,0,0,0,0,0
tt1446192,1,0,0,0,0,0
tt1446714,1,0,0,0,0,0
tt1447508,0,0,0,0,0,1
tt1447972,1,0,0,0,0,0
tt1448755,1,0,0,0,0,0
tt1449283,1,0,0,0,0,0
tt1451797,0,0,0,0,0,1
tt1452628,1,0,0,0,0,0
tt1453405,1,0,0,0,0,0
tt1454029,1,0,0,0,1,0
tt1454468,1,0,0,0,0,0
tt1454523,0,1,1,0,0,0
tt1456941,1,0,0,0,0,0
tt1457767,1,0,0,0,0,0
tt1458175,1,0,1,0,0,0
tt1462041,1,0,0,0,0,0
tt1462758,1,1,1,0,0,0
tt1462900,0,0,0,1,0,0
tt1464174,1,0,0,0,0,0
tt1464191,1,0,0,0,0,0
tt1464540,1,0,0,0,0,0
tt1464580,1,0,0,0,0,0
tt1465487,0,0,1,0,0,0
tt1467391,0,1,0,0,0,0
tt1470023,1,0,0,0,0,0
tt1470827,1,0,0,0,0,0
tt1477076,1,0,0,0,0,0
tt1477109,0,0,0,1,0,0
tt1478338,1,0,0,0,0,0
tt1478964,1,0,1,0,0,0
tt1480656,1,1,1,0,0,0
tt1480660,1,0,0,1,0,0
tt1482459,1,0,1,0,0,0
tt1483010,1,0,0,0,0,0
tt1483013,1,0,0,0,0,0
tt1486185,1,0,0,0,0,0
tt1486192,1,1,0,0,0,0
tt1486193,1,0,0,0,0,0
tt1487118,1,0,1,0,0,0
tt1487931,0,0,0,0,0,1
tt1488555,1,0,0,0,0,0
tt1489167,1,0,0,0,0,0
tt1490017,1,0,1,0,0,0
tt1491044,1,0,0,0,0,0
tt1496025,1,0,0,0,0,0
tt1496422,1,0,0,0,0,0
tt1498569,1,0,0,0,0,0
tt1499658,1,0,0,0,0,0
tt1500516,1,0,1,0,0,0
tt1502404,1,0,0,0,0,0
tt1502712,1,0,0,0,0,0
tt1504319,1,0,0,0,0,0
tt1504320,1,0,0,0,0,0
tt1506999,1,0,0,0,0,0
tt1507563,1,0,0,0,0,0
tt1509767,1,0,1,0,0,0
tt1510907,1,0,0,0,0,0
tt1512235,1,0,0,0,0,0
tt1514041,1,0,0,0,0,0
tt1515091,1,0,0,0,0,0
tt1517260,1,0,0,0,0,0
tt1517489,1,0,0,0,0,0
tt1521197,1,0,1,0,0,0
tt1524137,1,0,1,0,0,0
tt1524930,1,0,0,0,0,0
tt1527186,0,0,1,0,0,0
tt1527679,0,0,1,0,0,0
tt1528100,1,1,0,0,0,0
tt1529235,0,0,1,0,0,0
tt1529572,1,0,0,0,0,0
tt1531663,1,0,0,0,0,0
tt1532261,0,0,1,0,0,0
tt1532382,0,0,1,0,0,0
tt1532503,1,0,0,0,0,0
tt1532958,1,0,0,0,0,0
tt1533749,0,0,0,1,0,0
tt1535108,1,0,0,0,0,0
tt1535109,1,0,0,0,0,0
tt1535438,1,0,0,0,0,0
tt1535616,1,0,1,0,0,0
tt1535970,1,0,1,0,0,0
tt1536044,1,0,0,0,0,0
tt1536048,1,0,0,0,0,0
tt1538403,1,0,1,0,0,0
tt1540133,1,0,0,0,0,0
tt1541160,1,0,1,0,0,0
tt1541995,1,0,0,1,0,0
tt1542344,1,0,0,0,0,0
tt1542482,1,0,0,1,0,0
tt1544600,1,0,0,0,0,0
tt1547230,1,0,0,0,0,0
tt1547234,1,0,0,0,0,0
tt1549572,1,0,0,0,0,0
tt1549589,0,0,1,0,0,0
tt1554091,1,0,0,0,0,0
tt1555064,1,0,0,0,0,0
tt1559547,1,0,0,0,0,0
tt1560747,1,0,0,0,0,0
tt1560985,1,0,0,0,0,0
tt1562568,1,0,0,0,0,0
tt1562873,0,0,0,0,0,1
tt1563738,1,0,0,0,0,0
tt1564349,1,0,0,0,0,0
tt1564367,1,0,0,0,0,0
tt1564585,1,0,0,0,0,0
tt1566501,0,0,0,0,0,1
tt1568338,1,0,0,0,0,0
tt1568346,1,0,1,0,0,0
tt1568911,1,0,0,0,0,0
tt1568921,0,0,0,1,0,0
tt1569364,0,0,1,0,0,0
tt1569465,0,0,1,0,0,0
tt1570728,1,0,0,0,0,0
tt1571222,1,0,1,0,0,0
tt1572315,1,0,0,0,0,0
tt1572491,0,1,1,0,0,0
tt1578275,1,0,0,0,0,0
tt1582271,1,0,0,0,0,0
tt1582637,0,0,0,0,0,1
tt1583420,1,0,0,0,0,0
tt1583421,1,0,0,0,0,0
tt1584131,1,0,0,1,0,0
tt1586265,1,0,0,0,0,0
tt1586752,1,0,0,0,0,0
tt1587310,1,0,0,0,0,0
tt1588173,1,0,0,0,0,0
tt1588334,1,0,0,0,0,0
tt1588337,0,0,1,0,0,0
tt1591095,1,0,0,0,0,0
tt1591479,1,0,0,0,0,0
tt1592525,0,0,1,0,0,0
tt1594562,1,0,0,0,0,0
tt1595366,0,0,1,0,0,0
tt1596343,1,0,0,0,0,0
tt1596346,1,0,0,0,0,0
tt1596363,1,0,0,0,0,0
tt1596365,1,0,1,0,0,0
tt1598778,1,0,0,0,1,0
tt1598822,1,0,0,0,0,0
tt1598828,1,0,0,0,0,0
tt1599348,1,0,0,1,0,0
tt1599975,0,0,1,0,0,0
tt1600195,1,0,0,0,0,0
tt1600196,1,0,0,0,0,0
tt1601913,1,0,0,0,0,0
tt1602098,1,0,1,0,0,0
tt1602472,0,0,1,0,0,0
tt1602476,0,0,0,0,0,1
tt1602613,1,0,1,0,0,0
tt1602620,0,0,1,0,0,0
tt1603257,1,0,0,0,0,0
tt1604171,1,0,0,0,0,0
tt1605630,1,0,0,0,0,0
tt1605769,0,1,1,0,0,0
tt1605783,1,1,1,0,0,0
tt1606267,0,0,0,0,0,1
tt1606378,1,0,0,0,0,0
tt1606389,1,0,1,0,0,0
tt1606392,1,0,0,0,0,0
tt1609168,0,0,0,0,0,1
tt1609479,1,0,0,0,0,0
tt1611224,1,0,0,0,0,0
tt1612774,0,0,1,0,0,0
tt1613062,1,0,0,0,0,0
tt1615065,1,0,0,0,0,0
tt1615147,1,0,0,0,0,0
tt1615918,1,0,0,0,0,0
tt1616195,1,0,0,0,0,0
tt1617661,1,0,0,0,0,0
tt1618442,1,0,0,1,0,0
tt1620549,0,0,1,0,0,0
tt1621045,1,0,0,0,0,0
tt1622547,1,0,1,0,0,0
tt1622979,1,0,0,0,0,0
tt1623205,1,0,0,0,0,0
tt1623288,1,0,0,0,0,0
tt1625346,1,0,0,0,0,0
tt1630036,1,0,0,0,0,0
tt1631867,1,0,0,0,0,0
tt1632708,1,0,0,0,0,0
tt1633356,1,0,0,0,0,0
tt1634003,0,1,0,0,0,0
tt1634122,1,0,1,0,0,0
tt1636826,1,0,0,0,0,0
tt1637688,1,0,0,0,0,0
tt1637706,1,0,0,0,0,0
tt1637725,1,0,0,0,0,0
tt1638355,1,0,0,0,0,0
tt1640459,1,0,0,0,0,0
tt1640484,1,0,0,0,0,0
tt1640548,1,0,0,0,0,0
tt1640711,1,0,0,0,0,0
tt1645089,1,0,0,0,0,0
tt1645170,1,0,0,0,0,0
tt1646971,1,0,0,0,0,0
tt1646980,1,0,0,0,0,0
tt1646987,1,1,0,0,0,0
tt1647668,1,0,0,0,0,0
tt1648112,0,0,1,0,0,0
tt1649419,1,1,0,0,0,0
tt1650043,1,0,0,0,0,0
tt1650062,1,0,0,0,0,0
tt1650554,1,0,0,1,0,0
tt1651118,0,0,1,0,0,0
tt1655420,1,0,0,0,0,0
tt1655441,1,0,0,0,0,0
tt1655442,0,0,1,0,0,0
tt1656186,1,0,0,0,0,0
tt1656190,1,0,0,0,0,0
tt1656192,0,0,1,0,0,0
tt1657507,0,0,1,0,0,0
tt1657510,1,0,0,0,0,0
tt1659337,1,0,0,0,0,0
tt1659343,1,0,0,0,0,0
tt1661199,1,0,0,0,0,0
tt1661382,1,0,0,0,0,0
tt1663143,1,0,0,0,0,0
tt1663202,1,0,0,0,0,0
tt1663321,0,0,1,0,0,0
tt1663662,1,0,0,0,0,0
tt1666186,1,0,0,0,0,0
tt1666801,1,0,0,0,0,0
tt1667310,1,0,1,0,0,0
tt1667353,1,0,0,0,0,0
tt1667889,1,0,0,0,0,0
tt1668200,0,0,1,0,0,0
tt1670345,1,0,1,0,0,0
tt1672091,0,0,0,1,0,0
tt1673434,1,0,0,0,0,0
tt1674771,1,0,0,0,0,0
tt1674784,1,0,0,0,0,0
tt1675192,1,0,0,0,0,0
tt1675197,0,0,0,0,1,0
tt1675434,0,0,1,0,0,0
tt1680058,0,0,1,0,0,0
tt1682180,1,0,0,0,0,0
tt1683921,0,0,1,0,0,0
tt1684233,1,0,0,0,0,0
tt1687901,1,0,0,0,0,0
tt1690953,1,0,0,0,0,0
tt1691917,1,0,0,0,0,0
tt1692486,0,1,1,0,0,0
tt1694020,1,0,0,0,0,0
tt1695994,1,0,0,0,0,0
tt1698641,1,0,0,0,0,0
tt1699745,1,0,1,0,0,0
tt1700258,0,0,1,0,0,0
tt1700423,0,0,1,0,0,0
tt1701210,0,0,1,0,1,0
tt1702439,1,0,0,0,0,0
tt1705772,0,0,0,0,0,1
tt1706593,1,0,0,0,0,0
tt1706620,1,0,1,1,0,0
tt1707386,1,0,0,0,0,0
tt1711425,1,0,0,0,0,0
tt1712170,1,0,1,0,0,0
tt1714203,1,0,0,0,0,0
tt1714206,1,0,0,0,0,0
tt1714209,1,0,0,0,0,0
tt1716777,1,0,0,0,0,0
tt1719071,1,0,0,0,0,0
tt1719474,0,0,0,0,0,1
tt1720047,0,0,0,0,0,1
tt1720254,0,0,0,0,0,1
tt1723121,1,0,0,0,0,0
tt1723642,0,0,1,0,0,0
tt1723811,1,0,0,0,0,0
tt1725795,0,0,0,0,0,1
tt1726589,1,0,0,0,0,0
tt1726669,1,0,0,0,0,0
tt1727388,1,0,0,0,0,0
tt1727776,1,0,0,0,0,0
tt1731141,1,0,0,0,0,0
tt1731697,1,0,0,0,0,0
tt1735221,0,0,0,0,0,1
tt1735898,1,0,0,0,0,0
tt1740017,0,0,0,0,0,1
tt1740707,0,0,1,0,0,0
tt1740710,0,0,0,0,0,1
tt1742044,1,0,0,0,0,0
tt1742334,1,0,0,0,0,0
tt1742336,1,0,0,0,0,0
tt1742650,1,0,0,0,0,0
tt1747958,1,0,1,0,0,0
tt1748122,1,0,0,0,0,0
tt1748179,1,1,0,0,0,0
tt1753722,0,1,0,0,0,0
tt1756415,0,0,1,0,0,0
tt1758595,1,0,1,0,0,0
tt1758692,1,0,0,0,0,0
tt1758795,1,0,0,0,0,0
tt1758830,1,0,0,0,0,0
tt1762399,1,0,0,0,0,0
tt1764183,1,0,0,0,0,0
tt1764234,1,0,0,0,0,0
tt1764625,0,1,0,0,0,0
tt1764651,1,0,0,0,0,0
tt1765729,0,0,1,0,0,0
tt1766044,0,0,1,0,0,0
tt1767382,1,0,1,0,0,0
tt1770734,1,0,0,0,0,0
tt1772230,0,0,0,1,0,0
tt1772240,1,0,0,0,0,0
tt1772341,1,0,0,0,0,0
tt1777595,1,0,0,0,0,0
tt1778304,1,0,0,0,0,0
tt1780762,1,0,0,0,0,0
tt1782568,0,0,1,0,0,0
tt1787759,1,0,0,0,0,0
tt1788391,1,0,0,0,0,0
tt1790864,1,0,0,0,0,0
tt1790885,1,0,0,0,0,0
tt1791528,1,0,0,0,0,0
tt1791682,1,0,0,0,0,0
tt1793224,0,0,0,1,0,0
tt1796603,0,0,1,0,0,0
tt1796657,0,0,1,0,0,0
tt1798684,1,0,0,0,0,0
tt1798709,1,0,0,0,0,0
tt1800241,1,0,0,0,0,0
tt1800246,1,0,0,0,0,0
tt1800741,1,0,0,0,0,0
tt1809398,1,0,0,0,0,0
tt1810618,0,0,0,0,0,1
tt1810861,0,0,0,0,0,1
tt1813519,0,0,1,0,0,0
tt1814621,1,0,0,0,0,0
tt1815862,1,0,0,0,0,0
tt1816518,0,0,1,0,0,0
tt1817273,1,0,0,0,0,0
tt1820462,0,0,1,0,0,0
tt1820555,0,0,1,0,0,0
tt1821317,0,0,0,0,0,1
tt1821478,0,0,0,0,0,1
tt1821480,0,0,0,0,0,1
tt1821549,1,0,0,0,0,0
tt1821593,0,0,1,0,0,0
tt1821682,0,0,0,0,0,1
tt1823664,1,0,0,0,0,0
tt1823672,1,0,0,0,0,0
tt1826590,1,0,0,0,0,0
tt1826660,0,0,1,0,0,0
tt1837703,1,0,0,0,0,0
tt1837709,1,0,0,0,0,0
tt1839596,0,0,0,0,0,1
tt1840309,1,0,0,0,0,0
tt1840417,1,0,0,0,0,0
tt1841642,1,0,0,0,0,0
tt1843866,1,0,0,0,0,0
tt1847713,0,0,0,1,0,0
tt1849718,0,0,0,0,0,1
tt1850457,1,0,0,0,0,0
tt1852770,0,1,1,0,0,0
tt1853728,1,0,0,0,0,0
tt1854236,0,0,1,0,0,0
tt1854564,1,0,0,0,0,0
tt1855199,1,0,0,0,0,0
tt1855325,1,0,1,0,0,0
tt1857842,1,0,0,0,0,0
tt1859650,1,1,1,0,0,0
tt1860152,0,0,1,0,0,0
tt1860353,1,0,0,0,0,0
tt1861356,0,0,0,0,0,1
tt1862079,1,0,0,0,0,0
tt1866249,1,0,0,0,0,0
tt1869716,1,0,0,0,0,0
tt1872181,1,0,0,0,0,0
tt1872194,1,0,0,0,0,0
tt1876451,1,0,0,0,0,0
tt1876517,1,0,0,1,0,0
tt1877832,1,0,0,0,0,0
tt1881002,1,0,0,0,0,0
tt1893256,1,0,0,0,0,0
tt1895587,1,0,0,0,0,0
tt1899353,1,0,1,0,0,0
tt1904996,1,0,0,0,0,0
tt1905041,1,0,0,0,0,0
tt1907668,1,0,0,0,0,0
tt1911644,1,0,0,0,0,0
tt1911658,1,0,0,0,0,0
tt1915581,1,0,0,0,0,0
tt1920849,1,0,0,0,0,0
tt1921064,1,0,1,0,0,0
tt1922685,1,0,0,0,0,0
tt1922777,1,0,0,0,0,0
tt1924396,0,0,1,0,0,0
tt1924429,1,0,1,0,0,0
tt1924435,1,0,0,0,0,0
tt1925431,1,0,0,0,0,0
tt1929263,1,0,0,0,0,0
tt1931435,1,0,0,0,0,0
tt1931533,1,0,0,0,0,0
tt1932767,1,0,0,0,0,0
tt1934231,0,0,0,0,0,1
tt1934234,0,0,1,0,0,0
tt1934269,0,0,0,0,1,0
tt1935179,1,0,0,0,0,0
tt1937339,0,0,0,1,0,0
tt1939659,1,0,0,0,0,0
tt1945062,1,0,0,0,0,0
tt1946347,0,0,1,0,0,0
tt1948150,0,0,0,0,0,1
tt1951181,1,0,0,0,0,0
tt1951261,1,0,0,0,0,0
tt1951264,1,0,0,0,0,0
tt1951265,1,0,0,0,0,0
tt1951266,1,0,1,0,0,0
tt1954352,1,0,0,0,0,0
tt1954701,0,0,1,0,0,0
tt1956620,1,0,0,0,0,0
tt1959490,1,0,0,0,0,0
tt1964418,1,1,0,0,0,0
tt1966566,0,0,1,0,0,0
tt1967545,1,0,0,0,0,0
tt1969062,1,0,0,0,0,0
tt1972571,1,0,1,0,0,0
tt1972779,1,0,0,0,0,0
tt1976608,1,0,0,0,0,0
tt1979320,1,0,1,0,0,0
tt1980209,1,0,0,0,0,0
tt1980929,1,0,0,0,0,0
tt1981115,1,0,0,0,0,0
tt1981677,1,0,0,0,0,0
tt1985019,1,0,0,0,0,0
tt1985966,1,0,0,0,0,0
tt1986040,0,0,0,0,0,1
tt1990314,1,0,0,0,0,0
tt1996264,1,0,0,0,0,0
tt1999910,0,0,0,0,0,1
tt2002718,1,0,1,0,0,0
tt2004420,1,0,0,0,0,0
tt2004432,1,0,0,0,0,0
tt2005374,1,0,0,0,0,0
tt2006295,1,0,0,0,0,0
tt2011159,1,0,0,0,0,0
tt2012665,1,0,0,0,0,0
tt2013293,0,0,0,1,0,0
tt2015381,1,0,0,0,0,0
tt2016894,0,0,0,0,0,1
tt2016940,1,0,0,1,0,0
tt2017020,1,0,0,0,0,0
tt2017038,1,0,0,0,0,0
tt2023453,1,0,0,0,0,0
tt2023587,1,1,0,0,0,0
tt2024432,1,0,0,0,0,0
tt2024469,1,0,1,0,0,0
tt2025526,0,0,0,1,0,0
tt2034139,1,0,1,0,0,0
tt2039393,1,0,0,0,0,0
tt2042568,1,0,1,0,0,0
tt2051894,1,0,0,0,0,0
tt2053425,0,0,1,0,0,0
tt2053463,1,0,0,0,0,0
tt2058107,1,0,0,0,0,0
tt2062575,0,0,0,0,0,1
tt2063781,1,0,0,0,0,0
tt2070649,0,0,0,1,0,0
tt2076176,0,0,1,0,0,0
tt2076251,0,0,1,0,0,0
tt2080374,1,0,0,0,0,0
tt2083355,1,0,0,0,0,0
tt2084970,1,0,0,0,0,0
tt2084989,1,0,0,0,0,0
tt2088003,1,0,1,0,0,0
tt2088012,0,0,0,1,0,0
tt2088871,0,0,1,0,0,0
tt2091473,1,0,0,0,1,0
tt2094854,0,0,0,0,0,1
tt2096672,1,0,0,0,0,0
tt2096673,1,0,0,0,0,0
tt2097307,1,0,0,0,0,0
tt2101441,1,0,0,0,0,0
tt2101473,0,0,1,0,0,0
tt2103217,1,0,1,0,0,0
tt2103254,1,0,0,0,0,0
tt2103267,1,0,1,0,0,0
tt2103281,1,0,0,0,0,0
tt2106361,1,0,0,0,0,0
tt2106476,0,0,1,0,0,0
tt2106741,0,0,0,1,0,0
tt2109184,1,0,0,0,0,0
tt2109248,1,0,0,1,0,0
tt2112124,0,0,0,0,0,1
tt2112999,1,0,0,0,0,0
tt2120120,1,0,0,1,0,0
tt2125435,1,0,0,0,0,0
tt2126355,1,0,0,0,0,0
tt2126362,1,0,0,0,0,0
tt2132285,1,0,1,1,0,0
tt2133234,1,0,0,0,0,0
tt2137992,0,0,0,1,0,0
tt2140037,1,0,0,0,0,0
tt2140373,1,0,0,0,0,0
tt2145803,0,0,0,0,0,1
tt2157186,0,0,0,0,0,1
tt2167202,1,0,0,0,0,0
tt2168910,1,0,0,0,0,0
tt2169322,0,0,0,1,0,0
tt2170299,1,0,0,0,0,0
tt2170439,1,0,0,0,0,0
tt2171867,1,0,0,0,0,0
tt2172935,1,0,0,0,0,0
tt2177771,1,0,1,0,0,0
tt2178470,0,0,0,0,0,1
tt2179136,1,0,0,0,0,0
tt2180411,1,0,0,0,0,0
tt2181931,0,0,0,0,0,1
tt2182972,1,0,0,0,0,0
tt2183034,1,0,0,0,0,0
tt2184339,1,0,1,0,0,0
tt2187153,0,0,0,0,0,1
tt2191701,1,0,0,0,0,0
tt2193215,1,0,0,0,0,0
tt2199571,1,0,0,0,0,0
tt2199711,0,0,0,0,0,1
tt2203939,1,0,0,0,0,0
tt2209418,1,0,0,0,0,0
tt2209764,1,0,0,1,0,0
tt2210834,1,0,1,0,0,0
tt2223990,1,0,0,0,0,0
tt2224004,1,0,0,0,0,0
tt2224026,1,0,0,0,0,0
tt2224317,0,0,0,0,0,1
tt2226666,0,0,0,0,0,1
tt2229848,0,0,0,0,0,1
tt2234155,1,0,0,0,0,0
tt2239832,1,0,0,0,0,0
tt2239866,0,0,0,0,0,1
tt2243389,0,1,0,0,0,0
tt2243537,1,0,0,0,0,0
tt2243621,0,0,1,0,0,0
tt2244376,0,0,0,0,0,1
tt2245084,1,0,0,0,0,0
tt2247476,1,0,0,0,0,0
tt2247692,1,0,0,0,0,0
tt2262227,1,0,0,0,0,0
tt2265171,1,0,0,0,0,0
tt2267998,1,0,0,0,0,0
tt2268016,1,0,0,0,0,0
tt2278388,1,0,1,0,0,0
tt2278871,0,1,1,0,0,0
tt2279339,1,0,0,0,0,0
tt2279373,1,0,0,0,0,0
tt2281587,1,0,0,0,0,0
tt2292959,1,0,0,0,0,0
tt2293640,1,0,0,0,0,0
tt2294449,1,0,0,0,0,0
tt2294629,1,0,0,0,0,0
tt2294677,1,0,0,0,0,0
tt2295196,1,0,0,0,1,0
tt2299842,0,0,0,1,0,0
tt2302755,1,0,0,0,0,0
tt2304517,1,0,0,0,0,0
tt2304655,0,0,0,0,0,1
tt2304771,1,0,0,0,0,0
tt2305051,1,0,0,0,0,0
tt2309260,1,0,0,0,0,0
tt2309961,1,0,0,0,0,0
tt2310332,1,0,0,0,0,0
tt2312718,1,0,0,0,0,0
tt2316801,0,0,1,0,0,0
tt2318092,1,0,0,0,0,0
tt2319580,1,0,0,0,0,0
tt2321549,1,0,0,0,0,0
tt2322441,1,0,0,0,0,0
tt2326554,1,0,0,0,0,0
tt2328813,0,0,1,0,0,0
tt2333784,1,0,1,0,0,0
tt2334873,1,0,0,0,0,0
tt2334879,1,0,0,0,0,0
tt2338151,0,0,0,0,0,1
tt2339741,1,0,0,0,0,0
tt2343793,1,0,1,0,0,0
tt2345112,1,0,0,0,0,0
tt2345561,0,0,0,0,0,1
tt2345737,1,0,0,0,0,0
tt2350496,1,0,1,0,0,0
tt2355495,1,0,0,0,0,0
tt2355765,0,0,0,0,0,1
tt2356180,0,0,0,0,0,1
tt2357129,1,0,0,0,0,0
tt2357291,1,0,0,0,0,0
tt2357377,0,0,0,1,0,0
tt2357926,0,0,0,0,0,1
tt2358592,0,0,0,0,0,1
tt2358891,0,0,1,0,0,0
tt2358925,1,0,0,0,0,0
tt2363047,0,0,0,0,0,1
tt2363213,0,0,1,0,0,0
tt2364841,1,0,0,0,0,0
tt2369135,1,0,1,0,0,0
tt2371486,0,0,0,1,0,0
tt2377938,0,0,0,0,0,1
tt2378281,0,0,0,0,0,1
tt2379713,1,0,0,0,0,0
tt2381249,1,0,0,1,0,0
tt2381941,1,1,0,0,0,0
tt2382396,1,0,0,0,0,0
tt2386502,1,0,0,0,0,0
tt2387433,1,0,0,0,0,0
tt2387559,1,0,0,0,0,0
tt2388715,1,0,0,0,0,0
tt2389344,0,0,0,0,0,1
tt2395427,1,0,0,0,0,0
tt2397535,1,0,0,0,0,0
tt2398143,0,1,1,0,0,0
tt2402157,1,0,0,0,0,0
tt2403021,1,0,0,0,0,0
tt2404181,1,0,0,0,0,0
tt2404311,1,0,1,0,0,0
tt2404461,0,0,1,0,0,0
tt2404463,1,0,0,0,0,0
tt2407826,0,0,0,0,0,1
tt2424988,0,0,0,0,0,1
tt2425542,0,0,0,0,0,1
tt2431286,1,0,1,0,0,0
tt2436386,1,0,0,0,0,0
tt2446042,0,0,1,0,0,0
tt2446980,1,0,0,0,0,0
tt2452254,0,0,1,0,0,0
tt2456720,0,0,1,0,0,0
tt2459022,0,0,0,1,0,0
tt2463288,1,0,0,0,0,0
tt2465146,1,0,0,0,0,0
tt2465578,0,0,1,0,0,0
tt2467046,1,0,0,0,0,0
tt2473510,1,0,0,0,0,0
tt2473682,1,0,0,0,0,0
tt2476154,0,0,0,0,0,1
tt2488496,1,0,0,0,0,0
tt2494384,1,1,1,0,0,0
tt2495104,1,0,0,0,0,0
tt2510894,1,0,0,0,0,0
tt2515034,1,1,1,0,0,0
tt2523600,0,0,1,0,0,0
tt2526660,0,0,0,0,0,1
tt2528814,1,0,0,0,0,0
tt2550838,0,0,1,0,0,0
tt2555736,1,0,0,0,0,0
tt2555958,0,0,0,0,0,1
tt2561572,1,0,0,0,0,0
tt2562232,1,0,0,0,0,0
tt2572764,0,0,1,0,0,0
tt2576852,0,0,0,1,0,0
tt2581244,1,0,0,0,0,0
tt2582802,1,0,0,0,0,0
tt2582846,1,0,0,0,0,0
tt2585840,0,0,1,0,0,0
tt2626350,1,0,0,0,0,0
tt2637276,1,0,0,0,0,0
tt2637294,1,0,0,0,0,0
tt2639254,1,0,0,0,0,0
tt2643308,0,0,1,0,0,0
tt2667960,1,0,1,0,0,0
tt2668134,0,0,0,1,0,0
tt2678948,0,0,0,0,0,1
tt2692250,1,0,0,0,0,0
tt2692904,1,0,0,0,0,0
tt2699290,0,0,0,0,0,1
tt2707858,0,0,1,0,0,0
tt2713180,1,0,0,1,0,0
tt2717558,0,0,0,0,0,1
tt2717822,1,0,0,0,0,0
tt2718492,1,0,1,0,0,0
tt2719848,1,0,0,0,0,0
tt2720680,1,0,1,0,0,0
tt2726560,1,0,0,0,0,0
tt2737050,0,0,1,0,0,0
tt2752758,1,0,0,0,0,0
tt2771372,1,0,0,0,0,0
tt2788710,1,0,0,0,0,0
tt2799166,1,0,0,0,0,0
tt2800038,1,0,0,0,0,0
tt2802144,1,0,0,0,0,0
tt2820852,1,0,0,1,0,0
tt2844798,0,0,1,0,0,0
tt2848292,1,0,0,0,0,0
tt2855648,0,0,0,0,0,1
tt2869728,1,0,0,0,0,0
tt2870612,1,0,0,0,0,0
tt2870708,1,0,0,0,0,0
tt2872718,1,0,0,0,0,0
tt2872732,1,0,1,0,0,0
tt2877108,0,0,0,0,0,1
tt2883434,1,0,0,0,0,0
tt2883512,1,0,0,0,0,0
tt2888046,0,0,0,0,0,1
tt2908446,1,0,0,0,0,0
tt2908856,1,0,1,0,0,0
tt2909116,0,0,1,1,0,0
tt2910814,1,0,0,0,0,0
tt2911666,1,0,0,0,0,0
tt2918436,1,0,0,0,0,0
tt2933544,1,0,0,0,0,0
tt2967224,1,0,0,0,0,0
tt2975578,1,0,1,0,0,0
tt2978462,1,0,0,0,0,0
tt2980516,1,0,0,0,0,0
tt2980648,1,0,0,0,1,0
tt2980706,1,0,0,0,0,0
tt3007512,1,0,0,0,0,0
tt3014666,1,0,0,0,0,0
tt3018070,1,0,0,0,0,0
tt3037582,0,0,0,0,0,1
tt3045616,1,0,0,0,0,0
tt3063516,1,0,0,0,0,0
tt3075360,0,0,0,0,0,1
tt3076658,1,0,0,0,0,0
tt3079380,1,0,0,0,0,0
tt3098306,0,0,1,0,0,0
tt3099498,1,0,0,0,0,0
tt3125324,1,0,0,0,0,0
tt3142232,0,0,0,0,0,1
tt3170832,1,0,0,0,0,0
tt3177316,1,0,0,0,0,0
tt3181822,1,0,0,0,0,0
tt3195644,1,0,0,0,0,0
tt3202120,0,0,1,0,0,0
tt3210686,1,0,0,0,0,0
tt3233224,0,0,0,0,0,1
tt3235888,1,0,0,0,0,0
tt3258080,0,0,0,0,0,1
tt3259320,0,0,0,1,0,0
tt3274666,0,0,1,0,0,0
tt3284618,0,0,1,0,0,0
tt3298690,0,0,1,0,0,0
tt3312830,1,0,1,0,0,0
tt3316960,1,0,1,0,0,0
tt3321428,0,1,0,0,0,0
tt3322364,1,0,0,0,0,0
tt3322940,1,0,0,0,0,0
tt3331846,1,0,0,1,0,0
tt3399024,0,0,1,0,0,0
tt3433074,1,0,0,0,0,0
tt3442006,1,0,0,0,0,0
tt3450650,1,0,0,0,0,0
tt3451498,0,0,1,0,0,0
tt3534602,1,0,0,0,0,0
tt3541262,0,0,0,1,0,0
tt3612616,1,0,0,0,0,0
tt3622592,1,0,0,0,0,0
tt3659388,1,0,0,0,0,0
tt3668162,0,0,0,0,0,1
tt3713166,1,0,0,0,0,0
tt3781476,0,0,0,1,0,0
tt3788918,0,0,0,0,0,1
tt3819668,0,0,0,1,0,0
tt3850214,1,0,0,0,0,0
tt3850590,1,0,0,0,0,0
tt3966404,0,0,1,0,1,0
tt4046784,1,0,0,0,0,0
tt4110568,0,0,0,0,0,1
tt4164458,0,0,0,1,0,0
tt4164468,0,0,0,1,0,0
tt4187590,0,0,1,0,0,0
tt4228746,0,0,0,0,0,1
tt4258292,0,0,0,0,0,1
tt4263482,1,0,0,0,0,0
tt4271820,0,0,0,0,0,1
tt4387040,0,0,0,0,0,1
tt4442758,0,0,0,0,0,1
tt4523112,0,0,0,0,0,1
tt4537362,0,0,1,0,0,0
tt4644382,0,0,0,1,0,0
tt4686604,0,0,1,0,0,0
tt4714204,0,0,1,0,0,0
tt4761270,0,0,1,0,0,0
tt4806232,0,0,0,0,0,1
tt4881242,0,0,0,0,0,1
tt5190958,0,0,0,0,0,1
