tt0035423,0,0
tt0081145,0,0
tt0094666,0,0
tt0094900,0,0
tt0094908,0,0
tt0095878,0,0
tt0096154,0,0
tt0096177,0,0
tt0096786,0,0
tt0096806,0,0
tt0096837,0,0
tt0096871,0,0
tt0096875,0,0
tt0096954,0,0
tt0096995,0,0
tt0097004,0,0
tt0097106,0,0
tt0097115,0,0
tt0097129,0,0
tt0097184,0,0
tt0097298,0,0
tt0097339,0,0
tt0097365,0,0
tt0097429,0,0
tt0097516,0,0
tt0097522,0,0
tt0097573,0,0
tt0097631,0,0
tt0097655,0,0
tt0097668,0,0
tt0097775,0,0
tt0097874,0,0
tt0097884,0,0
tt0097891,0,0
tt0097910,0,0
tt0097994,0,0
tt0098043,0,0
tt0098069,0,0
tt0098136,0,0
tt0098199,0,0
tt0098211,0,0
tt0098293,0,0
tt0098372,0,0
tt0098375,0,0
tt0098658,0,0
tt0098959,0,0
tt0098966,0,0
tt0098968,0,0
tt0098987,49000000,20423389
tt0098994,0,0
tt0098995,0,0
tt0098996,0,0
tt0099004,0,0
tt0099005,0,0
tt0099012,0,0
tt0099017,0,0
tt0099018,0,0
tt0099026,0,0
tt0099039,0,855810
tt0099040,0,0
tt0099044,38000000,153518974
tt0099052,31000000,53208180
tt0099054,0,0
tt0099059,0,0
tt0099073,0,0
tt0099077,0,52096475
tt0099085,0,0
tt0099088,40000000,244527583
tt0099090,0,0
tt0099091,0,0
tt0099092,0,0
tt0099108,2500000,0
tt0099128,0,19740070
tt0099134,0,0
tt0099136,0,59
tt0099141,0,0
tt0099151,0,0
tt0099153,0,0
tt0099155,0,0
tt0099164,0,0
tt0099165,47000000,15691192
tt0099166,0,0
tt0099173,2000000,0
tt0099184,0,0
tt0099187,0,0
tt0099188,0,0
tt0099197,0,0
tt0099204,0,27575086
tt0099223,0,0
tt0099225,0,0
tt0099227,0,0
tt0099236,0,0
tt0099250,0,0
tt0099253,13000000,35763605
tt0099259,0,0
tt0099260,0,0
tt0099266,0,0
tt0099268,0,0
tt0099271,0,0
tt0099280,0,0
tt0099291,0,0
tt0099292,0,1244381
tt0099295,0,0
tt0099310,0,715
tt0099312,0,0
tt0099313,0,0
tt0099316,0,0
tt0099319,0,0
tt0099321,0,0
tt0099327,0,1
tt0099328,0,0
tt0099329,11000000,8266343
tt0099332,0,0
tt0099334,0,0
tt0099341,0,0
tt0099342,0,1373728
tt0099348,22000000,424208848
tt0099364,0,0
tt0099365,16000000,48878502
tt0099368,0,0
tt0099371,60000000,157920733
tt0099374,0,0
tt0099375,0,0
tt0099376,0,0
tt0099385,0,16853487
tt0099388,0,0
tt0099390,0,0
tt0099391,0,0
tt0099395,0,2
tt0099397,0,0
tt0099399,0,6698361
tt0099401,0,0
tt0099405,0,0
tt0099407,NF,NF
tt0099409,0,0
tt0099422,47000000,103738726
tt0099423,70000000,240031094
tt0099430,0,0
tt0099441,0,0
tt0099445,0,0
tt0099450,0,0
tt0099459,0,0
tt0099460,0,2346150
tt0099462,0,0
tt0099472,0,0
tt0099474,0,0
tt0099480,0,0
tt0099487,20000000,53000000
tt0099493,0,0
tt0099502,0,0
tt0099506,0,0
tt0099512,0,0
tt0099520,0,0
tt0099523,0,0
tt0099524,140000,0
tt0099528,0,39024251
tt0099541,NF,NF
tt0099546,500000,0
tt0099554,0,0
tt0099557,0,0
tt0099558,0,0
tt0099564,0,0
tt0099566,0,1494399
tt0099568,0,0
tt0099572,0,0
tt0099575,22000000,0
tt0099577,0,0
tt0099578,10000000,22424195
tt0099581,0,6488144
tt0099582,26000000,61308153
tt0099587,35000000,0
tt0099594,NF,NF
tt0099595,0,0
tt0099606,0,0
tt0099610,0,0
tt0099611,2500000,205068
tt0099612,0,0
tt0099615,0,0
tt0099622,0,0
tt0099623,0,0
tt0099625,0,0
tt0099636,0,0
tt0099637,100000,0
tt0099642,0,0
tt0099649,0,0
tt0099653,22000000,505000000
tt0099654,0,24707633
tt0099669,0,0
tt0099674,54000000,136766062
tt0099675,0,0
tt0099685,25000000,46836394
tt0099691,0,0
tt0099697,10500000,11582891
tt0099699,0,29888235
tt0099700,50000000,41482207
tt0099701,0,0
tt0099703,0,13446769
tt0099704,0,0
tt0099710,0,17037887
tt0099720,0,0
tt0099721,0,0
tt0099726,0,20710451
tt0099731,0,0
tt0099732,0,0
tt0099733,0,0
tt0099739,10000000,47410000
tt0099740,1500000,5728953
tt0099742,0,0
tt0099743,0,1547867
tt0099747,40000000,9243140
tt0099750,0,4100000
tt0099751,0,0
tt0099753,0,0
tt0099762,0,11567449
tt0099768,0,1030938
tt0099772,0,0
tt0099776,0,0
tt0099783,0,0
tt0099785,18000000,476684675
tt0099796,0,0
tt0099797,0,1293976
tt0099800,2500000,26386000
tt0099810,30000000,200512643
tt0099814,0,0
tt0099816,0,0
tt0099817,7000000,9229401
tt0099819,0,0
tt0099822,0,0
tt0099826,0,0
tt0099829,0,0
tt0099832,0,2544504
tt0099839,NF,NF
tt0099841,0,0
tt0099845,0,0
tt0099849,0,0
tt0099850,0,0
tt0099856,0,0
tt0099857,0,0
tt0099871,25000000,25965144
tt0099875,0,0
tt0099878,0,20
tt0099879,0,0
tt0099892,0,39404261
tt0099902,0,0
tt0099904,0,0
tt0099932,0,0
tt0099936,0,0
tt0099938,15000000,201957688
tt0099951,0,0
tt0099969,0,0
tt0099980,0,0
tt0099982,0,0
tt0099983,0,0
tt0099984,0,0
tt0099991,0,0
tt0100024,0,0
tt0100029,6000000,24078196
tt0100031,0,0
tt0100034,0,0
tt0100036,0,0
tt0100039,0,0
tt0100046,0,0
tt0100050,0,0
tt0100052,0,0
tt0100053,0,0
tt0100054,0,0
tt0100056,0,0
tt0100065,0,0
tt0100067,0,0
tt0100087,0,0
tt0100100,0,0
tt0100102,0,0
tt0100107,0,0
tt0100108,0,0
tt0100112,0,0
tt0100114,12000000,46044400
tt0100119,0,0
tt0100122,95,0
tt0100123,0,0
tt0100128,0,0
tt0100129,5000000,485772
tt0100130,0,0
tt0100133,23000000,0
tt0100134,0,0
tt0100135,0,0
tt0100139,0,0
tt0100140,31000000,35419397
tt0100142,225000,0
tt0100143,0,0
tt0100148,0,0
tt0100150,14000000,5080409
tt0100151,0,0
tt0100152,1000000,0
tt0100156,0,0
tt0100157,20000000,61276872
tt0100161,0,0
tt0100168,10000000,16153593
tt0100169,0,0
tt0100171,0,0
tt0100172,0,0
tt0100173,0,0
tt0100175,0,0
tt0100196,0,0
tt0100200,0,0
tt0100201,20000000,15379253
tt0100212,0,0
tt0100222,0,0
tt0100224,0,0
tt0100232,0,0
tt0100240,32000000,16283667
tt0100247,0,0
tt0100251,0,0
tt0100256,0,0
tt0100257,0,0
tt0100258,4200000,5835247
tt0100259,0,0
tt0100260,11,8
tt0100262,0,0
tt0100263,0,5000000
tt0100266,0,0
tt0100280,0,0
tt0100281,0,0
tt0100284,0,0
tt0100291,0,0
tt0100301,0,11
tt0100317,0,0
tt0100318,0,29381956
tt0100324,0,0
tt0100330,0,0
tt0100342,0,0
tt0100343,0,0
tt0100347,0,0
tt0100369,2000000,0
tt0100389,0,0
tt0100393,0,0
tt0100395,0,0
tt0100403,35000000,57120318
tt0100404,0,221303188
tt0100405,14000000,463000000
tt0100410,0,0
tt0100411,NF,NF
tt0100414,0,0
tt0100419,10,53
tt0100430,0,0
tt0100436,0,11541758
tt0100438,0,0
tt0100440,0,0
tt0100442,0,0
tt0100448,0,0
tt0100449,0,0
tt0100455,0,0
tt0100456,10000000,0
tt0100466,0,0
tt0100469,0,0
tt0100470,0,0
tt0100475,0,0
tt0100476,0,0
tt0100477,37931000,27931461
tt0100480,0,0
tt0100485,0,15645616
tt0100486,0,15445131
tt0100488,0,0
tt0100497,0,0
tt0100502,35000000,45681173
tt0100504,0,0
tt0100506,0,0
tt0100507,42000000,119946358
tt0100514,0,0
tt0100519,0,0
tt0100528,0,0
tt0100529,0,0
tt0100530,22997992,0
tt0100557,0,0
tt0100586,0,0
tt0100588,0,0
tt0100589,0,0
tt0100594,25000000,2075084
tt0100595,0,0
tt0100597,0,0
tt0100602,0,0
tt0100604,0,0
tt0100606,0,0
tt0100608,0,458996
tt0100611,0,0
tt0100613,0,0
tt0100618,0,0
tt0100620,0,0
tt0100631,0,8533973
tt0100633,0,0
tt0100637,0,0
tt0100649,55000000,0
tt0100659,0,0
tt0100665,0,0
tt0100666,3000000,15369573
tt0100670,0,0
tt0100672,130000,0
tt0100680,0,0
tt0100681,0,0
tt0100685,0,0
tt0100688,0,0
tt0100691,0,20240128
tt0100695,0,0
tt0100705,0,0
tt0100706,0,0
tt0100707,0,0
tt0100708,0,0
tt0100723,0,0
tt0100728,0,0
tt0100740,3,16
tt0100747,0,0
tt0100758,13500000,201965915
tt0100765,0,0
tt0100771,0,0
tt0100774,0,0
tt0100786,0,0
tt0100791,0,0
tt0100797,0,0
tt0100800,0,0
tt0100802,65000000,261317921
tt0100808,0,0
tt0100814,11000000,48572000
tt0100822,0,0
tt0100826,0,0
tt0100827,9000000,0
tt0100828,19000000,10000000
tt0100851,0,0
tt0100867,0,0
tt0100871,0,0
tt0100873,0,0
tt0100879,0,0
tt0100888,0,0
tt0100899,0,0
tt0100904,0,0
tt0100906,0,0
tt0100911,0,0
tt0100917,0,0
tt0100924,0,0
tt0100926,0,0
tt0100928,0,0
tt0100931,0,0
tt0100944,0,0
tt0100946,0,1218730
tt0100949,0,0
tt0100950,0,0
tt0100958,0,0
tt0100963,0,0
tt0100967,0,0
tt0100973,2068041,0
tt0100975,0,0
tt0100990,0,0
tt0100994,20,0
tt0100998,0,0
tt0101004,0,0
tt0101005,0,0
tt0101020,0,4303351
tt0101025,0,2000000
tt0101136,0,0
tt0101242,0,0
tt0101252,0,0
tt0101255,0,0
tt0101256,0,0
tt0101264,0,0
tt0101268,0,0
tt0101272,30000000,191502426
tt0101273,1000000,0
tt0101276,0,0
tt0101301,0,14812000
tt0101309,0,0
tt0101316,0,0
tt0101317,2356000,0
tt0101318,0,0
tt0101320,0,0
tt0101324,0,0
tt0101325,0,0
tt0101326,0,0
tt0101327,0,0
tt0101328,0,0
tt0101329,0,0
tt0101343,0,402539
tt0101356,17000000,0
tt0101368,0,0
tt0101369,0,0
tt0101371,18000000,6375979
tt0101372,0,0
tt0101373,36000000,1345903
tt0101390,0,0
tt0101391,0,0
tt0101393,75000000,152368585
tt0101399,52000,0
tt0101404,0,184
tt0101409,0,0
tt0101410,9000000,6153939
tt0101412,0,0
tt0101413,0,0
tt0101414,25000000,377350553
tt0101416,0,0
tt0101436,0,0
tt0101444,0,0
tt0101445,0,0
tt0101448,0,0
tt0101452,0,0
tt0101453,48000000,0
tt0101455,0,0
tt0101458,23000000,0
tt0101464,0,0
tt0101465,0,0
tt0101469,0,0
tt0101478,0,0
tt0101481,0,35154
tt0101482,0,0
tt0101483,0,0
tt0101486,0,0
tt0101489,0,0
tt0101492,0,0
tt0101497,0,0
tt0101500,0,0
tt0101501,0,0
tt0101507,6500000,57504069
tt0101509,0,0
tt0101510,0,0
tt0101516,30000000,0
tt0101518,0,0
tt0101523,0,0
tt0101524,0,0
tt0101529,0,0
tt0101531,0,0
tt0101536,0,0
tt0101540,35000000,182300000
tt0101545,0,0
tt0101549,0,0
tt0101550,0,0
tt0101560,0,0
tt0101566,0,0
tt0101576,0,0
tt0101578,0,0
tt0101579,0,0
tt0101587,26000000,124033791
tt0101588,0,0
tt0101590,0,0
tt0101591,0,0
tt0101592,0,0
tt0101593,0,0
tt0101595,0,135893
tt0101597,0,0
tt0101599,0,0
tt0101605,0,0
tt0101606,0,1501785
tt0101608,0,0
tt0101615,6000000,1193062
tt0101622,0,0
tt0101625,0,0
tt0101627,0,0
tt0101628,0,0
tt0101629,0,0
tt0101635,0,0
tt0101636,0,0
tt0101640,0,0
tt0101646,0,0
tt0101652,0,0
tt0101653,0,0
tt0101658,0,0
tt0101660,0,0
tt0101664,0,0
tt0101669,0,38016380
tt0101672,0,0
tt0101675,0,0
tt0101677,0,0
tt0101678,0,0
tt0101684,0,0
tt0101685,0,0
tt0101688,0,0
tt0101692,0,0
tt0101694,0,0
tt0101695,0,0
tt0101698,0,0
tt0101700,4000000,13760640
tt0101701,18000000,5546827
tt0101702,0,0
tt0101703,0,0
tt0101704,NF,NF
tt0101707,0,0
tt0101725,0,31815
tt0101726,0,0
tt0101735,0,0
tt0101741,0,0
tt0101744,0,0
tt0101745,0,0
tt0101746,0,0
tt0101747,0,0
tt0101748,0,0
tt0101751,0,0
tt0101753,0,0
tt0101757,10000000,25196249
tt0101758,0,0
tt0101761,38000000,34416893
tt0101764,15000000,30102717
tt0101765,0,1999955
tt0101775,0,13
tt0101776,0,0
tt0101786,17000000,4603929
tt0101787,0,0
tt0101797,0,0
tt0101798,0,694438
tt0101809,0,0
tt0101811,0,13200170
tt0101812,0,0
tt0101821,0,0
tt0101829,0,0
tt0101831,0,0
tt0101834,0,0
tt0101842,0,0
tt0101844,0,0
tt0101846,16400000,0
tt0101852,0,0
tt0101857,0,0
tt0101858,NF,NF
tt0101860,0,0
tt0101862,0,89325780
tt0101863,0,0
tt0101866,0,0
tt0101869,0,0
tt0101871,0,0
tt0101874,0,0
tt0101876,0,0
tt0101879,0,0
tt0101880,NF,NF
tt0101882,0,0
tt0101889,24000000,41895491
tt0101891,0,0
tt0101897,0,0
tt0101898,0,2415396
tt0101902,40000000,23202444
tt0101906,0,0
tt0101912,0,22773535
tt0101917,11000000,34872033
tt0101921,11000000,80100000
tt0101931,0,0
tt0101951,0,0
tt0101969,0,0
tt0101982,0,0
tt0101983,0,0
tt0101984,0,0
tt0101988,0,0
tt0101991,0,0
tt0101997,0,0
tt0101998,0,0
tt0102002,0,0
tt0102004,0,65595485
tt0102005,23000000,0
tt0102011,0,0
tt0102014,0,4
tt0102015,0,0
tt0102034,30000000,15556340
tt0102035,0,0
tt0102036,NF,NF
tt0102043,0,0
tt0102045,0,4654288
tt0102048,0,0
tt0102050,0,0
tt0102057,70000000,300854823
tt0102059,26000000,181096164
tt0102060,0,0
tt0102062,0,0
tt0102065,0,0
tt0102067,0,0
tt0102070,65000000,17218080
tt0102072,0,0
tt0102076,0,0
tt0102095,0,7788597
tt0102101,0,0
tt0102103,0,0
tt0102112,NF,NF
tt0102115,0,0
tt0102116,7000000,191125
tt0102117,0,0
tt0102122,0,0
tt0102125,0,0
tt0102128,0,0
tt0102138,40000000,205405498
tt0102141,0,0
tt0102159,0,0
tt0102164,0,0
tt0102167,0,0
tt0102170,0,0
tt0102174,0,0
tt0102175,14000000,32482682
tt0102178,0,3106559
tt0102181,11000000,0
tt0102187,0,0
tt0102194,NF,NF
tt0102202,0,1250712
tt0102205,0,0
tt0102208,0,0
tt0102211,0,0
tt0102212,0,0
tt0102213,0,0
tt0102216,0,0
tt0102217,0,0
tt0102220,0,15429177
tt0102221,0,0
tt0102250,0,0
tt0102266,29000000,59509925
tt0102267,0,0
tt0102271,0,0
tt0102273,0,0
tt0102275,0,0
tt0102279,0,0
tt0102283,0,0
tt0102285,700,0
tt0102288,0,0
tt0102293,0,0
tt0102299,0,0
tt0102300,0,0
tt0102301,0,0
tt0102303,0,0
tt0102307,5000000,0
tt0102309,0,0
tt0102313,0,0
tt0102315,0,0
tt0102316,0,0
tt0102322,0,5467959
tt0102328,0,0
tt0102329,0,0
tt0102331,0,0
tt0102340,0,2387928
tt0102341,0,0
tt0102342,0,0
tt0102343,0,754935
tt0102351,0,0
tt0102353,0,0
tt0102357,0,0
tt0102368,0,1942423
tt0102377,0,0
tt0102388,0,2853801
tt0102394,0,0
tt0102395,13000000,3752426
tt0102411,26000000,12454768
tt0102422,0,0
tt0102426,0,4532791
tt0102428,0,0
tt0102432,0,0
tt0102443,0,0
tt0102445,0,0
tt0102449,0,0
tt0102450,0,0
tt0102456,0,0
tt0102458,0,0
tt0102460,23000000,20246790
tt0102467,0,311245
tt0102469,8000000,0
tt0102482,2500000,0
tt0102484,0,0
tt0102486,0,0
tt0102492,16500000,0
tt0102493,0,0
tt0102494,2500000,0
tt0102495,0,0
tt0102500,0,0
tt0102510,23000000,86930411
tt0102511,16000000,0
tt0102512,0,0
tt0102517,0,0
tt0102526,8500000,47624253
tt0102535,0,0
tt0102536,0,2015810
tt0102543,1,0
tt0102555,0,0
tt0102558,40000000,8479793
tt0102565,0,0
tt0102573,0,0
tt0102583,0,0
tt0102587,0,0
tt0102590,0,0
tt0102591,0,0
tt0102592,0,1543112
tt0102593,0,0
tt0102595,0,0
tt0102598,0,21830957
tt0102603,35000000,23562716
tt0102609,0,0
tt0102614,14000000,39673161
tt0102616,0,0
tt0102625,0,0
tt0102631,34000000,18634643
tt0102638,0,0
tt0102647,0,0
tt0102652,0,0
tt0102655,0,0
tt0102676,0,0
tt0102685,24000000,83531958
tt0102687,250000,609524
tt0102690,0,0
tt0102691,0,0
tt0102703,0,0
tt0102710,0,0
tt0102713,0,0
tt0102715,0,0
tt0102719,0,0
tt0102721,0,524668
tt0102722,0,1750301
tt0102724,0,0
tt0102728,800000,0
tt0102729,0,0
tt0102741,0,0
tt0102744,0,0
tt0102749,8000000,10400000
tt0102750,0,0
tt0102753,7500000,6266621
tt0102757,1227401,1277401
tt0102761,0,0
tt0102766,0,0
tt0102768,0,0
tt0102782,11000000,2807854
tt0102789,0,0
tt0102793,0,0
tt0102795,0,0
tt0102797,0,0
tt0102798,48000000,390493908
tt0102802,18000000,11657385
tt0102803,42000000,62000000
tt0102806,0,0
tt0102812,0,0
tt0102813,0,0
tt0102817,0,0
tt0102818,16000000,4409328
tt0102820,0,0
tt0102829,0,0
tt0102832,0,0
tt0102842,0,0
tt0102848,0,14225876
tt0102849,3000000,9563393
tt0102860,0,0
tt0102861,0,0
tt0102864,0,0
tt0102879,0,0
tt0102882,0,0
tt0102888,0,0
tt0102898,0,0
tt0102900,22000000,11511031
tt0102910,0,0
tt0102913,0,3547684
tt0102914,0,0
tt0102915,8000000,2275557
tt0102926,19000000,272742922
tt0102940,0,0
tt0102943,0,0
tt0102945,19000000,174999005
tt0102951,0,36489888
tt0102960,0,0
tt0102961,0,0
tt0102962,0,0
tt0102969,0,0
tt0102975,27000000,96900000
tt0102979,0,0
tt0102984,0,0
tt0102988,0,0
tt0102989,0,0
tt0102994,0,0
tt0102996,0,7683267
tt0103002,0,0
tt0103003,0,0
tt0103006,0,0
tt0103007,22000000,11000863
tt0103014,0,0
tt0103015,0,382510
tt0103016,0,0
tt0103017,0,0
tt0103030,0,1710057
tt0103033,0,0
tt0103035,0,0
tt0103036,0,0
tt0103039,0,978
tt0103044,0,0
tt0103055,0,0
tt0103057,0,0
tt0103060,25000000,78
tt0103064,100000000,520000000
tt0103069,0,0
tt0103074,16000000,45361000
tt0103080,0,0
tt0103090,0,0
tt0103100,0,0
tt0103105,0,0
tt0103108,0,0
tt0103111,0,0
tt0103112,0,15073942
tt0103116,0,0
tt0103124,0,0
tt0103125,0,0
tt0103128,0,0
tt0103129,0,0
tt0103130,0,0
tt0103141,0,0
tt0103143,0,0
tt0103157,0,0
tt0103158,0,0
tt0103176,0,0
tt0103184,0,0
tt0103190,0,138000
tt0103192,0,0
tt0103193,0,0
tt0103204,0,0
tt0103205,0,0
tt0103213,0,0
tt0103223,0,0
tt0103239,0,0
tt0103241,35000000,63710000
tt0103243,0,0
tt0103247,14000000,34793160
tt0103248,NF,NF
tt0103249,0,0
tt0103250,0,0
tt0103251,0,17487531
tt0103253,0,1008404
tt0103262,0,0
tt0103266,0,0
tt0103268,0,0
tt0103273,NF,NF
tt0103274,0,0
tt0103275,0,0
tt0103278,0,0
tt0103282,0,0
tt0103284,NF,NF
tt0103285,0,3826459
tt0103289,NF,NF
tt0103295,4439832,0
tt0103303,0,0
tt0103312,0,0
tt0103594,47000000,7191399
tt0103596,0,0
tt0103609,0,0
tt0103616,0,0
tt0103617,0,0
tt0103621,0,0
tt0103626,0,0
tt0103629,0,0
tt0103634,0,0
tt0103639,28000000,504050219
tt0103640,0,259
tt0103644,50000000,159773545
tt0103652,0,0
tt0103655,0,0
tt0103656,0,0
tt0103666,0,0
tt0103670,0,0
tt0103671,0,0
tt0103673,0,0
tt0103678,0,0
tt0103682,0,0
tt0103690,0,0
tt0103711,0,0
tt0103717,0,0
tt0103723,0,0
tt0103747,0,17530973
tt0103752,0,0
tt0103757,0,0
tt0103759,1000000,2019469
tt0103760,0,0
tt0103768,0,0
tt0103772,49000000,352927224
tt0103773,0,0
tt0103776,80000000,280000000
tt0103783,0,0
tt0103784,0,0
tt0103786,0,147214049
tt0103791,0,0
tt0103805,0,0
tt0103812,0,0
tt0103818,0,0
tt0103819,0,0
tt0103825,0,0
tt0103827,0,0
tt0103834,NF,NF
tt0103836,0,0
tt0103838,0,0
tt0103840,0,0
tt0103843,0,0
tt0103848,0,0
tt0103850,0,0
tt0103851,0,0
tt0103852,0,0
tt0103854,0,0
tt0103855,25000000,411006740
tt0103859,40000000,70100000
tt0103872,0,918239
tt0103873,3000000,242623
tt0103874,40000000,215862692
tt0103877,0,0
tt0103882,0,0
tt0103886,NF,NF
tt0103893,0,0
tt0103905,0,0
tt0103907,0,0
tt0103919,6000000,25792310
tt0103920,0,0
tt0103923,10000000,0
tt0103924,24000000,22518097
tt0103933,0,0
tt0103939,0,0
tt0103950,0,0
tt0103956,13000000,20560255
tt0103957,0,0
tt0103962,40000000,8251071
tt0103973,0,0
tt0103976,27000000,14683921
tt0103978,0,0
tt0103982,0,0
tt0103994,0,21665468
tt0104006,18000000,21591728
tt0104009,0,14110589
tt0104012,0,0
tt0104020,0,0
tt0104021,0,0
tt0104027,0,0
tt0104029,0,0
tt0104030,0,0
tt0104035,0,0
tt0104036,3705538,62548947
tt0104040,0,25105517
tt0104049,0,0
tt0104050,0,0
tt0104053,0,0
tt0104054,0,0
tt0104055,0,0
tt0104057,0,1
tt0104061,0,0
tt0104066,0,0
tt0104069,0,0
tt0104070,0,0
tt0104073,0,0
tt0104077,NF,NF
tt0104080,0,0
tt0104083,0,0
tt0104087,0,86
tt0104088,0,0
tt0104094,0,0
tt0104097,0,0
tt0104107,17000000,4836637
tt0104109,200000,300000
tt0104114,0,46434570
tt0104115,0,0
tt0104119,0,0
tt0104131,0,0
tt0104132,0,0
tt0104134,0,0
tt0104135,0,0
tt0104136,NF,NF
tt0104139,0,8403433
tt0104142,0,0
tt0104154,NF,NF
tt0104181,0,0
tt0104187,0,0
tt0104201,0,0
tt0104215,3000000,1200000
tt0104218,0,0
tt0104225,3,232
tt0104231,60000000,137783840
tt0104233,0,0
tt0104234,0,0
tt0104237,0,7532911
tt0104240,0,0
tt0104242,0,0
tt0104254,0,32710894
tt0104257,40000000,243240178
tt0104265,0,28590665
tt0104267,0,0
tt0104268,0,0
tt0104273,0,0
tt0104283,0,6132924
tt0104288,0,0
tt0104290,0,0
tt0104291,0,128000000
tt0104298,0,0
tt0104299,0,0
tt0104309,0,0
tt0104316,0,0
tt0104321,0,1345236
tt0104332,NF,NF
tt0104346,0,9
tt0104348,12500000,10725228
tt0104359,0,0
tt0104363,0,0
tt0104365,0,0
tt0104376,13000000,3721911
tt0104377,800000,0
tt0104379,0,0
tt0104389,11700000,88036683
tt0104391,0,0
tt0104409,5000000,12534961
tt0104412,42000000,0
tt0104418,0,0
tt0104423,0,0
tt0104427,35000000,0
tt0104428,0,0
tt0104431,18000000,358991681
tt0104433,0,0
tt0104437,40000000,58662452
tt0104438,25000000,0
tt0104443,0,0
tt0104444,0,0
tt0104449,0,0
tt0104452,0,0
tt0104454,0,25966555
tt0104461,0,0
tt0104466,0,0
tt0104469,0,0
tt0104485,0,0
tt0104487,0,0
tt0104499,0,0
tt0104500,NF,NF
tt0104503,0,256249
tt0104506,0,0
tt0104507,0,0
tt0104511,0,0
tt0104512,0,0
tt0104516,0,0
tt0104519,0,0
tt0104521,0,0
tt0104522,0,0
tt0104525,0,0
tt0104530,0,0
tt0104549,20000000,11390479
tt0104550,0,0
tt0104558,900000,20483423
tt0104561,0,0
tt0104567,500000,0
tt0104570,0,0
tt0104573,5000000,20146880
tt0104575,0,0
tt0104576,0,0
tt0104601,0,0
tt0104609,0,0
tt0104613,0,0
tt0104627,0,0
tt0104647,0,0
tt0104652,0,0
tt0104662,0,0
tt0104667,0,0
tt0104670,0,0
tt0104671,NF,NF
tt0104678,0,0
tt0104683,0,0
tt0104684,4500000,0
tt0104685,0,0
tt0104690,NF,NF
tt0104691,40000000,75505856
tt0104692,10000000,32101000
tt0104693,0,0
tt0104694,40000000,107458785
tt0104695,0,0
tt0104696,0,0
tt0104697,0,0
tt0104700,0,0
tt0104701,1,0
tt0104714,35000000,321731527
tt0104720,0,0
tt0104735,0,0
tt0104741,0,0
tt0104743,0,0
tt0104753,0,0
tt0104756,0,7286388
tt0104765,0,0
tt0104766,0,0
tt0104769,0,0
tt0104770,0,0
tt0104771,0,0
tt0104777,0,0
tt0104779,5000000,1862805
tt0104783,0,0
tt0104786,0,0
tt0104787,0,0
tt0104797,34000000,48169908
tt0104802,0,6742168
tt0104804,30,4
tt0104808,0,0
tt0104812,0,0
tt0104815,220000,2040920
tt0104822,0,0
tt0104823,0,0
tt0104831,0,0
tt0104833,0,0
tt0104835,0,0
tt0104837,0,0
tt0104839,40000000,0
tt0104850,40000000,14358033
tt0104855,0,0
tt0104864,0,0
tt0104868,10000000,50752337
tt0104870,0,0
tt0104875,0,0
tt0104879,0,0
tt0104892,0,1102469
tt0104897,17000000,0
tt0104905,0,0
tt0104917,0,0
tt0104922,0,0
tt0104926,0,20000000
tt0104928,43000000,13300000
tt0104938,0,0
tt0104940,0,27281507
tt0104942,0,0
tt0104952,11000000,52929168
tt0104954,0,0
tt0104966,0,0
tt0104976,0,0
tt0104981,0,0
tt0104984,0,0
tt0104987,0,0
tt0104990,15000000,0
tt0104997,0,0
tt0104998,0,0
tt0104999,0,0
tt0105001,0,0
tt0105009,0,135004
tt0105017,12000000,2280148
tt0105034,0,0
tt0105038,0,0
tt0105046,0,5101632
tt0105048,0,0
tt0105059,0,0
tt0105063,0,0
tt0105065,0,0
tt0105070,0,0
tt0105078,11000000,1659542
tt0105080,0,0
tt0105085,0,0
tt0105103,0,0
tt0105104,15000000,44065653
tt0105107,0,0
tt0105108,0,0
tt0105109,0,0
tt0105112,45000000,178051587
tt0105121,6000000,0
tt0105122,0,0
tt0105127,0,0
tt0105128,8000000,17092453
tt0105130,0,0
tt0105147,0,0
tt0105150,0,0
tt0105151,8000000,21706101
tt0105156,0,0
tt0105159,0,0
tt0105162,0,0
tt0105165,0,22697691
tt0105169,0,0
tt0105173,0,0
tt0105178,0,0
tt0105179,0,0
tt0105183,0,0
tt0105187,0,0
tt0105191,0,0
tt0105197,0,0
tt0105205,0,0
tt0105211,35000000,4651977
tt0105212,0,0
tt0105213,0,0
tt0105215,0,0
tt0105217,12000000,0
tt0105219,10000000,14356479
tt0105226,8000000,0
tt0105227,0,0
tt0105228,NF,NF
tt0105230,0,0
tt0105236,1200000,14661007
tt0105242,0,0
tt0105256,0,0
tt0105265,0,43440294
tt0105267,0,157645
tt0105275,0,0
tt0105287,0,396003
tt0105289,0,0
tt0105291,0,0
tt0105297,0,0
tt0105298,0,0
tt0105306,0,0
tt0105316,0,0
tt0105321,0,0
tt0105322,0,0
tt0105323,31000000,134095253
tt0105327,0,14715067
tt0105338,0,0
tt0105347,0,0
tt0105361,0,0
tt0105371,0,0
tt0105377,0,0
tt0105378,14000000,2735731
tt0105379,0,0
tt0105391,0,21621000
tt0105395,0,0
tt0105396,0,0
tt0105399,10000000,8359717
tt0105402,0,0
tt0105410,0,0
tt0105411,0,0
tt0105414,16000000,48017402
tt0105415,0,18472850
tt0105417,0,231605150
tt0105420,0,0
tt0105428,0,30524763
tt0105434,0,0
tt0105435,0,105232691
tt0105439,0,0
tt0105442,0,0
tt0105450,0,0
tt0105459,0,0
tt0105466,0,0
tt0105469,0,0
tt0105470,0,0
tt0105477,0,70611210
tt0105480,0,0
tt0105481,0,0
tt0105483,0,0
tt0105485,0,0
tt0105488,3000000,33946224
tt0105493,0,0
tt0105494,NF,NF
tt0105503,0,0
tt0105507,0,0
tt0105526,19000000,0
tt0105527,0,0
tt0105538,0,0
tt0105550,NF,NF
tt0105553,NF,NF
tt0105562,0,215500
tt0105566,0,0
tt0105569,0,0
tt0105572,0,0
tt0105573,0,0
tt0105577,0,0
tt0105583,0,0
tt0105585,0,0
tt0105592,0,0
tt0105593,0,0
tt0105594,0,0
tt0105597,0,0
tt0105605,0,0
tt0105616,0,0
tt0105619,0,0
tt0105622,0,0
tt0105629,0,23278931
tt0105631,0,3206713
tt0105632,0,0
tt0105635,0,0
tt0105636,0,0
tt0105643,0,0
tt0105645,0,0
tt0105659,0,0
tt0105660,0,0
tt0105665,10000000,4160851
tt0105666,0,0
tt0105676,0,0
tt0105678,0,0
tt0105680,0,0
tt0105681,0,0
tt0105690,35000000,156563139
tt0105691,0,221295
tt0105695,14000000,159157447
tt0105698,23000000,0
tt0105699,0,0
tt0105706,0,0
tt0105719,0,0
tt0105729,0,0
tt0105744,0,0
tt0105755,0,0
tt0105789,0,0
tt0105790,0,0
tt0105792,0,0
tt0105793,20000000,121697323
tt0105807,0,0
tt0105809,0,0
tt0105810,0,0
tt0105811,0,0
tt0105812,0,90753806
tt0105813,0,0
tt0105819,0,573904
tt0105820,0,0
tt0105824,29000000,5519569
tt0105827,0,0
tt0105829,NF,NF
tt0105833,0,0
tt0105834,0,0
tt0105836,0,0
tt0105839,0,0
tt0105851,0,0
tt0105871,0,0
tt0105885,0,0
tt0105900,0,0
tt0105916,0,0
tt0106174,0,0
tt0106185,0,0
tt0106188,0,0
tt0106216,0,0
tt0106220,0,48919043
tt0106223,0,0
tt0106226,34000000,32255440
tt0106233,2600000,2850263
tt0106246,32000000,36733909
tt0106257,0,0
tt0106258,0,0
tt0106262,1500000,0
tt0106264,0,0
tt0106265,0,0
tt0106266,0,0
tt0106273,0,0
tt0106278,0,0
tt0106279,0,0
tt0106280,0,0
tt0106292,0,0
tt0106302,NF,NF
tt0106307,19000000,0
tt0106308,11000000,0
tt0106309,0,0
tt0106315,0,8041049
tt0106317,0,0
tt0106323,0,0
tt0106332,0,0
tt0106333,0,0
tt0106334,0,0
tt0106339,0,0
tt0106340,0,0
tt0106350,0,0
tt0106353,NF,NF
tt0106356,0,0
tt0106359,0,0
tt0106364,6000000,5617391
tt0106366,300000,0
tt0106375,15000000,118243066
tt0106376,0,0
tt0106379,0,0
tt0106386,0,0
tt0106387,0,23202734
tt0106393,0,6500000
tt0106395,0,0
tt0106400,0,0
tt0106402,4800000,0
tt0106408,0,0
tt0106412,0,0
tt0106418,0,0
tt0106421,0,0
tt0106426,0,0
tt0106427,0,0
tt0106429,0,0
tt0106432,0,0
tt0106434,0,0
tt0106436,0,0
tt0106440,0,0
tt0106447,2500000,764083
tt0106449,0,0
tt0106450,0,0
tt0106451,0,0
tt0106452,13000000,428868
tt0106453,30000000,13273595
tt0106454,0,0
tt0106455,0,0
tt0106464,12000000,212483
tt0106466,0,0
tt0106469,35000000,0
tt0106470,0,0
tt0106471,0,0
tt0106475,0,0
tt0106479,0,0
tt0106489,22000000,17266971
tt0106500,0,17953778
tt0106505,13000000,2570145
tt0106519,30000000,36516012
tt0106521,1000000,1753979
tt0106524,0,0
tt0106527,0,0
tt0106529,0,0
tt0106536,0,0
tt0106537,0,0
tt0106543,0,0
tt0106544,0,0
tt0106557,900000,6980986
tt0106582,70000000,255000211
tt0106586,0,0
tt0106598,0,0
tt0106600,0,0
tt0106601,0,0
tt0106611,14000000,154864401
tt0106613,0,0
tt0106619,0,0
tt0106620,0,0
tt0106622,0,0
tt0106627,6000000,13609396
tt0106633,0,0
tt0106639,5000000,0
tt0106644,0,0
tt0106660,0,0
tt0106661,0,0
tt0106664,15000000,10611160
tt0106666,0,0
tt0106673,0,63000000
tt0106674,0,0
tt0106676,0,0
tt0106677,6900000,7993039
tt0106678,0,0
tt0106681,0,0
tt0106683,0,0
tt0106684,10000000,0
tt0106685,0,0
tt0106686,NF,NF
tt0106688,0,0
tt0106689,0,0
tt0106697,57000000,159055768
tt0106701,35000000,117270765
tt0106709,0,0
tt0106718,0,0
tt0106722,0,0
tt0106728,0,0
tt0106729,NF,NF
tt0106732,0,0
tt0106743,0,0
tt0106748,0,0
tt0106753,0,0
tt0106758,0,0
tt0106759,0,0
tt0106761,3500000,2341309
tt0106762,0,0
tt0106767,0,0
tt0106768,0,0
tt0106770,14000000,63513743
tt0106785,NF,NF
tt0106792,0,0
tt0106819,0,0
tt0106822,0,0
tt0106827,0,0
tt0106833,0,0
tt0106834,8000000,0
tt0106837,0,0
tt0106850,0,0
tt0106852,0,0
tt0106856,25000000,40903593
tt0106860,0,0
tt0106868,0,12890752
tt0106873,0,0
tt0106874,0,0
tt0106877,0,3418141
tt0106878,0,0
tt0106880,0,0
tt0106881,0,0
tt0106902,0,0
tt0106905,0,0
tt0106906,0,0
tt0106911,0,0
tt0106912,19885552,19724334
tt0106914,0,0
tt0106915,0,0
tt0106918,42000000,270248367
tt0106921,0,0
tt0106922,0,0
tt0106925,0,0
tt0106926,0,9488998
tt0106934,0,0
tt0106936,0,3956913
tt0106937,0,2967668
tt0106941,30000000,11146270
tt0106947,0,0
tt0106950,8000000,6739141
tt0106951,0,0
tt0106963,0,0
tt0106965,20000000,153698625
tt0106966,0,0
tt0106970,0,0
tt0106976,0,0
tt0106977,40000000,368875760
tt0106979,0,0
tt0106980,0,0
tt0106983,0,0
tt0107002,0,0
tt0107004,35000000,18635620
tt0107007,0,25000000
tt0107009,0,0
tt0107025,0,0
tt0107027,9500000,0
tt0107034,17000000,44456478
tt0107035,0,0
tt0107042,0,0
tt0107047,0,0
tt0107048,14600000,70906973
tt0107050,0,0
tt0107057,0,22886222
tt0107076,18000000,74189677
tt0107079,0,0
tt0107084,0,0
tt0107088,0,0
tt0107090,0,0
tt0107091,0,0
tt0107096,33000000,0
tt0107099,0,0
tt0107101,0,0
tt0107107,0,0
tt0107110,NF,NF
tt0107117,0,0
tt0107120,28000000,39514713
tt0107130,12000000,0
tt0107131,0,0
tt0107144,25000000,133752825
tt0107146,0,667
tt0107147,0,0
tt0107148,0,0
tt0107151,25000000,6265311
tt0107152,0,0
tt0107156,1000000,6933459
tt0107162,0,0
tt0107164,0,0
tt0107179,0,93623
tt0107182,0,0
tt0107183,0,0
tt0107199,0,0
tt0107205,0,0
tt0107206,40000000,176997168
tt0107207,13000000,65796862
tt0107209,0,810455
tt0107210,0,0
tt0107211,38000000,266614059
tt0107212,0,0
tt0107220,0,0
tt0107222,0,0
tt0107225,0,0
tt0107233,0,0
tt0107242,750000,0
tt0107244,0,0
tt0107247,0,0
tt0107254,3000000,15
tt0107263,NF,NF
tt0107273,0,0
tt0107277,18000000,1528163
tt0107282,11000000,32861136
tt0107284,2,0
tt0107286,0,12136938
tt0107290,63000000,920100000
tt0107292,0,0
tt0107302,9000000,2395231
tt0107316,0,0
tt0107319,1200000,0
tt0107322,0,0
tt0107333,0,0
tt0107349,0,0
tt0107357,0,0
tt0107362,85000000,137298489
tt0107368,0,0
tt0107370,0,0
tt0107372,0,0
tt0107378,NF,NF
tt0107387,900000,8556940
tt0107392,0,0
tt0107401,0,0
tt0107413,0,0
tt0107417,0,0
tt0107420,NF,NF
tt0107426,35000000,4858139
tt0107427,0,0
tt0107430,0,0
tt0107438,0,0
tt0107443,0,0
tt0107445,0,0
tt0107447,0,0
tt0107448,0,0
tt0107449,0,0
tt0107451,0,0
tt0107464,500000,0
tt0107468,0,1499795
tt0107473,0,11081586
tt0107478,22000000,0
tt0107482,0,0
tt0107492,0,0
tt0107497,0,46405336
tt0107501,0,0
tt0107504,6000000,12974636
tt0107505,0,0
tt0107507,13500000,11285588
tt0107523,0,0
tt0107525,0,0
tt0107528,NF,NF
tt0107529,0,9532895
tt0107554,3500000,27900000
tt0107561,0,0
tt0107563,0,0
tt0107566,0,0
tt0107590,0,0
tt0107594,11000000,1044824
tt0107597,0,0
tt0107604,0,21
tt0107606,8000000,0
tt0107607,0,0
tt0107611,0,0
tt0107612,0,0
tt0107613,0,0
tt0107614,25000000,441286195
tt0107616,8000000,0
tt0107618,0,0
tt0107623,0,0
tt0107626,0,0
tt0107630,0,27484464
tt0107631,0,0
tt0107659,8,27
tt0107664,0,0
tt0107665,0,0
tt0107666,0,0
tt0107668,0,0
tt0107680,0,0
tt0107683,0,0
tt0107684,0,0
tt0107685,0,1884814
tt0107688,18000000,75634409
tt0107696,0,0
tt0107702,0,0
tt0107711,0,0
tt0107718,0,0
tt0107719,19000000,2119994
tt0107731,NF,NF
tt0107745,0,6574896
tt0107750,6000000,3283371
tt0107752,0,0
tt0107754,NF,NF
tt0107756,4000000,0
tt0107762,0,0
tt0107763,0,0
tt0107773,0,0
tt0107779,0,0
tt0107798,0,0
tt0107808,30000000,135130999
tt0107818,26000000,206678440
tt0107819,0,0
tt0107822,7000000,116700000
tt0107824,0,0
tt0107838,0,0
tt0107840,14000000,27515786
tt0107842,0,0
tt0107843,0,0
tt0107861,0,0
tt0107863,0,0
tt0107868,0,0
tt0107870,0,0
tt0107875,0,0
tt0107877,0,0
tt0107879,0,0
tt0107889,0,23042200
tt0107894,0,0
tt0107895,0,0
tt0107899,0,0
tt0107908,NF,NF
tt0107910,0,0
tt0107912,0,0
tt0107917,0,0
tt0107927,0,0
tt0107930,0,0
tt0107934,0,0
tt0107935,NF,NF
tt0107937,0,0
tt0107941,0,0
tt0107943,11500000,23237911
tt0107944,0,0
tt0107949,0,0
tt0107952,0,0
tt0107953,2000000,54207
tt0107962,0,0
tt0107969,0,0
tt0107977,20000000,35739755
tt0107978,22000000,10696210
tt0107979,0,0
tt0107983,0,0
tt0107985,0,53579269
tt0107987,0,0
tt0107999,0,0
tt0108000,800000,1001437
tt0108002,12000000,22750363
tt0108006,0,0
tt0108026,0,0
tt0108037,0,32416586
tt0108045,0,0
tt0108048,0,0
tt0108052,22000000,321265768
tt0108065,0,7266383
tt0108070,0,0
tt0108071,0,0
tt0108072,0,0
tt0108093,0,0
tt0108099,0,0
tt0108100,0,0
tt0108101,22000000,0
tt0108107,0,0
tt0108122,0,6110979
tt0108135,0,0
tt0108136,0,0
tt0108137,0,0
tt0108142,0,0
tt0108143,0,0
tt0108147,0,57319029
tt0108148,0,14681661
tt0108149,0,0
tt0108154,0,0
tt0108159,0,0
tt0108160,21000000,227799884
tt0108162,40000000,116300000
tt0108166,NF,NF
tt0108170,0,0
tt0108171,0,18994653
tt0108174,20000000,11585483
tt0108185,0,140081992
tt0108186,0,36448200
tt0108187,25000000,2438031
tt0108188,0,0
tt0108207,0,3200000
tt0108223,0,0
tt0108230,0,0
tt0108234,0,0
tt0108238,30,0
tt0108243,0,0
tt0108253,0,0
tt0108255,42000000,20844907
tt0108258,0,4916135
tt0108264,500000,0
tt0108265,0,5632086
tt0108268,0,0
tt0108281,0,0
tt0108283,0,0
tt0108284,NF,NF
tt0108291,0,0
tt0108306,0,0
tt0108308,21,42
tt0108311,15000000,0
tt0108313,0,0
tt0108320,10500000,123509
tt0108323,0,0
tt0108324,0,0
tt0108327,14000000,0
tt0108330,0,4104962
tt0108333,30000000,53898845
tt0108334,0,0
tt0108339,2000000,0
tt0108342,0,0
tt0108346,0,0
tt0108348,0,0
tt0108349,0,0
tt0108350,0,0
tt0108358,25000000,56505065
tt0108360,0,0
tt0108388,0,0
tt0108394,0,0
tt0108395,23000000,71368
tt0108399,12500000,12281551
tt0108410,0,0
tt0108420,0,0
tt0108440,0,0
tt0108442,0,12416686
tt0108447,1000000,0
tt0108451,0,18899204
tt0108473,0,0
tt0108495,0,0
tt0108500,0,0
tt0108505,0,0
tt0108517,0,0
tt0108521,0,0
tt0108525,0,47965000
tt0108526,0,9
tt0108528,0,0
tt0108530,0,0
tt0108538,0,0
tt0108539,0,0
tt0108550,11000000,30000000
tt0108551,0,0
tt0108555,0,0
tt0108556,0,0
tt0108557,0,0
tt0108560,0,0
tt0108565,0,0
tt0108569,0,0
tt0108577,0,168180
tt0108578,1000000,0
tt0108588,0,0
tt0108592,0,0
tt0108596,0,278720
tt0108597,0,0
tt0108601,0,0
tt0108633,0,0
tt0108636,0,0
tt0108656,0,194720
tt0108670,0,518865
tt0108886,0,0
tt0109015,0,0
tt0109021,0,0
tt0109033,1200000,0
tt0109034,0,0
tt0109035,0,0
tt0109039,0,0
tt0109040,15000000,107217396
tt0109042,0,0
tt0109045,0,0
tt0109053,0,0
tt0109067,17080000,21011500
tt0109068,0,0
tt0109093,0,0
tt0109096,0,0
tt0109098,0,0
tt0109099,0,0
tt0109100,0,0
tt0109117,0,0
tt0109120,0,0
tt0109127,0,50236831
tt0109129,0,0
tt0109131,0,0
tt0109144,0,49601
tt0109156,0,0
tt0109161,0,0
tt0109167,0,0
tt0109178,0,0
tt0109190,50000000,16671505
tt0109191,0,0
tt0109195,0,0
tt0109196,0,0
tt0109198,0,15240435
tt0109217,0,0
tt0109219,3200000,0
tt0109226,0,0
tt0109227,0,0
tt0109234,0,0
tt0109254,50000000,119208989
tt0109255,0,0
tt0109259,0,0
tt0109275,0,0
tt0109278,0,0
tt0109279,0,0
tt0109287,13000000,0
tt0109288,0,0
tt0109294,0,0
tt0109296,0,0
tt0109297,0,16668552
tt0109299,0,0
tt0109300,0,0
tt0109301,0,0
tt0109302,0,0
tt0109303,0,0
tt0109305,0,0
tt0109306,0,0
tt0109307,0,0
tt0109312,0,0
tt0109321,0,0
tt0109323,0,0
tt0109327,0,0
tt0109332,0,0
tt0109335,0,0
tt0109336,0,0
tt0109340,0,0
tt0109348,0,0
tt0109350,0,0
tt0109351,0,0
tt0109352,0,0
tt0109360,0,0
tt0109361,0,3662459
tt0109364,0,0
tt0109368,8500000,250993
tt0109369,0,0
tt0109370,11000000,178104
tt0109374,0,0
tt0109376,10700000,1238080
tt0109383,0,0
tt0109400,0,0
tt0109402,26000000,8009329
tt0109403,0,1596700
tt0109408,0,0
tt0109412,0,0
tt0109415,0,0
tt0109417,0,0
tt0109424,0,0
tt0109425,0,0
tt0109437,0,0
tt0109439,0,0
tt0109442,0,0
tt0109443,0,0
tt0109444,62000000,215887717
tt0109445,27000,3151130
tt0109446,45000000,117615211
tt0109447,19000000,7411659
tt0109450,0,1007583
tt0109456,40000000,19726050
tt0109464,0,0
tt0109469,0,0
tt0109471,0,0
tt0109478,0,0
tt0109479,0,0
tt0109480,0,0
tt0109484,0,0
tt0109485,0,0
tt0109491,0,0
tt0109493,0,0
tt0109494,0,0
tt0109498,0,0
tt0109503,0,0
tt0109504,0,0
tt0109506,15000000,94000000
tt0109514,0,0
tt0109515,0,0
tt0109517,0,0
tt0109518,0,0
tt0109520,0,45610410
tt0109529,0,304852
tt0109530,0,0
tt0109531,0,0
tt0109532,0,0
tt0109534,0,0
tt0109536,0,0
tt0109542,0,0
tt0109546,0,0
tt0109548,0,0
tt0109551,0,0
tt0109552,0,0
tt0109562,0,0
tt0109563,0,0
tt0109564,0,0
tt0109566,0,0
tt0109569,0,0
tt0109575,0,1422749
tt0109576,0,0
tt0109578,0,0
tt0109579,0,0
tt0109588,NF,NF
tt0109589,0,0
tt0109592,4000000,0
tt0109593,0,62949
tt0109595,0,0
tt0109610,0,0
tt0109627,0,0
tt0109630,0,0
tt0109635,55000000,214015089
tt0109642,0,0
tt0109643,0,0
tt0109644,0,0
tt0109647,0,0
tt0109654,0,0
tt0109655,0,759393
tt0109661,0,0
tt0109662,0,0
tt0109665,0,0
tt0109666,0,0
tt0109675,0,0
tt0109676,45000000,0
tt0109686,17000000,247275374
tt0109688,0,0
tt0109707,18000000,5887457
tt0109723,800000,0
tt0109729,0,0
tt0109739,0,0
tt0109742,0,0
tt0109758,0,6841570
tt0109759,0,0
tt0109760,0,0
tt0109761,10000000,0
tt0109765,0,0
tt0109771,0,0
tt0109773,0,0
tt0109783,0,0
tt0109784,0,0
tt0109785,0,0
tt0109798,0,0
tt0109810,0,0
tt0109811,0,0
tt0109813,46000000,341631208
tt0109816,0,0
tt0109823,120,0
tt0109826,0,0
tt0109828,0,0
tt0109830,55000000,677945399
tt0109831,6000000,254700832
tt0109835,0,0
tt0109836,45000000,112000000
tt0109838,0,0
tt0109840,0,0
tt0109842,0,0
tt0109847,0,0
tt0109858,50,0
tt0109890,0,0
tt0109891,30000000,0
tt0109893,0,0
tt0109895,0,0
tt0109903,0,0
tt0109905,0,0
tt0109906,0,0
tt0109912,0,0
tt0109913,0,0
tt0109917,0,0
tt0109920,0,0
tt0109936,0,13145977
tt0109942,0,0
tt0109950,0,0
tt0109951,20000000,0
tt0109959,0,0
tt0109960,0,0
tt0109965,0,0
tt0109969,0,0
tt0109982,0,0
tt0109984,0,0
tt0109986,0,0
tt0109987,0,0
tt0109997,0,0
tt0110000,0,0
tt0110005,5000000,3049135
tt0110006,0,17689177
tt0110008,0,0
tt0110022,0,0
tt0110027,26000000,36800000
tt0110040,NF,NF
tt0110044,0,616938
tt0110052,0,0
tt0110054,0,0
tt0110057,700000,7830611
tt0110060,0,0
tt0110064,0,0
tt0110066,10500000,26325256
tt0110074,30000000,0
tt0110091,0,1777020
tt0110093,0,0
tt0110094,0,0
tt0110097,40000000,0
tt0110099,25000000,0
tt0110115,0,0
tt0110116,0,0
tt0110117,0,0
tt0110118,0,0
tt0110123,0,0
tt0110131,0,0
tt0110134,0,0
tt0110137,0,8880705
tt0110138,0,0
tt0110146,45000000,21355893
tt0110148,60000000,223664608
tt0110153,0,0
tt0110157,0,0
tt0110167,0,0
tt0110168,0,70
tt0110169,0,0
tt0110178,0,0
tt0110186,7000000,20851521
tt0110189,0,0
tt0110197,30000000,0
tt0110200,0,1907743
tt0110212,0,0
tt0110213,0,0
tt0110215,0,0
tt0110216,60000000,108
tt0110255,400000,0
tt0110256,0,0
tt0110259,0,0
tt0110263,0,0
tt0110264,0,0
tt0110265,1500000,418961
tt0110295,0,0
tt0110296,0,0
tt0110300,0,0
tt0110305,0,0
tt0110306,0,0
tt0110307,0,0
tt0110308,2500000,0
tt0110313,0,0
tt0110322,30000000,160638883
tt0110329,2000000,2260622
tt0110331,500000,0
tt0110353,0,0
tt0110354,0,0
tt0110357,45000000,788241776
tt0110358,0,0
tt0110359,0,0
tt0110361,0,0
tt0110363,0,0
tt0110364,0,0
tt0110365,0,0
tt0110366,0,67308282
tt0110367,18000000,0
tt0110374,500000,0
tt0110383,0,0
tt0110391,60000000,0
tt0110392,0,0
tt0110395,0,0
tt0110399,10000000,29392418
tt0110400,0,0
tt0110405,0,0
tt0110410,0,0
tt0110413,16000000,45284974
tt0110428,0,0
tt0110429,0,0
tt0110432,0,0
tt0110434,0,0
tt0110442,0,30626182
tt0110443,0,0
tt0110455,0,953
tt0110473,0,0
tt0110475,23000000,351583407
tt0110478,0,0
tt0110490,0,0
tt0110508,0,0
tt0110516,0,18137661
tt0110518,0,1221832
tt0110522,NF,NF
tt0110527,0,0
tt0110529,0,0
tt0110530,0,0
tt0110538,15000000,0
tt0110543,0,0
tt0110557,0,0
tt0110568,0,0
tt0110570,0,0
tt0110573,0,0
tt0110587,0,0
tt0110588,0,0
tt0110593,0,0
tt0110598,3000000,15119639
tt0110604,0,0
tt0110612,0,0
tt0110613,0,0
tt0110620,0,0
tt0110622,30000000,51132598
tt0110623,0,0
tt0110629,0,0
tt0110631,0,0
tt0110632,34000000,50282766
tt0110634,NF,NF
tt0110638,0,106683817
tt0110647,17000000,0
tt0110649,0,0
tt0110651,0,0
tt0110653,0,0
tt0110656,0,0
tt0110657,12000000,15826984
tt0110665,0,0
tt0110667,1300000,0
tt0110668,0,0
tt0110669,0,0
tt0110671,0,0
tt0110675,0,0
tt0110676,0,0
tt0110678,20000000,0
tt0110684,0,0
tt0110687,40000000,0
tt0110689,0,0
tt0110706,0,0
tt0110712,0,0
tt0110715,0,0
tt0110719,0,0
tt0110725,50000000,49000000
tt0110729,1,6
tt0110733,0,0
tt0110737,0,0
tt0110740,0,0
tt0110752,0,0
tt0110759,9000000,4350774
tt0110763,27000000,13670688
tt0110769,0,0
tt0110771,6000000,0
tt0110774,0,0
tt0110791,0,0
tt0110793,0,0
tt0110803,0,0
tt0110805,0,0
tt0110823,2500000,0
tt0110826,0,0
tt0110841,0,0
tt0110847,0,0
tt0110849,NF,NF
tt0110851,0,0
tt0110854,0,0
tt0110857,0,126247
tt0110867,0,0
tt0110875,0,0
tt0110877,0,0
tt0110889,0,0
tt0110891,0,0
tt0110892,0,3021629
tt0110896,NF,NF
tt0110898,0,0
tt0110901,0,0
tt0110907,0,0
tt0110910,0,0
tt0110912,8000000,213928762
tt0110913,0,0
tt0110916,0,0
tt0110917,0,0
tt0110932,0,0
tt0110939,0,0
tt0110943,0,0
tt0110944,20000000,305070
tt0110948,0,0
tt0110950,11500000,20079850
tt0110954,0,0
tt0110955,11000000,11439193
tt0110956,0,0
tt0110957,0,0
tt0110963,0,0
tt0110965,0,0
tt0110966,0,0
tt0110971,40000000,24332324
tt0110972,0,0
tt0110977,0,0
tt0110978,600000,185898
tt0110979,0,0
tt0110983,0,0
tt0110989,40000000,0
tt0110991,0,0
tt0110992,0,0
tt0110997,0,0
tt0110999,0,0
tt0111001,0,0
tt0111002,1000000,0
tt0111003,0,8638072
tt0111008,0,0
tt0111021,0,0
tt0111026,0,0
tt0111035,0,0
tt0111048,0,0
tt0111054,0,0
tt0111070,22000000,189833357
tt0111079,0,0
tt0111082,0,0
tt0111093,0,0
tt0111094,0,0
tt0111102,0,0
tt0111104,0,0
tt0111112,0,0
tt0111113,0,0
tt0111114,0,0
tt0111122,0,0
tt0111125,0,0
tt0111127,13000000,0
tt0111133,0,0
tt0111137,0,0
tt0111139,0,0
tt0111143,25000000,48063435
tt0111147,0,0
tt0111149,0,0
tt0111151,0,0
tt0111156,0,0
tt0111160,0,0
tt0111161,25000000,28341469
tt0111168,0,0
tt0111173,0,0
tt0111174,0,0
tt0111175,800000,0
tt0111187,30000000,3180674
tt0111190,0,0
tt0111191,0,0
tt0111194,0,0
tt0111195,0,0
tt0111199,0,0
tt0111201,0,7770731
tt0111205,0,0
tt0111216,0,0
tt0111218,0,161410
tt0111226,0,0
tt0111227,0,0
tt0111228,0,0
tt0111233,0,0
tt0111237,0,0
tt0111244,0,0
tt0111245,50000,0
tt0111248,0,0
tt0111255,45000000,170362582
tt0111256,0,0
tt0111257,30000000,350448145
tt0111261,15,0
tt0111264,0,0
tt0111271,0,3337685
tt0111280,38000000,120000000
tt0111282,55000000,196567262
tt0111284,0,0
tt0111293,0,0
tt0111298,0,0
tt0111299,0,0
tt0111300,0,0
tt0111301,35000000,99423521
tt0111304,0,0
tt0111309,32,0
tt0111323,7400000,7690013
tt0111325,0,0
tt0111333,35000000,9771658
tt0111337,0,0
tt0111345,0,0
tt0111359,32000000,0
tt0111361,0,0
tt0111397,0,0
tt0111400,50000000,16478900
tt0111402,300000,0
tt0111408,0,0
tt0111416,0,0
tt0111418,0,0
tt0111419,28000000,11373501
tt0111431,0,0
tt0111438,27000000,101646581
tt0111440,NF,NF
tt0111453,0,0
tt0111454,0,0
tt0111464,0,0
tt0111470,0,0
tt0111474,0,0
tt0111477,0,5777916
tt0111480,0,0
tt0111488,0,0
tt0111492,0,0
tt0111495,0,0
tt0111503,115000000,378882411
tt0111506,0,0
tt0111507,0,0
tt0111512,0,0
tt0111525,0,0
tt0111543,0,0
tt0111547,0,0
tt0111552,0,0
tt0111558,0,0
tt0111569,0,0
tt0111579,2800000,2616503
tt0111590,0,0
tt0111611,0,0
tt0111613,0,0
tt0111653,0,0
tt0111666,0,0
tt0111667,0,0
tt0111670,0,0
tt0111672,0,0
tt0111681,0,0
tt0111686,14000000,18090181
tt0111689,0,0
tt0111693,0,50021959
tt0111697,0,0
tt0111698,0,0
tt0111701,0,0
tt0111703,0,0
tt0111704,0,0
tt0111706,0,0
tt0111711,0,0
tt0111712,0,0
tt0111730,0,0
tt0111731,0,0
tt0111732,0,0
tt0111742,0,0
tt0111756,63000000,25052000
tt0111787,0,0
tt0111800,0,0
tt0111825,0,0
tt0111835,0,0
tt0111845,0,0
tt0111856,0,0
tt0112255,0,0
tt0112266,0,0
tt0112281,30000000,212385533
tt0112286,0,0
tt0112302,0,0
tt0112305,0,0
tt0112320,0,0
tt0112339,0,0
tt0112342,0,0
tt0112346,62000000,107879496
tt0112360,0,0
tt0112362,0,0
tt0112365,0,0
tt0112368,0,0
tt0112369,0,0
tt0112373,0,1
tt0112374,0,0
tt0112379,900000,0
tt0112384,52000000,355237933
tt0112389,0,0
tt0112401,50000000,30303072
tt0112408,0,0
tt0112418,0,0
tt0112426,0,0
tt0112427,0,0
tt0112431,30000000,254134910
tt0112433,0,0
tt0112435,0,0
tt0112438,0,0
tt0112439,0,0
tt0112440,0,0
tt0112442,19000000,141407024
tt0112443,0,0
tt0112444,0,0
tt0112451,0,0
tt0112453,0,0
tt0112461,0,0
tt0112462,100000000,336529144
tt0112464,0,0
tt0112466,0,0
tt0112467,0,0
tt0112469,0,0
tt0112471,2500000,5535405
tt0112483,0,0
tt0112494,0,0
tt0112495,0,0
tt0112499,0,0
tt0112503,0,0
tt0112504,0,0
tt0112508,10000000,26488734
tt0112509,0,0
tt0112511,0,0
tt0112515,0,0
tt0112518,0,0
tt0112519,0,0
tt0112525,200000,0
tt0112526,0,0
tt0112527,0,0
tt0112533,0,0
tt0112534,0,0
tt0112536,0,684351
tt0112537,0,0
tt0112541,2000000,1275000
tt0112546,0,0
tt0112547,0,0
tt0112548,0,0
tt0112549,0,0
tt0112554,0,0
tt0112564,0,0
tt0112568,0,0
tt0112571,21000000,23450000
tt0112572,0,0
tt0112573,72000000,210000000
tt0112574,0,0
tt0112575,0,0
tt0112579,24000000,182016617
tt0112580,0,0
tt0112585,0,0
tt0112599,0,0
tt0112602,0,0
tt0112606,0,0
tt0112611,0,0
tt0112612,0,0
tt0112625,0,13940383
tt0112626,0,0
tt0112628,0,0
tt0112634,0,0
tt0112637,0,0
tt0112641,52000000,116112375
tt0112642,50000000,287928194
tt0112643,0,0
tt0112651,0,0
tt0112655,0,0
tt0112656,0,0
tt0112667,0,0
tt0112675,0,0
tt0112679,0,0
tt0112680,0,0
tt0112681,0,0
tt0112682,18000000,1738611
tt0112685,0,0
tt0112688,0,13071518
tt0112697,12000000,0
tt0112700,0,0
tt0112701,0,0
tt0112702,0,0
tt0112703,0,0
tt0112712,0,0
tt0112715,50000000,152000000
tt0112716,0,0
tt0112719,0,0
tt0112722,0,0
tt0112727,0,0
tt0112729,0,0
tt0112732,0,0
tt0112739,0,0
tt0112740,53000000,157387195
tt0112744,0,0
tt0112746,NF,NF
tt0112749,0,676525
tt0112757,0,0
tt0112760,98000000,18517322
tt0112761,0,0
tt0112762,0,0
tt0112763,0,0
tt0112765,0,0
tt0112766,0,0
tt0112782,0,0
tt0112792,0,180000000
tt0112793,0,0
tt0112814,NF,NF
tt0112815,0,0
tt0112817,9000000,0
tt0112818,11000000,39363635
tt0112819,10000000,0
tt0112820,0,0
tt0112822,0,0
tt0112827,NF,NF
tt0112828,0,0
tt0112829,0,0
tt0112830,0,0
tt0112838,NF,NF
tt0112839,4000000,0
tt0112843,1000000,0
tt0112844,0,0
tt0112851,7000000,25405445
tt0112853,0,0
tt0112854,0,0
tt0112857,27000000,16140822
tt0112864,90000000,361212499
tt0112867,0,0
tt0112869,0,0
tt0112882,0,0
tt0112883,25000000,22200000
tt0112885,0,0
tt0112886,0,0
tt0112887,0,0
tt0112893,0,0
tt0112894,NF,NF
tt0112895,8000000,0
tt0112896,0,0
tt0112899,0,0
tt0112904,0,0
tt0112906,0,0
tt0112907,0,0
tt0112913,0,0
tt0112922,0,4367497
tt0112942,0,0
tt0112950,0,0
tt0112966,0,0
tt0112974,0,0
tt0112991,NF,NF
tt0112993,0,0
tt0112995,0,0
tt0112998,0,0
tt0113002,0,0
tt0113010,50000000,11534477
tt0113014,0,0
tt0113024,0,0
tt0113028,0,0
tt0113031,NF,NF
tt0113033,0,0
tt0113037,0,0
tt0113041,0,76578911
tt0113043,0,0
tt0113044,0,0
tt0113048,0,0
tt0113063,0,551281
tt0113067,0,0
tt0113069,0,0
tt0113071,55000000,127600435
tt0113074,7000000,0
tt0113075,0,0
tt0113080,0,0
tt0113083,0,0
tt0113089,0,0
tt0113091,0,0
tt0113092,0,0
tt0113093,0,0
tt0113094,NF,NF
tt0113097,0,0
tt0113101,4000000,4300000
tt0113104,0,0
tt0113105,0,0
tt0113107,0,0
tt0113111,0,0
tt0113114,0,0
tt0113116,0,0
tt0113117,0,0
tt0113118,3500000,28215918
tt0113119,0,0
tt0113131,0,0
tt0113133,0,532
tt0113140,0,0
tt0113141,0,0
tt0113149,0,0
tt0113153,0,0
tt0113158,0,0
tt0113161,30250000,72021008
tt0113173,0,0
tt0113184,0,0
tt0113188,0,0
tt0113189,58000000,352194034
tt0113195,0,0
tt0113198,0,35348597
tt0113199,0,3992809
tt0113200,0,0
tt0113210,0,0
tt0113211,0,0
tt0113220,0,0
tt0113221,1000000,0
tt0113223,0,0
tt0113224,0,0
tt0113228,0,0
tt0113238,0,0
tt0113243,20000000,7563728
tt0113253,5000000,15116634
tt0113259,0,0
tt0113260,0,0
tt0113261,0,0
tt0113264,0,0
tt0113269,0,0
tt0113272,0,0
tt0113277,60000000,187436818
tt0113278,0,0
tt0113280,0,0
tt0113287,2000000,0
tt0113303,15000000,12201255
tt0113305,0,38290723
tt0113309,0,0
tt0113313,0,0
tt0113314,0,0
tt0113318,0,0
tt0113319,0,0
tt0113321,0,17519169
tt0113326,7500000,32392047
tt0113337,0,0
tt0113341,0,0
tt0113345,0,0
tt0113347,10000000,23574130
tt0113349,0,0
tt0113358,0,0
tt0113360,0,0
tt0113361,0,0
tt0113362,35000000,15000000
tt0113368,0,0
tt0113369,0,0
tt0113376,2000000,0
tt0113388,0,0
tt0113394,0,0
tt0113398,0,0
tt0113399,0,0
tt0113403,0,0
tt0113406,0,0
tt0113409,8000000,8946600
tt0113416,0,0
tt0113418,0,0
tt0113419,45000000,0
tt0113421,0,0
tt0113423,NF,NF
tt0113425,0,0
tt0113434,0,0
tt0113438,0,0
tt0113442,0,0
tt0113443,0,0
tt0113448,0,218626
tt0113449,0,0
tt0113451,50000000,9851610
tt0113463,14000000,2474000
tt0113464,0,0
tt0113481,26000000,19075720
tt0113484,0,0
tt0113490,0,0
tt0113492,90000000,113493481
tt0113497,65000000,262797249
tt0113500,0,17014653
tt0113501,0,0
tt0113502,0,0
tt0113533,0,0
tt0113537,0,718490
tt0113538,0,0
tt0113542,0,0
tt0113552,40000000,0
tt0113564,NF,NF
tt0113596,0,0
tt0113602,0,0
tt0113609,0,0
tt0113612,0,0
tt0113613,0,442965
tt0113617,0,0
tt0113624,0,0
tt0113627,3600000,49800000
tt0113633,0,0
tt0113634,0,0
tt0113636,0,0
tt0113638,0,0
tt0113641,0,0
tt0113646,0,0
tt0113650,0,0
tt0113667,0,0
tt0113669,0,0
tt0113670,17000000,0
tt0113674,0,0
tt0113675,0,0
tt0113677,500000,1148752
tt0113682,0,0
tt0113690,0,0
tt0113691,17000000,7603766
tt0113703,0,0
tt0113719,0,0
tt0113729,0,15453274
tt0113732,0,0
tt0113736,0,0
tt0113737,0,0
tt0113748,0,0
tt0113749,6000000,2
tt0113751,NF,NF
tt0113755,0,0
tt0113762,0,0
tt0113774,0,0
tt0113776,0,0
tt0113786,0,0
tt0113799,0,0
tt0113808,6,5
tt0113812,NF,NF
tt0113814,0,0
tt0113815,NF,NF
tt0113819,15000000,6700000
tt0113820,15000000,66000000
tt0113824,0,0
tt0113826,0,0
tt0113827,0,0
tt0113828,0,0
tt0113839,0,0
tt0113845,60000000,35431113
tt0113849,0,0
tt0113850,0,0
tt0113851,0,0
tt0113855,18000000,122195920
tt0113860,0,0
tt0113862,0,0
tt0113864,0,0
tt0113865,0,0
tt0113870,0,17381942
tt0113872,0,0
tt0113881,0,0
tt0113892,0,0
tt0113896,0,0
tt0113926,0,0
tt0113931,0,0
tt0113932,0,0
tt0113935,0,0
tt0113936,0,0
tt0113939,0,0
tt0113948,0,0
tt0113949,0,0
tt0113950,0,0
tt0113957,22000000,110627965
tt0113964,0,0
tt0113965,6400000,6
tt0113967,0,0
tt0113972,8169363,8175346
tt0113979,0,0
tt0113981,0,0
tt0113982,0,0
tt0113984,0,0
tt0113986,0,69660733
tt0113987,44000000,13681765
tt0113991,0,0
tt0113992,0,0
tt0113999,0,0
tt0114003,0,0
tt0114004,0,0
tt0114007,0,0
tt0114008,0,0
tt0114011,12000000,27400000
tt0114016,0,0
tt0114024,0,0
tt0114037,0,0
tt0114039,0,0
tt0114040,NF,NF
tt0114041,0,0
tt0114042,0,0
tt0114048,0,0
tt0114057,0,0
tt0114065,0,0
tt0114066,NF,NF
tt0114068,0,0
tt0114069,0,189859560
tt0114070,8000000,0
tt0114071,0,0
tt0114084,0,6834525
tt0114095,150000,472370
tt0114108,28000000,3983912
tt0114113,11000000,2832826
tt0114117,0,0
tt0114122,50,0
tt0114126,0,0
tt0114127,0,0
tt0114129,0,0
tt0114131,0,0
tt0114132,0,0
tt0114137,0,0
tt0114142,0,0
tt0114148,55000000,346079773
tt0114151,0,0
tt0114168,0,0
tt0114170,0,0
tt0114171,0,0
tt0114172,1500000,2800000
tt0114173,0,0
tt0114180,0,0
tt0114187,0,0
tt0114192,0,0
tt0114193,0,0
tt0114194,8,16
tt0114196,0,0
tt0114198,0,0
tt0114202,0,0
tt0114210,0,0
tt0114214,32000000,18552460
tt0114216,0,0
tt0114222,NF,NF
tt0114224,0,0
tt0114226,0,0
tt0114235,0,0
tt0114240,0,0
tt0114241,0,0
tt0114244,0,0
tt0114246,NF,NF
tt0114248,NF,NF
tt0114252,0,0
tt0114268,0,0
tt0114272,0,0
tt0114279,0,0
tt0114287,28000000,31596911
tt0114296,22000000,12400000
tt0114303,0,0
tt0114305,0,0
tt0114306,0,0
tt0114307,0,0
tt0114319,58000000,0
tt0114323,0,0
tt0114324,0,0
tt0114339,5,0
tt0114343,0,0
tt0114344,4000000,0
tt0114345,50000000,10382407
tt0114349,0,0
tt0114354,0,0
tt0114366,0,0
tt0114367,20000000,5781885
tt0114369,33000000,327311859
tt0114371,0,0
tt0114376,0,0
tt0114388,16500000,135000000
tt0114391,NF,NF
tt0114393,0,0
tt0114394,0,0
tt0114397,0,0
tt0114403,300,0
tt0114415,0,0
tt0114416,0,0
tt0114417,0,0
tt0114418,0,0
tt0114432,0,0
tt0114433,0,0
tt0114436,45000000,20350754
tt0114437,0,0
tt0114448,0,0
tt0114449,NF,NF
tt0114457,0,0
tt0114458,NF,NF
tt0114462,0,0
tt0114463,0,0
tt0114465,0,0
tt0114466,0,0
tt0114467,0,0
tt0114469,0,0
tt0114473,0,0
tt0114474,1850000,0
tt0114478,7000000,8349430
tt0114489,0,0
tt0114494,0,0
tt0114495,0,0
tt0114496,0,50892160
tt0114499,0,0
tt0114508,35000000,113000000
tt0114529,0,0
tt0114534,0,0
tt0114536,25000000,6278139
tt0114537,0,0
tt0114550,0,0
tt0114554,NF,NF
tt0114556,0,0
tt0114558,42000000,7959291
tt0114563,0,0
tt0114564,0,0
tt0114568,100,0
tt0114571,0,0
tt0114576,35000000,64350171
tt0114577,0,0
tt0114580,0,0
tt0114588,0,0
tt0114590,0,0
tt0114592,0,0
tt0114594,0,0
tt0114605,0,0
tt0114608,0,0
tt0114609,6,11
tt0114614,25000000,6600000
tt0114622,0,0
tt0114648,0,0
tt0114649,0,0
tt0114650,NF,NF
tt0114658,33500000,0
tt0114660,8000000,529766
tt0114663,0,7025496
tt0114666,14000000,5780000
tt0114676,0,0
tt0114677,0,0
tt0114680,0,0
tt0114681,20000000,21284514
tt0114682,0,0
tt0114683,0,0
tt0114694,0,32648673
tt0114697,6000000,5093707
tt0114702,0,339889
tt0114706,0,0
tt0114709,30000000,361958736
tt0114711,0,0
tt0114712,0,0
tt0114717,0,0
tt0114720,4000000,0
tt0114727,0,0
tt0114731,0,0
tt0114733,350000,0
tt0114736,0,0
tt0114738,0,0
tt0114743,0,0
tt0114745,0,0
tt0114746,29500000,168840000
tt0114751,0,0
tt0114753,0,0
tt0114754,0,0
tt0114781,60000000,104324083
tt0114783,0,0
tt0114784,0,0
tt0114786,0,0
tt0114788,6500000,0
tt0114795,0,0
tt0114798,0,0
tt0114808,0,0
tt0114814,6000000,23341568
tt0114825,14000000,19800000
tt0114831,0,0
tt0114845,0,0
tt0114846,0,0
tt0114851,0,0
tt0114852,0,0
tt0114855,0,0
tt0114856,0,0
tt0114857,30000000,0
tt0114860,0,0
tt0114866,0,0
tt0114872,0,0
tt0114874,NF,NF
tt0114885,16000000,81452156
tt0114887,20000000,50008143
tt0114888,0,0
tt0114896,0,0
tt0114898,175000000,264218220
tt0114906,0,0
tt0114912,0,0
tt0114916,0,0
tt0114918,0,0
tt0114919,NF,NF
tt0114923,NF,NF
tt0114924,17000000,182057016
tt0114928,8000000,0
tt0114936,0,0
tt0114938,30000000,0
tt0114941,0,0
tt0114957,0,0
tt0114958,0,0
tt0114959,48000,0
tt0114963,0,0
tt0114974,0,0
tt0114982,NF,NF
tt0114988,NF,NF
tt0115005,0,0
tt0115006,0,0
tt0115012,0,0
tt0115033,0,0
tt0115062,0,0
tt0115063,0,0
tt0115109,0,0
tt0115138,0,0
tt0115309,0,0
tt0115433,54000000,320689294
tt0115438,0,0
tt0115458,NF,NF
tt0115471,0,0
tt0115472,0,0
tt0115493,23000000,0
tt0115495,6000000,0
tt0115500,0,0
tt0115503,0,0
tt0115509,0,8620678
tt0115524,0,0
tt0115526,0,0
tt0115528,0,0
tt0115530,0,665450
tt0115531,0,1910
tt0115535,0,0
tt0115550,0,0
tt0115561,0,0
tt0115571,25000000,14048372
tt0115578,0,0
tt0115580,0,0
tt0115584,0,0
tt0115591,0,0
tt0115608,0,0
tt0115610,0,0
tt0115618,0,0
tt0115624,0,3793614
tt0115631,0,0
tt0115632,2962051,3011195
tt0115633,0,0
tt0115639,0,0
tt0115640,0,0
tt0115641,12000000,0
tt0115644,0,19030691
tt0115645,0,0
tt0115647,0,0
tt0115665,0,0
tt0115666,0,0
tt0115675,0,0
tt0115676,15000000,2042530
tt0115677,0,0
tt0115678,0,0
tt0115680,0,0
tt0115682,0,0
tt0115683,15000000,0
tt0115684,0,0
tt0115685,0,185260553
tt0115691,NF,NF
tt0115693,0,0
tt0115696,0,0
tt0115697,0,32
tt0115698,0,0
tt0115701,700000,0
tt0115710,26000000,0
tt0115711,0,0
tt0115712,NF,NF
tt0115713,NF,NF
tt0115723,0,0
tt0115725,32000000,0
tt0115727,0,0
tt0115734,7000000,560069
tt0115736,4500000,7011317
tt0115737,0,0
tt0115738,0,0
tt0115742,0,0
tt0115743,0,0
tt0115744,0,0
tt0115747,NF,NF
tt0115751,0,3803298
tt0115754,0,0
tt0115756,0,0
tt0115759,50000000,150270147
tt0115760,0,0
tt0115770,0,0
tt0115775,0,0
tt0115781,0,0
tt0115783,25000000,22611954
tt0115786,NF,NF
tt0115790,0,0
tt0115791,0,0
tt0115798,47000000,102825796
tt0115801,0,0
tt0115806,0,0
tt0115811,0,0
tt0115813,0,0
tt0115818,0,0
tt0115819,125000,0
tt0115820,0,0
tt0115825,0,0
tt0115834,0,0
tt0115836,17000000,0
tt0115837,0,0
tt0115847,0,0
tt0115851,0,0
tt0115856,0,0
tt0115857,50000000,60209334
tt0115858,0,0
tt0115862,50000000,22540359
tt0115864,0,0
tt0115865,1200000,0
tt0115875,0,0
tt0115885,0,0
tt0115886,0,0
tt0115906,3000000,153155
tt0115907,0,0
tt0115927,0,0
tt0115939,0,0
tt0115940,0,0
tt0115942,0,0
tt0115946,0,0
tt0115951,0,0
tt0115953,0,0
tt0115956,46000000,100860818
tt0115960,0,0
tt0115963,15000000,24769466
tt0115964,10000000,0
tt0115965,0,0
tt0115974,0,0
tt0115976,0,0
tt0115977,0,0
tt0115979,NF,NF
tt0115981,0,0
tt0115985,0,0
tt0115986,13000000,17917287
tt0115988,25000000,0
tt0115989,0,0
tt0115994,2300000,49620
tt0116000,0,22955097
tt0116003,0,0
tt0116016,0,0
tt0116026,0,0
tt0116030,0,0
tt0116031,0,0
tt0116032,0,0
tt0116033,0,0
tt0116039,0,0
tt0116040,80000000,159212469
tt0116041,0,0
tt0116045,0,0
tt0116048,0,0
tt0116052,0,0
tt0116055,0,0
tt0116056,0,0
tt0116059,0,0
tt0116060,0,0
tt0116072,0,0
tt0116073,0,0
tt0116075,2500000,0
tt0116084,0,0
tt0116086,1,0
tt0116095,0,0
tt0116102,0,0
tt0116111,0,0
tt0116120,0,0
tt0116126,0,0
tt0116127,0,0
tt0116129,NF,NF
tt0116130,0,0
tt0116132,0,0
tt0116136,57000000,115267375
tt0116141,0,0
tt0116147,3500000,0
tt0116151,0,0
tt0116160,0,0
tt0116165,0,0
tt0116167,0,0
tt0116168,0,0
tt0116169,0,0
tt0116191,6000000,22231658
tt0116192,0,0
tt0116200,0,0
tt0116209,27000000,231976425
tt0116212,0,0
tt0116213,100000000,242295562
tt0116224,0,0
tt0116225,50000000,42277365
tt0116238,0,0
tt0116240,0,0
tt0116242,20000000,0
tt0116245,0,0
tt0116247,0,0
tt0116248,0,0
tt0116250,55000000,141047179
tt0116253,55000000,68000000
tt0116255,0,0
tt0116257,0,0
tt0116259,38000000,0
tt0116260,20000000,0
tt0116261,0,0
tt0116269,13000000,9789900
tt0116275,0,0
tt0116277,55000000,18626419
tt0116281,0,0
tt0116282,7000000,60611975
tt0116287,0,0
tt0116289,0,0
tt0116293,0,0
tt0116294,0,0
tt0116295,0,0
tt0116306,0,0
tt0116311,0,0
tt0116313,26000000,116400000
tt0116319,0,0
tt0116320,25000000,17193231
tt0116322,25530000,20080020
tt0116323,0,0
tt0116324,7000000,14702438
tt0116329,0,0
tt0116330,0,0
tt0116332,0,40622
tt0116338,NF,NF
tt0116341,0,0
tt0116353,0,258263
tt0116356,0,0
tt0116361,3000000,0
tt0116365,30000000,29359216
tt0116367,19000000,25836616
tt0116371,0,0
tt0116374,0,0
tt0116378,0,0
tt0116379,0,0
tt0116393,0,0
tt0116404,2400000,5731103
tt0116405,0,0
tt0116409,50000000,75000000
tt0116410,0,0
tt0116414,0,0
tt0116418,0,0
tt0116420,0,0
tt0116421,45000000,0
tt0116422,0,0
tt0116439,0,0
tt0116441,0,0
tt0116442,0,0
tt0116443,0,0
tt0116446,4000000,0
tt0116448,0,0
tt0116465,0,0
tt0116471,0,0
tt0116477,0,0
tt0116483,10000000,41205099
tt0116488,0,0
tt0116493,12000000,0
tt0116496,0,0
tt0116500,0,0
tt0116502,0,0
tt0116503,0,0
tt0116506,500000,0
tt0116508,25000000,0
tt0116510,0,0
tt0116514,4000000,16675000
tt0116516,0,0
tt0116527,0,0
tt0116531,0,21302121
tt0116538,0,0
tt0116550,0,0
tt0116552,0,32709423
tt0116565,0,0
tt0116571,0,0
tt0116573,0,0
tt0116582,0,0
tt0116583,100000000,100138851
tt0116592,0,0
tt0116594,0,1814290
tt0116601,0,0
tt0116606,0,0
tt0116607,0,0
tt0116611,0,0
tt0116621,0,0
tt0116625,0,0
tt0116629,75000000,816969268
tt0116631,0,0
tt0116635,0,0
tt0116640,0,0
tt0116643,0,0
tt0116646,0,0
tt0116648,0,0
tt0116652,0,0
tt0116654,40000000,49627779
tt0116658,0,0
tt0116669,45000000,0
tt0116671,0,0
tt0116675,0,0
tt0116683,38000000,28921264
tt0116684,0,0
tt0116692,0,0
tt0116695,50000000,273552592
tt0116696,0,0
tt0116703,0,0
tt0116704,0,21890845
tt0116705,60000000,129832389
tt0116707,13000000,4619014
tt0116712,0,0
tt0116714,0,0
tt0116718,0,0
tt0116722,7000000,405000
tt0116723,NF,NF
tt0116727,0,0
tt0116731,44000000,0
tt0116733,NF,NF
tt0116743,3000000,4109095
tt0116745,18000000,0
tt0116754,0,0
tt0116756,20000000,0
tt0116762,0,57252
tt0116765,0,0
tt0116768,0,0
tt0116770,4000000,0
tt0116771,100000,0
tt0116772,0,0
tt0116778,27000000,25023434
tt0116783,0,0
tt0116790,0,5770254
tt0116814,0,0
tt0116817,0,0
tt0116823,30000000,0
tt0116827,0,5
tt0116828,0,0
tt0116830,67000000,47267001
tt0116831,0,0
tt0116833,0,0
tt0116835,6000000,0
tt0116839,0,2409225
tt0116845,0,0
tt0116859,0,0
tt0116861,0,0
tt0116882,0,0
tt0116884,0,0
tt0116890,0,0
tt0116897,0,0
tt0116905,5000000,13269963
tt0116908,65000000,0
tt0116909,0,0
tt0116913,0,0
tt0116920,0,0
tt0116922,15000000,3675201
tt0116928,0,0
tt0116930,0,0
tt0116931,0,0
tt0116933,0,0
tt0116934,0,0
tt0116943,0,0
tt0116953,8,0
tt0116956,0,0
tt0116959,0,0
tt0116976,0,0
tt0116977,0,0
tt0116985,500000,431326
tt0116996,70000000,101371017
tt0116997,0,0
tt0116999,0,0
tt0117002,47000000,12379402
tt0117003,0,0
tt0117005,0,0
tt0117007,0,0
tt0117008,36000000,33459416
tt0117011,25000000,51702483
tt0117017,0,0
tt0117025,0,0
tt0117037,0,0
tt0117038,0,119718203
tt0117039,28000000,16900000
tt0117040,0,0
tt0117041,0,0
tt0117057,42000000,0
tt0117060,80000000,457696359
tt0117061,0,0
tt0117070,0,0
tt0117071,0,0
tt0117079,0,0
tt0117091,0,0
tt0117093,0,0
tt0117096,0,0
tt0117098,0,0
tt0117101,0,0
tt0117102,0,0
tt0117103,0,0
tt0117104,25000000,10070000
tt0117106,0,0
tt0117107,0,0
tt0117108,45000000,0
tt0117110,0,34327391
tt0117119,0,0
tt0117124,0,0
tt0117125,0,0
tt0117128,0,0
tt0117157,0,0
tt0117165,0,0
tt0117169,0,0
tt0117172,NF,NF
tt0117177,0,0
tt0117180,0,0
tt0117188,0,0
tt0117193,0,0
tt0117194,0,0
tt0117201,0,0
tt0117202,0,0
tt0117203,NF,NF
tt0117217,0,0
tt0117218,54000000,128769345
tt0117223,0,0
tt0117226,0,0
tt0117238,0,0
tt0117247,0,97529550
tt0117260,0,0
tt0117276,12000000,0
tt0117280,0,0
tt0117283,8000000,0
tt0117284,0,0
tt0117287,0,0
tt0117308,0,0
tt0117318,36000000,20300385
tt0117321,0,0
tt0117324,0,0
tt0117330,0,0
tt0117331,45000000,17300889
tt0117332,0,0
tt0117333,32000000,152036382
tt0117342,0,0
tt0117349,0,0
tt0117350,0,0
tt0117357,0,0
tt0117358,0,0
tt0117364,0,3692836
tt0117366,0,0
tt0117372,40000000,48093211
tt0117373,0,0
tt0117380,0,0
tt0117381,0,102616183
tt0117387,0,0
tt0117396,0,0
tt0117400,0,0
tt0117406,0,0
tt0117420,30000000,57400547
tt0117422,0,0
tt0117427,0,0
tt0117433,0,0
tt0117438,80000000,309492681
tt0117442,0,0
tt0117443,0,0
tt0117444,0,0
tt0117445,0,0
tt0117446,0,0
tt0117450,0,0
tt0117451,0,0
tt0117468,0,0
tt0117473,0,8538318
tt0117477,3000000,2503829
tt0117478,0,0
tt0117481,0,0
tt0117482,0,0
tt0117492,0,0
tt0117495,0,0
tt0117496,0,0
tt0117497,0,0
tt0117500,75000000,335062621
tt0117501,0,0
tt0117502,0,0
tt0117503,0,0
tt0117504,0,0
tt0117506,0,0
tt0117509,14500000,147298761
tt0117510,0,0
tt0117515,0,0
tt0117522,0,0
tt0117527,0,0
tt0117533,5000000,0
tt0117534,0,0
tt0117539,0,0
tt0117543,0,0
tt0117549,0,0
tt0117550,0,0
tt0117566,0,0
tt0117567,0,0
tt0117571,14000000,173046663
tt0117577,0,0
tt0117581,0,0
tt0117582,0,0
tt0117589,4500000,13417292
tt0117603,9000000,41590886
tt0117608,0,0
tt0117609,0,0
tt0117611,0,0
tt0117612,0,0
tt0117613,0,0
tt0117615,0,0
tt0117620,0,0
tt0117621,0,0
tt0117628,3500000,9482579
tt0117631,0,0
tt0117651,0,0
tt0117653,15000000,76382
tt0117660,0,0
tt0117661,2200000,0
tt0117664,0,0
tt0117665,44000000,165615285
tt0117666,1000000,24475416
tt0117676,0,0
tt0117684,0,0
tt0117688,0,0
tt0117690,0,0
tt0117691,0,0
tt0117692,3000000,0
tt0117695,0,0
tt0117696,NF,NF
tt0117705,80000000,230000000
tt0117706,0,0
tt0117710,0,0
tt0117711,0,0
tt0117716,0,0
tt0117717,0,0
tt0117718,6000000,12643776
tt0117723,18000000,0
tt0117724,500000,10300
tt0117731,46000000,150000000
tt0117737,0,0
tt0117738,0,0
tt0117742,0,0
tt0117761,0,0
tt0117762,0,0
tt0117765,50000000,113309743
tt0117768,0,0
tt0117773,0,0
tt0117774,0,0
tt0117777,0,0
tt0117779,0,0
tt0117781,0,0
tt0117784,0,0
tt0117786,12716953,18814720
tt0117791,16000000,1985001
tt0117802,200000,4505922
tt0117803,0,0
tt0117817,0,0
tt0117821,0,0
tt0117826,15000000,5
tt0117832,0,0
tt0117876,0,0
tt0117883,0,2647055
tt0117887,0,34585416
tt0117891,0,0
tt0117894,0,0
tt0117898,0,0
tt0117902,0,0
tt0117912,0,0
tt0117913,40000000,152266007
tt0117917,0,0
tt0117918,0,0
tt0117924,0,4137645
tt0117936,0,0
tt0117942,0,0
tt0117951,4000000,16491080
tt0117958,0,0
tt0117959,0,0
tt0117965,0,0
tt0117966,0,0
tt0117973,0,0
tt0117978,0,0
tt0117979,0,0
tt0117991,0,0
tt0117992,0,0
tt0117998,92000000,494471524
tt0117999,0,0
tt0118001,0,0
tt0118002,0,0
tt0118018,0,0
tt0118025,0,0
tt0118032,0,0
tt0118038,0,0
tt0118039,0,0
tt0118040,18000000,0
tt0118044,0,0
tt0118051,0,0
tt0118055,60000000,0
tt0118063,0,0
tt0118064,0,0
tt0118073,0,0
tt0118076,0,0
tt0118079,0,0
tt0118088,0,0
tt0118100,0,0
tt0118111,0,0
tt0118113,0,0
tt0118117,0,0
tt0118119,0,0
tt0118124,0,0
tt0118127,0,44000
tt0118137,0,0
tt0118149,0,0
tt0118150,0,0
tt0118153,NF,NF
tt0118158,38000000,10300000
tt0118159,0,0
tt0118161,0,0
tt0118163,1300000,0
tt0118172,0,0
tt0118173,0,0
tt0118174,0,0
tt0118178,0,0
tt0118181,0,0
tt0118183,0,0
tt0118205,0,0
tt0118214,0,0
tt0118229,0,0
tt0118301,0,0
tt0118308,0,0
tt0118441,0,0
tt0118499,0,0
tt0118523,0,0
tt0118526,0,0
tt0118528,0,0
tt0118531,20000000,5716080
tt0118539,0,0
tt0118541,0,0
tt0118548,50000000,50068310
tt0118553,0,0
tt0118556,0,34673095
tt0118557,0,0
tt0118564,6000000,6330054
tt0118565,0,0
tt0118566,0,0
tt0118570,3000000,23144499
tt0118571,85000000,315156409
tt0118577,10000000,45779
tt0118581,0,0
tt0118583,70000000,162000000
tt0118586,0,0
tt0118589,22000000,5271666
tt0118601,0,0
tt0118604,22000000,26570463
tt0118607,36000000,74000000
tt0118608,NF,NF
tt0118614,0,0
tt0118615,45000000,136885767
tt0118616,0,0
tt0118617,53000000,139804348
tt0118623,35000000,791830
tt0118630,NF,NF
tt0118631,0,0
tt0118632,5000000,0
tt0118636,14000000,0
tt0118643,0,0
tt0118645,0,0
tt0118647,0,0
tt0118652,1000000,0
tt0118655,16500000,67683989
tt0118661,60000000,48522832
tt0118663,0,7240837
tt0118665,12000000,36450736
tt0118668,0,0
tt0118670,0,0
tt0118671,0,0
tt0118682,0,0
tt0118686,0,0
tt0118688,125000000,238207122
tt0118689,18000000,251212670
tt0118691,16000000,0
tt0118692,0,0
tt0118694,0,12854953
tt0118696,0,0
tt0118697,0,0
tt0118698,0,0
tt0118708,0,0
tt0118715,15000000,27739163
tt0118721,0,0
tt0118724,0,0
tt0118727,0,0
tt0118730,1000000,0
tt0118732,0,0
tt0118734,0,0
tt0118736,2000000,124494
tt0118742,0,207751
tt0118743,0,0
tt0118744,0,0
tt0118745,0,0
tt0118747,28000000,14051384
tt0118748,0,0
tt0118749,15000000,43101594
tt0118750,0,20060051
tt0118752,0,0
tt0118755,29000000,0
tt0118760,0,0
tt0118766,0,0
tt0118770,0,0
tt0118771,36000000,50159144
tt0118772,0,0
tt0118778,0,0
tt0118782,0,0
tt0118783,0,0
tt0118787,0,0
tt0118789,1500000,2375097
tt0118790,0,0
tt0118798,30000000,29202884
tt0118799,20000000,229400000
tt0118800,0,0
tt0118804,0,0
tt0118811,0,0
tt0118818,0,0
tt0118819,103,0
tt0118824,0,0
tt0118826,786675,861789
tt0118827,0,0
tt0118828,0,0
tt0118829,32000000,3566637
tt0118836,0,0
tt0118840,0,0
tt0118842,250000,12021272
tt0118843,0,0
tt0118849,180000,900000
tt0118851,0,0
tt0118852,0,0
tt0118856,0,0
tt0118859,8000000,0
tt0118863,0,0
tt0118864,0,0
tt0118865,0,0
tt0118866,0,0
tt0118868,0,0
tt0118870,0,0
tt0118880,75000000,224012234
tt0118883,75000000,136982834
tt0118884,90000000,171120329
tt0118885,0,0
tt0118887,15000000,44862187
tt0118892,0,0
tt0118894,0,0
tt0118897,0,0
tt0118900,0,5790448
tt0118901,0,0
tt0118903,0,0
tt0118908,0,0
tt0118912,0,0
tt0118915,3500000,0
tt0118925,0,565592
tt0118926,0,0
tt0118927,0,3028094
tt0118928,116000000,178127760
tt0118929,27000000,27200316
tt0118932,0,0
tt0118941,0,0
tt0118942,0,0
tt0118944,0,0
tt0118946,0,0
tt0118951,0,0
tt0118954,0,0
tt0118956,45000000,11203026
tt0118964,0,0
tt0118966,0,0
tt0118969,0,0
tt0118970,0,0
tt0118971,57000000,60984028
tt0118972,90000000,140807547
tt0118979,0,0
tt0118980,0,33556
tt0118986,0,0
tt0118991,0,0
tt0118993,0,0
tt0118996,0,0
tt0118998,71000000,294456605
tt0119008,35000000,41954997
tt0119011,0,0
tt0119012,0,0
tt0119013,30000000,0
tt0119019,0,0
tt0119025,0,0
tt0119028,0,0
tt0119033,0,0
tt0119038,12500000,78599508
tt0119049,0,0
tt0119051,0,0
tt0119052,0,0
tt0119053,0,0
tt0119054,0,0
tt0119055,25000000,0
tt0119062,0,0
tt0119068,0,0
tt0119075,0,0
tt0119076,NF,NF
tt0119079,14000000,206128
tt0119080,0,0
tt0119081,60000000,47073851
tt0119084,0,0
tt0119085,0,0
tt0119086,0,0
tt0119087,0,0
tt0119088,0,0
tt0119092,0,0
tt0119093,0,0
tt0119094,0,0
tt0119095,0,14000000
tt0119097,0,0
tt0119099,500,981
tt0119109,85000000,0
tt0119114,0,0
tt0119115,0,9381260
tt0119116,90000000,263920180
tt0119123,16000000,22000000
tt0119125,0,0
tt0119126,NF,NF
tt0119127,0,0
tt0119137,80000000,177977226
tt0119141,0,29481428
tt0119142,35000000,31611225
tt0119152,0,0
tt0119153,0,0
tt0119158,0,0
tt0119164,3500000,257850122
tt0119171,0,0
tt0119173,50000000,48169156
tt0119174,50000000,109423648
tt0119176,NF,NF
tt0119177,36000000,12532777
tt0119190,55000000,0
tt0119196,0,0
tt0119203,0,0
tt0119207,0,0
tt0119208,0,0
tt0119209,0,86175
tt0119210,37000000,6482195
tt0119212,0,0
tt0119214,53000000,0
tt0119215,0,0
tt0119217,10000000,225933435
tt0119218,0,0
tt0119219,20000000,0
tt0119220,0,0
tt0119223,25000000,55494066
tt0119225,0,0
tt0119227,0,0
tt0119229,0,28084357
tt0119237,1300000,0
tt0119238,0,0
tt0119243,0,0
tt0119244,0,0
tt0119256,3000000,222559
tt0119258,0,0
tt0119261,0,0
tt0119270,0,0
tt0119271,0,0
tt0119272,0,0
tt0119273,15000000,0
tt0119278,0,0
tt0119279,8000000,0
tt0119280,0,0
tt0119282,85000000,252712101
tt0119283,0,0
tt0119288,0,0
tt0119292,0,0
tt0119298,0,0
tt0119302,0,0
tt0119303,32000000,79082515
tt0119304,15000000,10443316
tt0119305,0,271375
tt0119310,0,0
tt0119311,30000000,0
tt0119312,0,0
tt0119313,0,0
tt0119314,60000000,186883563
tt0119317,0,0
tt0119318,0,0
tt0119320,0,0
tt0119324,1500000,626057
tt0119326,0,13960203
tt0119327,0,0
tt0119328,0,0
tt0119333,0,0
tt0119336,0,0
tt0119338,0,0
tt0119339,0,0
tt0119345,17000000,125586134
tt0119346,250,203
tt0119347,0,0
tt0119349,18,7
tt0119352,0,0
tt0119357,0,0
tt0119358,0,0
tt0119360,35000000,0
tt0119361,0,0
tt0119362,0,0
tt0119365,0,0
tt0119367,0,0
tt0119368,0,0
tt0119376,0,0
tt0119380,0,0
tt0119381,0,5926128
tt0119389,0,0
tt0119395,60000000,159330280
tt0119396,12000000,39673162
tt0119401,0,0
tt0119415,0,0
tt0119416,0,0
tt0119426,0,0
tt0119429,0,0
tt0119432,0,0
tt0119434,0,0
tt0119441,NF,NF
tt0119448,4500000,0
tt0119453,0,0
tt0119456,0,0
tt0119457,0,0
tt0119461,0,0
tt0119465,0,0
tt0119467,0,0
tt0119468,27000000,60527873
tt0119484,0,0
tt0119485,28000000,0
tt0119488,35000000,126216940
tt0119494,0,0
tt0119495,0,0
tt0119502,0,0
tt0119505,0,0
tt0119506,7000000,0
tt0119509,0,0
tt0119514,0,0
tt0119517,5000000,4710749
tt0119518,0,0
tt0119520,0,0
tt0119521,0,0
tt0119527,0,0
tt0119528,45000000,181000000
tt0119529,0,0
tt0119534,0,0
tt0119535,12000000,0
tt0119544,0,0
tt0119545,0,0
tt0119546,0,0
tt0119547,0,0
tt0119548,0,0
tt0119550,1,14
tt0119553,0,0
tt0119555,0,0
tt0119557,0,10082
tt0119558,62000000,1060056
tt0119560,0,0
tt0119567,73000000,229074524
tt0119570,0,0
tt0119572,10000000,0
tt0119574,0,0
tt0119576,0,0
tt0119578,2000000,2900000
tt0119581,500000,0
tt0119582,0,0
tt0119586,0,458557
tt0119590,0,0
tt0119592,50000000,0
tt0119594,0,0
tt0119598,0,0
tt0119607,0,0
tt0119630,0,0
tt0119632,0,0
tt0119639,0,0
tt0119640,0,4529843
tt0119642,0,0
tt0119643,90000000,142940100
tt0119644,0,0
tt0119648,NF,NF
tt0119649,0,0
tt0119653,0,0
tt0119654,90000000,589390539
tt0119656,0,0
tt0119657,0,0
tt0119660,0,0
tt0119661,0,0
tt0119664,55000000,31987563
tt0119665,0,0
tt0119667,0,0
tt0119668,35000000,25105255
tt0119670,0,0
tt0119675,30000000,25480490
tt0119679,0,0
tt0119683,0,14096321
tt0119692,0,0
tt0119693,0,0
tt0119695,0,0
tt0119698,26500000,159375308
tt0119699,0,0
tt0119700,0,0
tt0119705,0,0
tt0119707,30000000,51376861
tt0119709,25000000,0
tt0119710,0,0
tt0119715,38000000,122417389
tt0119717,0,0
tt0119718,30000000,0
tt0119723,0,3309421
tt0119724,0,0
tt0119729,0,0
tt0119731,0,25804707
tt0119732,0,0
tt0119734,0,0
tt0119737,0,0
tt0119738,46000000,126813153
tt0119743,0,408339
tt0119744,0,0
tt0119746,2000000,458815
tt0119762,0,0
tt0119764,0,0
tt0119774,0,0
tt0119775,0,0
tt0119778,0,0
tt0119780,0,168462
tt0119783,0,0
tt0119784,0,0
tt0119791,0,1179002
tt0119792,9000000,0
tt0119794,0,0
tt0119802,0,0
tt0119805,NF,NF
tt0119807,25000000,0
tt0119809,0,27354
tt0119815,0,310724
tt0119819,0,0
tt0119822,50000000,314178011
tt0119823,0,0
tt0119832,24000000,2642983
tt0119838,0,0
tt0119839,0,0
tt0119843,0,0
tt0119848,0,0
tt0119850,0,0
tt0119854,0,0
tt0119856,0,0
tt0119859,16000000,0
tt0119865,0,0
tt0119867,0,0
tt0119872,0,0
tt0119874,50000000,0
tt0119879,0,0
tt0119882,0,0
tt0119883,2000000,0
tt0119887,17000000,0
tt0119889,0,0
tt0119891,0,5
tt0119892,0,0
tt0119893,0,0
tt0119896,19000000,0
tt0119899,0,0
tt0119901,0,0
tt0119902,0,0
tt0119903,0,0
tt0119905,0,0
tt0119906,12000000,4000000
tt0119908,0,0
tt0119910,0,0
tt0119918,0,0
tt0119925,80000000,17626234
tt0119930,0,0
tt0119931,0,0
tt0119933,NF,NF
tt0119934,25000000,777423
tt0119935,0,0
tt0119937,8000000,589304
tt0119941,0,0
tt0119942,65000000,0
tt0119947,0,0
tt0119950,0,0
tt0119951,28000000,41230799
tt0119952,0,0
tt0119953,0,0
tt0119957,0,0
tt0119960,0,0
tt0119961,0,0
tt0119978,40000000,45916769
tt0119984,0,0
tt0119985,0,0
tt0119986,0,0
tt0119987,0,0
tt0119988,0,0
tt0119989,0,0
tt0119994,48000000,0
tt0120001,0,0
tt0120004,60000000,33956608
tt0120008,30000000,19204929
tt0120013,0,0
tt0120021,0,0
tt0120023,0,0
tt0120024,0,0
tt0120026,0,0
tt0120029,16000000,0
tt0120032,0,29235353
tt0120034,0,0
tt0120036,0,0
tt0120039,0,0
tt0120041,0,0
tt0120044,0,0
tt0120053,68,118
tt0120054,0,0
tt0120062,0,0
tt0120080,0,0
tt0120082,24000000,172363301
tt0120086,0,0
tt0120087,0,479099
tt0120088,4000000,0
tt0120089,0,0
tt0120094,20000000,60000000
tt0120095,0,0
tt0120100,0,0
tt0120102,70000000,131457682
tt0120107,45000000,2154540
tt0120108,147773,0
tt0120109,0,0
tt0120110,0,0
tt0120111,0,0
tt0120112,18000000,0
tt0120114,0,0
tt0120118,0,0
tt0120121,0,0
tt0120122,3000000,302204
tt0120131,0,0
tt0120133,0,0
tt0120135,0,0
tt0120137,0,0
tt0120142,0,0
tt0120147,0,0
tt0120148,6000000,58000000
tt0120151,0,0
tt0120152,35000000,0
tt0120157,75000000,14567883
tt0120162,0,0
tt0120169,0,0
tt0120171,0,0
tt0120174,0,0
tt0120176,0,0
tt0120177,40000000,87840042
tt0120179,160000000,164508066
tt0120184,75000000,13100000
tt0120185,0,0
tt0120186,0,0
tt0120188,75000000,108000000
tt0120190,0,7553105
tt0120192,0,0
tt0120197,0,0
tt0120199,25000000,0
tt0120201,105000000,121214377
tt0120202,0,0
tt0120207,16000000,1686429
tt0120208,0,0
tt0120210,0,0
tt0120211,0,0
tt0120213,0,0
tt0120220,0,0
tt0120222,0,0
tt0120224,0,0
tt0120228,NF,NF
tt0120230,0,0
tt0120237,17000000,0
tt0120238,0,0
tt0120240,0,0
tt0120241,0,0
tt0120247,0,0
tt0120250,0,0
tt0120254,0,273644
tt0120255,5000000,3263585
tt0120256,0,0
tt0120257,0,0
tt0120271,0,0
tt0120274,0,0
tt0120275,0,0
tt0120301,NF,NF
tt0120303,0,0
tt0120310,0,0
tt0120316,0,0
tt0120317,0,0
tt0120318,0,0
tt0120321,0,0
tt0120323,0,0
tt0120324,0,0
tt0120330,0,0
tt0120336,NF,NF
tt0120338,200000000,1845034188
tt0120347,110000000,333011068
tt0120353,0,0
tt0120356,0,0
tt0120357,0,0
tt0120363,90000000,485015179
tt0120366,0,0
tt0120373,0,0
tt0120376,15000000,0
tt0120380,0,0
tt0120381,0,0
tt0120382,60000000,264118201
tt0120383,0,0
tt0120389,10000000,17979739
tt0120390,55000000,11466088
tt0120391,0,0
tt0120392,0,0
tt0120399,19000000,6682098
tt0120401,0,0
tt0120402,0,0
tt0120412,0,0
tt0120413,0,0
tt0120414,0,0
tt0120423,0,0
tt0120424,0,0
tt0120428,0,0
tt0120434,25000000,36400360
tt0120435,0,0
tt0120449,500000,0
tt0120458,75000000,14010690
tt0120461,90000000,0
tt0120462,NF,NF
tt0120467,120000,14904
tt0120478,0,7
tt0120479,0,0
tt0120481,0,0
tt0120483,20000000,13801755
tt0120484,23000000,185991646
tt0120486,NF,NF
tt0120487,0,0
tt0120489,0,0
tt0120490,0,0
tt0120491,0,0
tt0120495,0,0
tt0120500,0,0
tt0120502,0,0
tt0120504,3000000,0
tt0120510,6000000,0
tt0120512,0,0
tt0120514,0,0
tt0120520,0,0
tt0120521,0,0
tt0120523,0,0
tt0120524,5000000,15738769
tt0120531,13000000,8026971
tt0120532,0,0
tt0120533,0,0
tt0120534,0,0
tt0120536,0,0
tt0120550,0,0
tt0120576,0,0
tt0120577,13000000,16757163
tt0120584,0,0
tt0120586,20000000,23875127
tt0120587,60000000,171757863
tt0120591,140000000,553799566
tt0120594,0,0
tt0120595,90000000,69131860
tt0120596,51000000,36911617
tt0120598,0,0
tt0120601,13000000,22863596
tt0120602,0,0
tt0120603,0,0
tt0120604,20000000,1531251
tt0120609,13000000,0
tt0120610,0,0
tt0120611,45000000,112601065
tt0120613,14000000,0
tt0120616,80000000,415885488
tt0120617,0,0
tt0120618,12000000,0
tt0120619,0,0
tt0120620,25000000,13000000
tt0120623,120000000,363398565
tt0120627,0,0
tt0120628,0,0
tt0120630,45000000,224834564
tt0120631,26000000,65705772
tt0120632,55000000,198685114
tt0120633,70000000,56702901
tt0120634,0,0
tt0120642,0,0
tt0120643,0,0
tt0120645,24000000,4562146
tt0120646,38000000,28121100
tt0120647,75000000,140464664
tt0120650,0,0
tt0120651,NF,NF
tt0120654,0,0
tt0120655,10000000,30652890
tt0120657,160000000,61698899
tt0120660,90000000,250649836
tt0120662,15000000,0
tt0120663,65000000,162091208
tt0120667,100000000,330000000
tt0120669,18500000,10680275
tt0120670,19000000,0
tt0120678,0,0
tt0120679,12000000,56298474
tt0120680,0,0
tt0120681,35000000,74558115
tt0120683,0,0
tt0120684,10000000,6451628
tt0120685,130000000,379014294
tt0120686,0,0
tt0120687,0,3
tt0120689,60000000,284600000
tt0120692,0,0
tt0120693,8000000,17460020
tt0120694,17000000,55041738
tt0120695,5000000,0
tt0120696,70000000,19870567
tt0120697,0,0
tt0120698,0,0
tt0120699,0,0
tt0120701,60000000,0
tt0120703,20000000,37672350
tt0120706,0,1214198
tt0120707,0,0
tt0120709,0,0
tt0120710,0,0
tt0120716,0,0
tt0120722,12000000,12902790
tt0120723,0,0
tt0120724,33000000,0
tt0120725,0,0
tt0120727,0,0
tt0120728,8000000,0
tt0120731,9000000,0
tt0120735,1350000,3897569
tt0120737,93000000,871368364
tt0120738,80000000,136159423
tt0120739,0,0
tt0120741,0,0
tt0120742,0,3572443
tt0120744,0,0
tt0120746,95000000,250288523
tt0120747,0,0
tt0120749,60000000,0
tt0120751,90000000,0
tt0120753,8000000,0
tt0120755,125000000,546388105
tt0120757,50000000,13260050
tt0120762,90000000,304320254
tt0120764,65000000,36850101
tt0120765,0,7985929
tt0120767,0,0
tt0120768,50000000,44547681
tt0120769,27000000,76000000
tt0120770,17000000,30331165
tt0120772,15000000,0
tt0120773,0,0
tt0120775,0,0
tt0120776,0,0
tt0120777,5000000,5879254
tt0120779,0,0
tt0120780,48000000,77745568
tt0120782,0,0
tt0120783,0,0
tt0120784,90000000,161626121
tt0120786,25000000,0
tt0120787,60000000,128038368
tt0120788,0,0
tt0120789,0,0
tt0120791,75000000,46683377
tt0120793,0,1081957
tt0120794,70000000,218613188
tt0120797,0,0
tt0120800,0,0
tt0120801,0,0
tt0120802,18000000,9495408
tt0120804,33000000,102441078
tt0120805,0,0
tt0120807,0,0
tt0120812,33000000,244386864
tt0120813,0,0
tt0120815,70000000,481840909
tt0120820,0,13035599
tt0120823,0,2197921
tt0120824,0,0
tt0120827,NF,NF
tt0120828,70000000,164000000
tt0120829,NF,NF
tt0120831,5000000,0
tt0120832,73000000,103891409
tt0120834,0,0
tt0120835,0,1782005
tt0120836,1,100
tt0120838,0,0
tt0120841,0,0
tt0120844,70000000,118000000
tt0120847,0,0
tt0120851,0,0
tt0120855,0,0
tt0120856,0,0
tt0120857,12000000,21001563
tt0120859,0,0
tt0120860,5000000,0
tt0120861,0,0
tt0120863,52000000,98126565
tt0120865,0,0
tt0120866,0,0
tt0120867,0,0
tt0120871,0,0
tt0120873,60000000,102367405
tt0120877,20000000,0
tt0120878,4,0
tt0120879,0,1053788
tt0120885,15000000,64256513
tt0120888,22000000,123000000
tt0120889,85000000,71485043
tt0120890,20000000,67200000
tt0120891,170000000,222104681
tt0120894,0,0
tt0120899,0,0
tt0120900,0,0
tt0120901,0,0
tt0120902,66000000,189198313
tt0120903,75000000,157299717
tt0120906,5000000,1980338
tt0120907,15000000,2856712
tt0120910,80000000,90874570
tt0120912,140000000,441818803
tt0120913,75000000,36754634
tt0120915,115000000,924317558
tt0120917,100000000,169327687
tt0121164,40000000,117195061
tt0121765,120000000,649398328
tt0121766,113000000,850000000
tt0121974,0,0
tt0122151,140000000,285444603
tt0122161,0,0
tt0122247,0,0
tt0122323,0,0
tt0122338,0,0
tt0122452,0,0
tt0122459,24000000,36609995
tt0122474,0,0
tt0122541,14000000,18535191
tt0122573,0,0
tt0122642,0,0
tt0122690,55000000,41610884
tt0122710,0,0
tt0122718,40000000,54682547
tt0122735,0,0
tt0122743,0,0
tt0122768,0,0
tt0122804,0,0
tt0122906,0,0
tt0122933,80000000,176885658
tt0122961,0,0
tt0123003,10000000,0
tt0123034,1000000,0
tt0123078,NF,NF
tt0123206,0,0
tt0123209,35000000,0
tt0123221,NF,NF
tt0123241,0,0
tt0123324,0,12413650
tt0123371,0,0
tt0123376,0,0
tt0123385,0,0
tt0123755,250000,501818
tt0123811,NF,NF
tt0123817,NF,NF
tt0123832,0,0
tt0123835,0,0
tt0123865,0,0
tt0123950,0,0
tt0123964,80000000,73345029
tt0123975,0,0
tt0123977,0,0
tt0123987,0,0
tt0124023,0,0
tt0124102,1100000,631221
tt0124116,0,0
tt0124119,0,0
tt0124137,0,0
tt0124179,1000000,2057193
tt0124198,30000000,9898412
tt0124207,0,0
tt0124295,0,720074
tt0124298,35000000,40263020
tt0124312,0,0
tt0124315,24000000,0
tt0124349,0,0
tt0124595,0,0
tt0124718,25000000,21567853
tt0124743,0,0
tt0124773,0,0
tt0124808,0,0
tt0124811,0,0
tt0124819,1000000,0
tt0124879,20000000,18253415
tt0124901,0,0
tt0125022,35000000,0
tt0125060,0,0
tt0125061,0,0
tt0125128,0,0
tt0125439,42000000,363889678
tt0125454,0,0
tt0125460,0,0
tt0125659,2900000,368234
tt0125664,82000000,47434430
tt0125678,0,0
tt0125766,0,0
tt0125778,0,0
tt0125802,0,0
tt0125841,0,0
tt0125879,0,0
tt0125971,7000000,7292175
tt0125980,0,0
tt0126016,0,0
tt0126029,60000000,484409218
tt0126035,0,0
tt0126120,0,0
tt0126220,0,0
tt0126234,0,0
tt0126245,0,0
tt0126250,10000000,0
tt0126253,7000000,0
tt0126261,0,0
tt0126344,0,0
tt0126388,20000000,0
tt0126411,0,0
tt0126423,0,0
tt0126568,0,0
tt0126604,0,0
tt0126606,0,0
tt0126651,0,0
tt0126680,0,0
tt0126816,0,0
tt0126827,0,0
tt0126859,4000000,0
tt0126861,0,0
tt0126886,0,0
tt0126908,0,0
tt0126916,50000000,0
tt0126928,0,0
tt0126938,0,0
tt0126965,0,0
tt0126973,0,0
tt0127020,0,0
tt0127143,0,0
tt0127247,0,189635
tt0127282,0,0
tt0127288,0,0
tt0127296,0,45703
tt0127328,0,0
tt0127349,85000000,327418
tt0127350,0,0
tt0127357,0,0
tt0127361,0,0
tt0127378,0,0
tt0127415,NF,NF
tt0127489,0,0
tt0127536,30000000,82150642
tt0127624,0,0
tt0127629,0,0
tt0127637,0,0
tt0127643,NF,NF
tt0127702,0,0
tt0127723,10000000,25605015
tt0127751,0,0
tt0127759,0,0
tt0127913,NF,NF
tt0127914,0,0
tt0127917,0,0
tt0127919,0,0
tt0127932,0,0
tt0127952,0,0
tt0128072,0,0
tt0128133,0,0
tt0128137,0,0
tt0128214,300000,40542
tt0128239,30000000,0
tt0128278,80,0
tt0128285,0,0
tt0128429,0,0
tt0128442,12000000,22921898
tt0128445,0,0
tt0128473,0,0
tt0128591,0,0
tt0128648,0,0
tt0128842,0,0
tt0128853,65000000,250821495
tt0128977,0,0
tt0128996,0,0
tt0129023,0,0
tt0129028,0,0
tt0129062,0,0
tt0129082,0,0
tt0129111,0,0
tt0129136,6000000,0
tt0129167,70000000,23159305
tt0129211,0,0
tt0129238,0,0
tt0129280,75000000,29000000
tt0129290,50000000,202292902
tt0129332,12000000,0
tt0129360,0,0
tt0129387,23000000,369884651
tt0129414,0,0
tt0129568,0,0
tt0129634,0,0
tt0129852,0,0
tt0129868,0,0
tt0129871,0,0
tt0129884,0,0
tt0129908,0,0
tt0129910,0,0
tt0129992,0,0
tt0130018,65000000,40002112
tt0130019,0,0
tt0130036,0,0
tt0130121,0,0
tt0130142,0,0
tt0130159,0,0
tt0130172,0,0
tt0130192,0,0
tt0130370,0,0
tt0130530,500000,0
tt0130623,127500000,354248063
tt0130650,0,0
tt0130761,0,0
tt0130827,1530000,7267585
tt0130883,0,0
tt0130928,0,0
tt0130964,0,0
tt0131046,0,0
tt0131110,0,0
tt0131325,55000000,0
tt0131349,0,0
tt0131369,80000000,0
tt0131436,0,0
tt0131484,0,0
tt0131494,0,0
tt0131502,0,0
tt0131534,0,0
tt0131566,0,0
tt0131603,NF,NF
tt0131646,30000000,0
tt0131656,0,0
tt0131704,76000000,35134820
tt0131857,0,7027290
tt0132160,2500000,0
tt0132164,0,0
tt0132165,0,0
tt0132213,0,0
tt0132245,94000000,54744738
tt0132347,68000000,29762011
tt0132363,NF,NF
tt0132451,0,0
tt0132477,0,0
tt0132512,0,0
tt0132563,0,0
tt0132885,0,0
tt0132895,0,0
tt0132910,10000000,0
tt0132920,0,0
tt0133046,0,0
tt0133093,63000000,463517383
tt0133117,700000,10508
tt0133122,0,0
tt0133146,0,0
tt0133152,100000000,362211740
tt0133189,0,299200
tt0133240,140000000,109578115
tt0133363,0,0
tt0133412,0,0
tt0133413,0,0
tt0133417,NF,NF
tt0133643,0,0
tt0133735,0,0
tt0133751,15000000,40283321
tt0133832,65000,0
tt0133952,70000000,116672912
tt0133981,0,0
tt0133985,0,0
tt0134033,0,0
tt0134067,0,100491683
tt0134084,40000000,161834276
tt0134099,NF,NF
tt0134119,40000000,128798265
tt0134154,38000000,635096
tt0134273,40000000,96618699
tt0134380,0,0
tt0134610,0,0
tt0134613,0,0
tt0134618,28000000,8888143
tt0134619,15000000,17507368
tt0134630,0,0
tt0134847,23000000,53187659
tt0134912,0,0
tt0134942,0,0
tt0134948,12000000,0
tt0134969,0,0
tt0134983,90000000,14828081
tt0135049,0,0
tt0135166,0,0
tt0135470,0,0
tt0135526,NF,NF
tt0135706,0,0
tt0135707,0,0
tt0135774,0,0
tt0135895,NF,NF
tt0135997,0,0
tt0136244,12000000,0
tt0136517,NF,NF
tt0136535,0,0
tt0136774,0,0
tt0136785,0,0
tt0137036,NF,NF
tt0137041,0,0
tt0137148,0,0
tt0137195,0,0
tt0137201,0,0
tt0137338,6000000,6852450
tt0137363,21500000,0
tt0137386,0,2020700
tt0137439,0,0
tt0137494,66000000,212404396
tt0137505,0,0
tt0137523,63000000,100853753
tt0137799,500000,0
tt0137904,0,0
tt0138089,0,0
tt0138097,25000000,289317794
tt0138192,0,0
tt0138279,0,0
tt0138289,0,0
tt0138304,75000000,19598588
tt0138322,0,0
tt0138326,0,0
tt0138353,0,0
tt0138359,0,0
tt0138389,0,0
tt0138408,0,0
tt0138420,0,0
tt0138467,0,0
tt0138493,0,0
tt0138510,25000000,4152230
tt0138511,0,0
tt0138524,60000000,119940815
tt0138537,0,33031
tt0138541,0,0
tt0138581,0,0
tt0138590,0,258464
tt0138647,0,0
tt0138681,0,0
tt0138703,650000,0
tt0138704,60000,3221152
tt0138749,95000000,76432727
tt0138797,0,0
tt0138818,NF,NF
tt0138833,0,0
tt0138862,0,0
tt0138874,0,0
tt0138927,0,0
tt0138942,0,0
tt0138946,0,0
tt0138987,0,0
tt0139029,0,0
tt0139030,1200000,0
tt0139056,0,0
tt0139076,0,0
tt0139091,0,0
tt0139112,0,0
tt0139134,10500000,75902208
tt0139151,15000000,0
tt0139162,0,0
tt0139225,0,0
tt0139239,6500000,28451622
tt0139362,0,1929168
tt0139388,0,0
tt0139414,27000000,56870414
tt0139426,0,0
tt0139462,80000000,118880016
tt0139470,0,0
tt0139487,0,0
tt0139498,0,0
tt0139515,3,0
tt0139615,0,0
tt0139630,0,0
tt0139645,0,0
tt0139649,0,0
tt0139654,45000000,104876233
tt0139668,0,0
tt0139669,0,0
tt0139699,0,0
tt0139733,0,0
tt0139809,16000000,18564088
tt0139873,0,0
tt0139898,0,0
tt0140067,0,0
tt0140282,0,0
tt0140312,0,0
tt0140352,90000000,60289912
tt0140379,11000000,0
tt0140397,0,0
tt0140447,0,0
tt0140471,0,0
tt0140508,0,0
tt0140519,0,0
tt0140590,0,0
tt0140688,0,0
tt0140751,0,0
tt0140796,0,10224116
tt0140883,0,0
tt0140888,0,5596708
tt0141006,0,0
tt0141098,75000000,93888180
tt0141105,0,0
tt0141109,27000000,0
tt0141111,0,0
tt0141369,75000000,0
tt0141399,36000000,3003296
tt0141593,0,0
tt0141699,0,8
tt0141824,0,0
tt0141843,NF,NF
tt0141907,90000000,10372291
tt0141926,62000000,127666415
tt0141974,0,0
tt0142134,0,0
tt0142192,0,0
tt0142201,0,0
tt0142231,0,0
tt0142232,0,0
tt0142233,0,0
tt0142234,0,0
tt0142236,0,0
tt0142238,0,0
tt0142241,0,0
tt0142242,0,0
tt0142243,0,0
tt0142342,34200000,163479795
tt0142634,0,0
tt0142650,0,0
tt0142688,38000000,58401898
tt0142804,10000000,0
tt0143096,0,0
tt0143145,135000000,361832400
tt0143202,NF,NF
tt0143213,0,0
tt0143236,NF,NF
tt0143261,0,94633
tt0143296,0,0
tt0143344,0,0
tt0143422,0,0
tt0143614,0,0
tt0143746,0,0
tt0143874,0,0
tt0143889,0,0
tt0144039,0,0
tt0144041,0,0
tt0144084,7000000,34266564
tt0144096,0,0
tt0144117,6000000,30471
tt0144120,25000000,50671850
tt0144142,3000000,0
tt0144146,0,0
tt0144156,0,0
tt0144168,13000000,27500000
tt0144178,2000000,7
tt0144189,0,0
tt0144201,0,0
tt0144214,60000000,100000000
tt0144249,0,0
tt0144262,0,0
tt0144286,0,0
tt0144528,84000000,123307945
tt0144546,0,0
tt0144548,0,0
tt0144550,0,0
tt0144596,0,0
tt0144597,0,0
tt0144604,0,0
tt0144605,0,0
tt0144608,0,0
tt0144622,0,0
tt0144637,1700000,9037000
tt0144640,20000000,0
tt0144669,0,0
tt0144678,0,0
tt0144688,0,0
tt0144715,0,0
tt0144814,21000000,17762705
tt0144926,0,0
tt0144964,25000000,15843608
tt0145048,0,0
tt0145393,0,0
tt0145404,0,0
tt0145480,0,0
tt0145487,139000000,821708551
tt0145503,0,0
tt0145505,0,0
tt0145529,0,0
tt0145531,29000000,50041732
tt0145547,0,0
tt0145551,0,0
tt0145653,25,13
tt0145660,33000000,310940086
tt0145681,73000000,151493655
tt0145734,20000000,3970078
tt0145893,6000000,4398989
tt0145937,3000000,13308
tt0146063,0,0
tt0146165,0,0
tt0146309,80000000,34566746
tt0146316,115000000,274703340
tt0146336,14000000,72527595
tt0146402,0,0
tt0146403,0,0
tt0146425,0,0
tt0146457,NF,NF
tt0146516,0,0
tt0146547,0,0
tt0146562,0,0
tt0146675,83000000,209300000
tt0146786,0,0
tt0146838,55000000,100230832
tt0146879,0,0
tt0146882,30000000,47126295
tt0146984,80000000,39459427
tt0147004,0,0
tt0147486,NF,NF
tt0147599,0,0
tt0147800,16000000,53478166
tt0147802,0,0
tt0147856,0,0
tt0147857,0,0
tt0147906,0,0
tt0147995,0,0
tt0148268,NF,NF
tt0148421,0,0
tt0148508,0,0
tt0148639,0,0
tt0149151,0,0
tt0149171,0,0
tt0149208,NF,NF
tt0149215,0,0
tt0149253,0,0
tt0149261,60000000,73648228
tt0149367,0,0
tt0149372,0,0
tt0149380,0,0
tt0149448,0,0
tt0149624,57000000,0
tt0149691,23000000,18653615
tt0149723,0,0
tt0149898,0,0
tt0149964,0,0
tt0150021,0,0
tt0150111,0,0
tt0150176,0,0
tt0150209,1500000,0
tt0150216,0,0
tt0150363,0,0
tt0150377,70000000,177841558
tt0150488,0,0
tt0150500,0,0
tt0150705,0,0
tt0150915,0,0
tt0151137,0,0
tt0151239,0,0
tt0151301,NF,NF
tt0151305,0,0
tt0151309,0,0
tt0151331,0,0
tt0151568,0,0
tt0151582,0,370668
tt0151683,0,0
tt0151691,0,0
tt0151734,0,0
tt0151738,25000000,84565230
tt0151804,10000000,12827813
tt0151905,0,0
tt0152174,0,0
tt0152176,0,0
tt0152548,0,0
tt0152573,0,0
tt0152620,0,0
tt0153012,NF,NF
tt0153080,0,0
tt0153098,0,0
tt0153441,0,0
tt0153464,0,0
tt0153992,0,0
tt0154420,1300000,0
tt0154421,2500000,0
tt0154443,0,0
tt0154467,0,0
tt0154506,0,0
tt0154901,0,0
tt0154965,0,0
tt0155060,0,0
tt0155110,0,0
tt0155197,1000000,0
tt0155267,48000000,124305181
tt0155388,0,0
tt0155508,0,0
tt0155711,0,4488529
tt0155713,0,0
tt0155732,0,0
tt0155753,30000000,0
tt0155776,3000000,3076820
tt0155815,0,0
tt0155833,0,0
tt0155877,0,0
tt0155940,0,0
tt0155944,0,0
tt0155975,60000000,37141130
tt0156018,NF,NF
tt0156075,0,0
tt0156096,0,0
tt0156106,0,0
tt0156115,0,0
tt0156146,0,0
tt0156182,2500000,0
tt0156323,0,0
tt0156413,0,0
tt0156515,0,0
tt0156639,0,0
tt0156711,0,0
tt0156729,0,0
tt0156734,0,0
tt0156735,0,0
tt0156757,0,0
tt0156807,0,0
tt0156812,7000000,0
tt0156820,0,0
tt0156839,NF,NF
tt0156841,25000000,24362772
tt0156859,0,0
tt0156887,0,0
tt0156904,0,0
tt0156934,64000000,74608570
tt0156976,0,0
tt0156984,0,0
tt0157000,0,0
tt0157007,1400000,0
tt0157042,NF,NF
tt0157075,0,0
tt0157122,0,0
tt0157171,2000000,0
tt0157182,0,0
tt0157183,0,0
tt0157191,0,0
tt0157208,0,0
tt0157262,26000000,0
tt0157297,NF,NF
tt0157366,0,0
tt0157411,0,0
tt0157427,NF,NF
tt0157472,26000000,38793283
tt0157503,10000000,10571408
tt0157515,0,0
tt0157553,0,0
tt0157583,0,15705007
tt0157655,0,0
tt0157697,0,0
tt0157836,0,0
tt0157913,0,0
tt0157992,0,0
tt0158011,0,0
tt0158030,0,0
tt0158033,0,0
tt0158049,0,0
tt0158131,0,0
tt0158154,0,0
tt0158369,0,0
tt0158371,0,0
tt0158409,0,0
tt0158423,0,0
tt0158493,0,0
tt0158583,0,0
tt0158607,0,0
tt0158609,0,0
tt0158618,NF,NF
tt0158622,83000000,59468275
tt0158708,0,0
tt0158792,0,0
tt0158811,24000000,16290976
tt0158937,0,0
tt0158962,0,0
tt0158983,21000000,0
tt0159037,0,0
tt0159097,6000000,10409377
tt0159099,0,0
tt0159103,0,0
tt0159233,NF,NF
tt0159270,0,0
tt0159272,0,0
tt0159273,40000000,91753202
tt0159365,79000000,173013509
tt0159371,NF,NF
tt0159373,0,0
tt0159379,0,0
tt0159396,0,0
tt0159421,0,0
tt0159446,0,0
tt0159472,0,0
tt0159542,NF,NF
tt0159568,0,0
tt0159603,500000,0
tt0159693,0,0
tt0159696,0,0
tt0159730,0,0
tt0159752,0,0
tt0159784,0,0
tt0159797,0,0
tt0159798,NF,NF
tt0159995,0,0
tt0160009,40000000,30199105
tt0160016,0,0
tt0160127,92000000,264105545
tt0160139,0,0
tt0160182,0,0
tt0160184,55000000,6416302
tt0160216,0,0
tt0160236,70000000,0
tt0160278,0,0
tt0160289,0,0
tt0160298,0,9016377
tt0160338,2600000,614202
tt0160393,0,0
tt0160399,40000000,0
tt0160401,7000000,14011454
tt0160403,0,0
tt0160429,25000000,12000000
tt0160434,0,0
tt0160459,0,0
tt0160484,0,0
tt0160495,0,0
tt0160498,NF,NF
tt0160508,0,0
tt0160509,0,0
tt0160513,0,0
tt0160518,0,0
tt0160574,0,0
tt0160611,0,0
tt0160616,800000,0
tt0160620,0,0
tt0160644,0,0
tt0160652,0,0
tt0160663,0,0
tt0160672,0,0
tt0160710,0,0
tt0160797,60000000,71000000
tt0160859,0,0
tt0160862,10000000,103166989
tt0160905,0,0
tt0160916,0,0
tt0161023,312000,1281176
tt0161029,0,0
tt0161061,0,0
tt0161081,100000000,155464351
tt0161083,0,0
tt0161084,0,0
tt0161088,0,0
tt0161100,6000000,25059640
tt0161216,0,0
tt0161220,0,0
tt0161446,0,0
tt0161485,0,0
tt0161492,0,0
tt0161505,0,0
tt0161743,0,0
tt0161860,0,0
tt0161942,5000000,206626
tt0161970,0,0
tt0161989,NF,NF
tt0162024,0,0
tt0162030,0,0
tt0162035,0,0
tt0162104,0,0
tt0162211,0,0
tt0162212,0,0
tt0162222,90000000,429632142
tt0162236,3000000,0
tt0162346,0,0
tt0162348,0,0
tt0162360,1700000,1943649
tt0162650,46000000,107196498
tt0162661,100000000,206071502
tt0162662,0,0
tt0162677,0,0
tt0162695,NF,NF
tt0162710,450,2
tt0162711,0,0
tt0162735,0,0
tt0162766,0,0
tt0162830,0,0
tt0162838,0,0
tt0162866,0,0
tt0162903,0,0
tt0162945,0,0
tt0162958,0,0
tt0162973,0,0
tt0162983,40000000,36037909
tt0162999,0,0
tt0163025,93000000,368780809
tt0163125,0,0
tt0163187,70000000,309457509
tt0163246,NF,NF
tt0163318,0,0
tt0163337,0,0
tt0163579,70000000,11263966
tt0163651,11000000,235483004
tt0163676,15000000,5217498
tt0163745,1000000,0
tt0163815,0,0
tt0163818,0,0
tt0163887,0,0
tt0163978,40000000,144056873
tt0163983,40000000,0
tt0163984,7300,13674
tt0163988,32000000,0
tt0164003,0,0
tt0164016,0,0
tt0164052,90000000,73209340
tt0164082,NF,NF
tt0164085,8000000,1997807
tt0164108,0,0
tt0164114,8000000,17843379
tt0164181,12000000,21133087
tt0164184,68000000,193921372
tt0164212,25000000,260562
tt0164221,0,0
tt0164334,60000000,105178561
tt0164336,0,0
tt0164419,0,0
tt0164530,NF,NF
tt0164756,0,0
tt0164802,0,0
tt0164810,0,0
tt0164877,0,0
tt0164912,133000000,300135367
tt0164917,0,0
tt0164961,0,0
tt0164962,0,0
tt0164993,21000000,0
tt0165098,0,0
tt0165107,0,0
tt0165196,0,0
tt0165303,0,0
tt0165306,0,0
tt0165361,14000000,0
tt0165384,0,0
tt0165396,0,0
tt0165400,0,0
tt0165409,0,0
tt0165454,0,0
tt0165461,350,0
tt0165477,10000000,0
tt0165484,NF,NF
tt0165494,3500000,9247881
tt0165499,0,0
tt0165543,0,0
tt0165643,10000000,5241315
tt0165662,0,0
tt0165710,34000000,4217115
tt0165773,0,0
tt0165798,0,0
tt0165800,0,0
tt0165831,0,0
tt0165832,7000000,0
tt0165846,0,0
tt0165854,10000000,3193102
tt0165859,0,0
tt0165866,0,0
tt0165874,0,0
tt0165895,0,0
tt0165905,0,0
tt0165928,0,0
tt0165929,25000000,91036760
tt0165982,60000000,26288320
tt0165986,0,0
tt0165994,0,0
tt0166013,0,0
tt0166090,0,0
tt0166110,10000000,7316658
tt0166175,3800000,28200000
tt0166192,0,0
tt0166195,0,6033999
tt0166219,0,0
tt0166247,0,0
tt0166252,0,0
tt0166276,75000000,5409517
tt0166321,0,0
tt0166379,0,0
tt0166396,0,0
tt0166485,75000000,0
tt0166601,0,0
tt0166681,0,0
tt0166699,0,0
tt0166797,NF,NF
tt0166813,80000000,122563539
tt0166896,10000000,0
tt0166924,15000000,20117339
tt0166943,27000000,14859394
tt0166960,0,0
tt0166973,0,0
tt0166992,0,0
tt0167038,0,0
tt0167049,0,0
tt0167064,0,0
tt0167116,0,0
tt0167117,0,0
tt0167146,0,0
tt0167150,0,0
tt0167190,66000000,99318987
tt0167194,0,0
tt0167203,34000000,0
tt0167207,1300000,0
tt0167215,0,0
tt0167247,0,0
tt0167249,0,0
tt0167250,0,0
tt0167260,94000000,1118888979
tt0167261,79000000,926287400
tt0167284,0,0
tt0167299,NF,NF
tt0167350,2500000,0
tt0167360,0,0
